Date,ISIN,SECURITY_NAME,Maturity,RESIDUAL_NS,SIGNAL,Z_Residual_Score,Volatility_Score,Cluster_Score,Regression_Score,COMPOSITE_SCORE,Z_SPRD_VAL,Top_Features,Top_Feature_Effects_Pct
2026-06-08,IT0001278511,BTPS 5 1/4 11/01/29,2029-11-01,-3.6397733931780127,STRONG SELL,-1.603036978831682,0.9397786465522393,-1.6778955732165677,1.1966792685382472,-1.5011928838902866,11.371,"['Issue_Age', 'Cpn', 'AMT_OUTSTANDING']","[0.5076587988652067, 0.28366139664434886, 0.1504929444277884]"
2026-06-08,IT0001444378,BTPS 6 05/01/31,2031-05-01,-1.713225957500807,WEAK SELL,-0.5566039355781334,0.975984390266919,-1.1744641388171322,1.4180122443931606,-0.809490112152565,28.974,"['Issue_Age', 'Cpn', 'AMT_OUTSTANDING']","[0.4427009789340189, 0.35847517869203976, 0.15735546308596574]"
2026-06-08,IT0003256820,BTPS 5 3/4 02/01/33,2033-02-01,1.3460430346373542,WEAK BUY,0.7354460746372968,0.9739202990167747,1.0083351665341098,1.592442843672941,1.1305216588016322,48.185,"['Issue_Age', 'Cpn', 'AMT_OUTSTANDING']","[0.4934710977139756, 0.3767108143458993, 0.10152539839883497]"
2026-06-08,IT0003535157,BTPS 5 08/01/34,2034-08-01,1.9950913668121475,NO ACTION,-0.24217251500499484,0.9761523292869421,-0.5582404416959471,1.5388256360256378,-0.46379788405793726,60.842,"['Issue_Age', 'Cpn', 'AMT_OUTSTANDING']","[0.5352527098913017, 0.28875435130186056, 0.1436502506072769]"
2026-06-08,IT0003934657,BTPS 4 02/01/37,2037-02-01,-2.498068888178082,WEAK SELL,-0.6234967449830776,0.977891231961704,-1.1414761748361202,1.4488330317245923,-0.8353894628175723,73.375,"['Issue_Age', 'AMT_OUTSTANDING', 'Cpn']","[0.5615250560541262, 0.25863402577770767, 0.14070060020259748]"
2026-06-08,IT0004286966,BTPS 5 08/01/39,2039-08-01,-1.5882376883476468,NO ACTION,-0.1655857465642045,0.9763865790442875,-0.41154160436019765,1.0593554935334568,-0.38062394409769185,87.948,"['Issue_Age', 'Cpn', 'AMT_OUTSTANDING']","[0.4807186958851228, 0.3139702858687375, 0.1367513482420085]"
2026-06-08,IT0004532559,BTPS 5 09/01/40,2040-09-01,-3.185504148395495,WEAK SELL,-0.9694775889167209,0.9703812347583237,-1.1248099533519291,0.9841746459366779,-1.0113189253221302,91.423,"['Issue_Age', 'Cpn', 'AMT_OUTSTANDING']","[0.4607286833967385, 0.33774820702018044, 0.12728462217582215]"
2026-06-08,IT0004889033,BTPS 4 3/4 09/01/28,2028-09-01,-1.0270361222846385,NO ACTION,-0.5220448527605417,0.962473311668574,-0.6285961739259626,0.17400899007691387,-0.6292946455034708,0.375,"['Issue_Age', 'Cpn', 'AMT_OUTSTANDING']","[0.3811521109238917, 0.31082008218682056, 0.17259311096641858]"
2026-06-08,IT0004923998,BTPS 4 3/4 09/01/44,2044-09-01,-4.245975837070773,MODERATE SELL,-1.503204779022695,0.9787946239237628,-1.172413668654215,1.2771017438489591,-1.3076653139946277,105.207,"['Issue_Age', 'Cpn', 'YAS_RISK']","[0.4472974728955984, 0.37718652629099364, 0.12340388673987068]"
2026-06-08,IT0005024234,BTPS 3 1/2 03/01/30,2030-03-01,-3.156111856440054,MODERATE SELL,-1.340328983990391,0.9419562994671725,-1.5388408886481735,0.1725854041590172,-1.322622933974166,15.464,"['Issue_Age', 'AMT_OUTSTANDING', 'Cpn']","[0.4523689626007917, 0.3278901426396748, 0.08419866766690746]"
2026-06-08,IT0005083057,BTPS 3 1/4 09/01/46,2046-09-01,-3.2065061277699414,NO ACTION,-0.6886908906088396,0.985798768488331,-0.4526002189024521,1.1413556973764931,-0.6696401970056169,111.778,"['Issue_Age', 'YAS_RISK', 'REL_SPRD_LOG']","[0.6559473537061626, 0.1714754994787202, 0.11021139719801556]"
2026-06-08,IT0005094088,BTPS 1.65 03/01/32,2032-03-01,-1.4418237824762483,WEAK SELL,-0.8312137841376394,0.973859816251071,-0.9678915727242003,1.1731342822496371,-0.8932594425972912,37.209,"['Issue_Age', 'Cpn', 'AMT_OUTSTANDING']","[0.424913770705112, 0.33742212175742897, 0.1776987668887728]"
2026-06-08,IT0005162828,BTPS 2.7 03/01/47,2047-03-01,-4.076834833228034,WEAK SELL,-0.8558781631723845,0.968146755846899,-0.6757897951956653,0.22575811836645177,-0.8198180953376935,112.115,"['Issue_Age', 'Cpn', 'YAS_RISK']","[0.5542082564964134, 0.16352386953833892, 0.15074207052924532]"
2026-06-08,IT0005177909,BTPS 2 1/4 09/01/36,2036-09-01,-0.9912114559519978,NO ACTION,0.1348929336673597,0.9812097037604736,0.32861250940770415,1.3520108416671368,0.5747105858542281,72.282,"['Issue_Age', 'Cpn', 'YAS_RISK']","[0.5768167496495452, 0.3406911115631, 0.03603831538146196]"
2026-06-08,IT0005217390,BTPS 2.8 03/01/67,2067-03-01,5.1963692025222485,WEAK BUY,0.9254737340356056,0.9574450100002251,1.0242304112370437,-0.2585151416686326,0.9528923792059751,137.989,"['REL_SPRD_LOG', 'Issue_Age', 'AMT_OUTSTANDING']","[0.4514747563849184, 0.21237950847408116, 0.168040144367319]"
2026-06-08,IT0005240350,BTPS 2.45 09/01/33,2033-09-01,-1.4784648478218188,STRONG SELL,-2.426442208093382,0.9974898314086115,-1.6213025967200527,0.7671612452318483,-1.9282018248909334,50.201,"['Issue_Age', 'Cpn', 'AMT_OUTSTANDING']","[0.4754647479942931, 0.25637783575342266, 0.17752672902248282]"
2026-06-08,IT0005273013,BTPS 3.45 03/01/48,2048-03-01,-3.272047343459548,NO ACTION,-0.7012811418816353,0.9397432031710911,-0.46060525441848094,-0.5041189657176145,-0.758981988887877,115.179,"['Issue_Age', 'YAS_RISK', 'Cpn']","[0.4674750955148411, 0.22338951296904824, 0.12247801109296222]"
2026-06-08,IT0005321325,BTPS 2.95 09/01/38,2038-09-01,-1.675608861152,NO ACTION,-0.2095589813569062,0.9828038879229126,-0.5273849666843687,-0.5616480216035975,-0.5373229218766161,83.195,"['Issue_Age', 'REL_SPRD_LOG', 'YAS_RISK']","[0.5655668647855181, 0.12213002572874777, 0.12130024727840828]"
2026-06-08,IT0005323032,BTPS 2 02/01/28,2028-02-01,-0.8521581909565796,NO ACTION,-0.44551391605171137,0.9436514068275882,-0.7808722901048468,-0.940074041582731,-0.7951871305637703,-6.744,"['Cpn', 'Issue_Age', 'AMT_OUTSTANDING']","[0.3198729113206838, 0.2912173746044324, 0.16932228097285668]"
2026-06-08,IT0005340929,BTPS 2.8 12/01/28,2028-12-01,-4.457509783055091,STRONG SELL,-2.023305535683598,0.9494567561777754,-1.7108507296749729,-1.602297861451655,-2.014898640584259,-0.041,"['Issue_Age', 'AMT_OUTSTANDING', 'YAS_RISK']","[0.33219276417956506, 0.24602798747968121, 0.1521704564319329]"
2026-06-08,IT0005358806,BTPS 3.35 03/01/35,2035-03-01,0.447415487796114,MODERATE SELL,-1.2153945699746407,0.9698465246210423,-1.3842518421255188,0.0855690932006251,-1.2165444582006957,63.567,"['AMT_OUTSTANDING', 'Issue_Age', 'Cpn']","[0.3826914493836937, 0.3721302976638185, 0.10306321168148493]"
2026-06-08,IT0005363111,BTPS 3.85 09/01/49,2049-09-01,-2.605781921646283,WEAK SELL,-0.5732937527747467,0.9871329729321173,-0.426715083565785,-1.7001758340226645,-0.8998793445291285,118.811,"['REL_SPRD_LOG', 'Cpn', 'Issue_Age']","[0.2693606547556067, 0.23324758748021496, 0.22038971143236646]"
2026-06-08,IT0005365165,BTPS 3 08/01/29,2029-08-01,-3.7593727927584446,STRONG SELL,-1.6679991808291927,0.9624688877695082,-1.3120752923908325,-0.9797072089874135,-1.6042923681749508,8.419,"['Issue_Age', 'AMT_OUTSTANDING', 'YAS_RISK']","[0.3153199957229099, 0.3042079128002686, 0.15789095016328408]"
2026-06-08,IT0005377152,BTPS 3.1 03/01/40,2040-03-01,-2.4312025276976925,NO ACTION,-0.5898434234725404,0.9879351607884518,-0.38939652660069174,0.4870398784439521,-0.5994994453878345,89.888,"['AMT_OUTSTANDING', 'Issue_Age', 'YAS_RISK']","[0.37846500667191785, 0.34183624851837197, 0.1679089706109135]"
2026-06-08,IT0005383309,BTPS 1.35 04/01/30,2030-04-01,-3.5811162121317004,MODERATE SELL,-1.5711764539703306,0.9586374817318851,-1.3337282573112386,-0.061349991468375366,-1.397847513283903,15.956,"['Cpn', 'AMT_OUTSTANDING', 'Issue_Age']","[0.472830677606058, 0.21951958914278524, 0.15443709622884375]"
2026-06-08,IT0005398406,BTPS 2.45 09/01/50,2050-09-01,-1.0030275865950244,NO ACTION,-0.2654099334934112,0.9729084018283206,-0.1957665281760931,-2.1391118518000813,-0.7447951637033351,122.129,"['Cpn', 'REL_SPRD_LOG', 'YAS_RISK']","[0.27790455776196116, 0.2245057215215867, 0.1874324549864386]"
2026-06-08,IT0005403396,BTPS 0.95 08/01/30,2030-08-01,-2.1256308575324496,NO ACTION,-0.7806078228434841,0.9819905016062187,-0.7172913112931099,0.817901803111448,-0.7947622413618932,20.96,"['Cpn', 'Issue_Age', 'YAS_RISK']","[0.6895903392883819, 0.13528562593271934, 0.08832605723968923]"
2026-06-08,IT0005413171,BTPS 1.65 12/01/30,2030-12-01,-1.5686493684018463,NO ACTION,-0.4780749996628527,0.9825300896015117,-0.7132559860124886,-0.37140131933053033,-0.6995937930413818,24.971,"['Cpn', 'AMT_OUTSTANDING', 'Issue_Age']","[0.49121190521571556, 0.2264078411679433, 0.10574775724407985]"
2026-06-08,IT0005421703,BTPS 1.8 03/01/41,2041-03-01,-2.4357104755602847,WEAK SELL,-0.5921122387285621,0.9757054490406901,-0.6471816354826443,-0.7790783936635051,-0.8106341675778553,94.325,"['Cpn', 'REL_SPRD_LOG', 'YAS_RISK']","[0.5731937853628051, 0.11799840345868362, 0.10138125303941418]"
2026-06-08,IT0005422891,BTPS 0.9 04/01/31,2031-04-01,-1.8072497099566007,NO ACTION,-0.6076743424616521,0.9696203760895229,-0.5785811057120859,0.22618489848099924,-0.6609968829652701,28.067,"['Cpn', 'AMT_OUTSTANDING', 'REL_SPRD_LOG']","[0.5670442082343524, 0.23996097235695818, 0.061501252990747705]"
2026-06-08,IT0005425233,BTPS 1.7 09/01/51,2051-09-01,-1.6384053562093186,NO ACTION,-0.3874639065304262,0.9498852293071692,-1.020974144301801,0.2846712610345951,-0.6709904562086605,123.022,"['REL_SPRD_LOG', 'Cpn', 'YAS_RISK']","[0.387856807493563, 0.3830786147022369, 0.10198880373805977]"
2026-06-08,IT0005433195,BTPS 0.95 03/01/37,2037-03-01,-0.5917857705750578,NO ACTION,0.3359207885256943,0.9838739881053238,0.853549274875815,0.8769419223304706,0.7511520579102956,75.747,"['Cpn', 'AMT_OUTSTANDING', 'Issue_Age']","[0.8176704234719764, 0.053144304810723665, 0.04684691477590457]"
2026-06-08,IT0005433690,BTPS 0 1/4 03/15/28,2028-03-15,-0.2899672577025196,NO ACTION,-0.19948516671550812,0.9158968933977109,-0.24542071364129642,1.1977443658743516,-0.3392742854577092,-4.682,"['Cpn', 'YAS_RISK', 'REL_SPRD_LOG']","[0.7343844627267513, 0.1223504201246078, 0.08515870966774784]"
2026-06-08,IT0005436693,BTPS 0.6 08/01/31,2031-08-01,-2.164746667558504,WEAK SELL,-1.2374649931608661,0.9648838734082669,-0.9618877960871787,0.5804496177899449,-1.10377555306202,30.982,"['Cpn', 'AMT_OUTSTANDING', 'REL_SPRD_LOG']","[0.7363140220858807, 0.09022159940830346, 0.06873034882674942]"
2026-06-08,IT0005438004,BTPS 1 1/2 04/30/45,2045-04-30,-5.36407959460395,STRONG SELL,-2.065937743163,0.9673688035055154,-1.6883283654054901,0.5874980652492671,-1.7527514989643793,106.038,"['GREEN_BOND_LOAN_INDICATOR', 'Cpn', 'AMT_OUTSTANDING']","[0.6252360127819244, 0.18411371602804344, 0.08644864899740047]"
2026-06-08,IT0005441883,BTPS 2.15 03/01/2072,2072-03-01,-8.053051935311103,MODERATE SELL,-1.6196963484727205,0.9503417394359057,-1.5241431185203829,0.4756305980521819,-1.46685241154389,123.896,"['REL_SPRD_LOG', 'AMT_OUTSTANDING', 'Cpn']","[0.5198658930659751, 0.21735764837290983, 0.15012487949955008]"
2026-06-08,IT0005445306,BTPS 0 1/2 07/15/28,2028-07-15,-2.426725331060009,WEAK SELL,-1.1345836987734899,0.9711726295607804,-0.9844921791631781,0.7872400236674,-1.0573336660644872,-2.639,"['Cpn', 'AMT_OUTSTANDING', 'YAS_RISK']","[0.6758275301907017, 0.1186158061064675, 0.11644263556983696]"
2026-06-08,IT0005449969,BTPS 0.95 12/01/31,2031-12-01,-1.710368078114513,WEAK SELL,-0.9821239946601941,0.9651470297822379,-0.7582186957449374,0.6988406064149014,-0.9098518081733309,34.621,"['Cpn', 'AMT_OUTSTANDING', 'YAS_RISK']","[0.7652583239486416, 0.07103896819192951, 0.06791139202395714]"
2026-06-08,IT0005466013,BTPS 0.95 06/01/32,2032-06-01,-1.9001389460589733,WEAK SELL,-1.0887669660347303,0.9759802545751587,-0.9937274967769572,0.5060842038829965,-1.036760502240593,39.048,"['Cpn', 'AMT_OUTSTANDING', 'Issue_Age']","[0.6821229133093022, 0.15541711160974997, 0.052108722130463206]"
2026-06-08,IT0005467482,BTPS 0.45 02/15/29,2029-02-15,-2.6015948469657983,WEAK SELL,-1.2111109526840151,0.973332899194141,-0.9106424457755515,0.2285768333053798,-1.0763993815960495,4.287,"['Cpn', 'YAS_RISK', 'AMT_OUTSTANDING']","[0.6931736246964612, 0.1059411408265364, 0.06957234387666647]"
2026-06-08,IT0005480980,BTPS 2.15 09/01/52,2052-09-01,0.1993915405221002,NO ACTION,-0.034429186701726365,0.9643333980835128,-0.06729226964835197,-0.5732386789752352,-0.3093799521824255,126.219,"['AMT_OUTSTANDING', 'Cpn', 'REL_SPRD_LOG']","[0.3612513757057093, 0.25656918240701027, 0.19030107442961777]"
2026-06-08,IT0005494239,BTPS 2 1/2 12/01/32,2032-12-01,-1.5318501328015586,WEAK SELL,-0.8818046762207478,0.9866191254955551,-0.7244597549826683,-0.3662163909028039,-0.9151974148368724,43.847,"['Cpn', 'AMT_OUTSTANDING', 'Issue_Age']","[0.3460118676057559, 0.31091249801933935, 0.1668347837838571]"
2026-06-08,IT0005495731,BTPS 2.8 06/15/29,2029-06-15,-0.7951555993227952,NO ACTION,-0.05794029458068501,0.9442894595263057,-0.1467848969243267,-2.9069796471633205,-0.7509721611259973,9.914,"['YAS_RISK', 'Cpn', 'AMT_OUTSTANDING']","[0.2250004841997851, 0.2140103461508422, 0.19283068234498457]"
2026-06-08,IT0005496770,BTPS 3 1/4 03/01/38,2038-03-01,0.3201072654010062,NO ACTION,0.7948694931126973,0.9796287462266199,0.5944026538056854,-0.9165032916909519,0.7623374913277113,82.455,"['Issue_Age', 'YAS_RISK', 'AMT_OUTSTANDING']","[0.3303625344459698, 0.23204952402079546, 0.2197809350819966]"
2026-06-08,IT0005508590,BTPS 4 04/30/35,2035-04-30,0.7156231048225976,WEAK SELL,-1.0467380885109774,0.9785244647463385,-1.3708499691406917,0.9214473977769791,-1.1253687077243097,65.007,"['GREEN_BOND_LOAN_INDICATOR', 'Cpn', 'AMT_OUTSTANDING']","[0.733222183017871, 0.10520161080126678, 0.08259958931794564]"
2026-06-08,IT0005518128,BTPS 4.4 05/01/33,2033-05-01,0.7975643036093416,NO ACTION,0.42722489060561075,0.9636184714281831,0.32295321175805264,0.05162271416243047,0.49567907042802994,49.697,"['Cpn', 'Issue_Age', 'AMT_OUTSTANDING']","[0.531343710256585, 0.1807643064686816, 0.14321278777805344]"
2026-06-08,IT0005519787,BTPS 3.85 12/15/29,2029-12-15,-0.2842827817295372,NO ACTION,0.21954791428955825,0.9299019947821942,0.26152112567705277,-1.846345167328324,0.35342080617902033,16.061,"['Cpn', 'AMT_OUTSTANDING', 'Issue_Age']","[0.2770854605089984, 0.2517971942704408, 0.18307433592658992]"
2026-06-08,IT0005521981,BTPS 3.4 04/01/28,2028-04-01,2.012937803656043,NO ACTION,0.8083234238759297,0.9241359834830728,0.681949527881599,-1.1529991909767259,0.7852846957219602,-1.79,"['YAS_RISK', 'Issue_Age', 'REL_SPRD_LOG']","[0.286166056529815, 0.2805366972739401, 0.19762642107890893]"
2026-06-08,IT0005530032,BTPS 4.45 09/01/43,2043-09-01,-0.3357963231500633,NO ACTION,0.46475829539171637,0.979362555811445,1.0791994153645288,-0.6067612740720374,0.7302969436230233,105.907,"['Cpn', 'AMT_OUTSTANDING', 'YAS_RISK']","[0.4214010497370019, 0.19940264352939271, 0.1847857957511086]"
2026-06-08,IT0005534141,BTPS 4 1/2 10/01/53,2053-10-01,5.885967592061576,WEAK BUY,1.0579433092527184,0.9681129249818397,1.4889489689606021,-1.0498691534018325,1.1603968654678893,133.193,"['Cpn', 'YAS_RISK', 'AMT_OUTSTANDING']","[0.35593613173096916, 0.23801286539306554, 0.17817014915276147]"
2026-06-08,IT0005542359,BTPS 4 10/30/31,2031-10-30,-1.7524401441489346,WEAK SELL,-1.005766665331277,0.9892973177767653,-1.3783792955789238,0.30357487897626634,-1.1078938503116627,33.752,"['GREEN_BOND_LOAN_INDICATOR', 'AMT_OUTSTANDING', 'Cpn']","[0.677043665385957, 0.1015992591405005, 0.09570919425485977]"
2026-06-08,IT0005542797,BTPS 3.7 06/15/30,2030-06-15,0.8531044704955519,WEAK BUY,0.837336805267642,0.9714935592086098,1.0724410657075538,-1.7746761201938857,0.9230616251469657,22.583,"['Issue_Age', 'Cpn', 'AMT_OUTSTANDING']","[0.27873511468709117, 0.2503854563552195, 0.18824997172042687]"
2026-06-08,IT0005544082,BTPS 4.35 11/01/33,2033-11-01,2.510392502391454,NO ACTION,0.08186330987038214,0.9835249501029268,0.4178161633752547,0.6037609185628958,0.44199861411412417,55.54,"['Cpn', 'Issue_Age', 'REL_SPRD_LOG']","[0.5362308078349745, 0.26142851240102655, 0.0993674791358231]"
2026-06-08,IT0005548315,BTPS 3.8 08/01/28,2028-08-01,1.2576080257236344,NO ACTION,0.47777230750436284,0.967992701845829,0.8825675286214194,-1.5269953242628307,0.6776495306921911,1.619,"['Cpn', 'Issue_Age', 'YAS_RISK']","[0.26961832458668, 0.26825449208634533, 0.19820640069654205]"
2026-06-08,IT0005560948,BTPS 4.2 03/01/34,2034-03-01,3.2785511733820627,WEAK BUY,0.5649030538247343,0.9850584724632289,0.8799183211709303,0.5360355170659779,0.81978869925328,58.91,"['Cpn', 'Issue_Age', 'REL_SPRD_LOG']","[0.4529964303140064, 0.3033336817060679, 0.1355810202510374]"
2026-06-08,IT0005561888,BTPS 4 11/15/30,2030-11-15,1.1190337593535276,WEAK BUY,0.9817802743857982,0.9722470057009258,0.9200829307221526,-0.9838231445983102,0.9546720148907727,27.211,"['Cpn', 'Issue_Age', 'YAS_RISK']","[0.35919617621755734, 0.3085660948856407, 0.10934568863061267]"
2026-06-08,IT0005566408,BTPS 4.1 02/01/29,2029-02-01,0.9917090117760016,NO ACTION,0.3614082788769174,0.9805879667397663,0.7983096086868251,-1.197216887228404,0.5939662956276386,7.428,"['Cpn', 'Issue_Age', 'YAS_RISK']","[0.3415332683577705, 0.2654754169126533, 0.1539804870580392]"
2026-06-08,IT0005580094,BTPS 3 1/2 02/15/31,2031-02-15,1.0154325013070924,WEAK BUY,0.9255077021486555,0.9780599139529544,1.2016698972552484,-0.3158608151232512,1.008417684443119,29.66,"['Issue_Age', 'Cpn', 'REL_SPRD_LOG']","[0.48324809984727, 0.18769890189298, 0.15661577757209402]"
2026-06-08,IT0005582421,BTPS 4.15 10/01/39,2039-10-01,0.364859819984261,WEAK BUY,0.8173931073334808,0.9599723218933409,1.164597396709705,-0.4526446859865546,0.9374920176278594,90.713,"['Cpn', 'Issue_Age', 'YAS_RISK']","[0.36648419863812765, 0.31252171676303425, 0.13822483585941303]"
2026-06-08,IT0005584849,BTPS 3.35 07/01/29,2029-07-01,0.8639838593382869,WEAK BUY,0.8432461079739311,0.9414275777894994,1.2246023555573144,0.14823152232392015,0.9914038936756173,12.075,"['Issue_Age', 'YAS_RISK', 'REL_SPRD_LOG']","[0.4990314918533301, 0.21142565588566192, 0.15216104431208957]"
2026-06-08,IT0005584856,BTPS 3.85 07/01/34,2034-07-01,3.78551283531592,WEAK BUY,0.8836947834805431,0.9905894056407816,1.1651715283553221,0.8579582389586069,1.1284730458530217,61.99,"['Issue_Age', 'Cpn', 'REL_SPRD_LOG']","[0.44290412222865294, 0.34385784290890004, 0.12946573729716013]"
2026-06-08,IT0005595803,BTPS 3.45 07/15/31,2031-07-15,0.7799389734261624,NO ACTION,0.4173202218724645,0.9796626359996556,0.921756114375093,-0.19110559346104286,0.6593360499437471,33.476,"['Issue_Age', 'Cpn', 'REL_SPRD_LOG']","[0.5572676968992812, 0.16161636083447292, 0.11810216048029169]"
2026-06-08,IT0005596470,BTPS 4.05 10/30/37,2037-10-30,-0.547332418423494,NO ACTION,0.3582938164792115,0.9654278956713993,0.3692774336786784,0.3900749973066523,0.5326449388769318,79.706,"['GREEN_BOND_LOAN_INDICATOR', 'Issue_Age', 'Cpn']","[0.6772157231145933, 0.10510284938124201, 0.09856736963344119]"
2026-06-08,IT0005607970,BTPS 3.85 02/01/35,2035-02-01,3.3528372646865563,NO ACTION,0.611616234158711,0.9821272744700276,0.8555505337548222,-0.33134775568979,0.7426829834533268,65.92,"['Issue_Age', 'Cpn', 'REL_SPRD_LOG']","[0.42545948571229114, 0.2834877209444776, 0.11744575999155528]"
2026-06-08,IT0005611055,BTPS 3 10/01/29,2029-10-01,0.4252337579686198,NO ACTION,0.6049324307180807,0.9673958976711918,0.9751749630594123,-0.775075493334944,0.7715627454875649,14.488,"['Issue_Age', 'YAS_RISK', 'REL_SPRD_LOG']","[0.4892710363670066, 0.16116151640135976, 0.14244324987690454]"
2026-06-08,IT0005611741,BTPS 4.3 10/01/54,2054-10-01,6.87183895703933,MODERATE BUY,1.247325945462994,0.9738881883191913,1.4161736819383441,-1.2661921742745812,1.2398170984162202,135.216,"['Cpn', 'Issue_Age', 'YAS_RISK']","[0.27801411056403996, 0.253406003054966, 0.2243589809704513]"
2026-06-08,IT0005619546,BTPS 3.15 11/15/31,2031-11-15,0.5183560088315389,NO ACTION,0.2703219765280052,0.9766773887758936,0.7818320304576224,0.3584791602438923,0.603414487623365,36.437,"['Issue_Age', 'AMT_OUTSTANDING', 'YAS_RISK']","[0.6183624199333282, 0.1638554436552817, 0.09628147350608764]"
2026-06-08,IT0005631590,BTPS 3.65 08/01/35,2035-08-01,3.484209730708443,WEAK BUY,0.6942269300296945,0.976534433840772,0.8555341299935187,0.2810958615566769,0.8345044062897935,69.56,"['Issue_Age', 'Cpn', 'AMT_OUTSTANDING']","[0.5149064410886302, 0.20634952147910873, 0.15139819404092206]"
2026-06-08,IT0005631608,BTPS 4.1 04/30/46,2046-04-30,-2.2553222264530604,NO ACTION,-0.5013242296263066,0.994616018619847,-0.33380417954368014,-0.39112331827816577,-0.6064465168536904,111.866,"['GREEN_BOND_LOAN_INDICATOR', 'AMT_OUTSTANDING', 'Issue_Age']","[0.5812908299786832, 0.13096438040892971, 0.10962258363417691]"
2026-06-08,IT0005635583,BTPS 3.85 10/01/40,2040-10-01,0.3630354652300838,WEAK BUY,0.8164749237109459,0.9698432527184941,1.098162163431187,-0.2547229162918047,0.9193124163013471,95.335,"['Issue_Age', 'Cpn', 'YAS_RISK']","[0.43952634719886774, 0.24585502539712287, 0.1467994839923211]"
2026-06-08,IT0005637399,BTPS 2.95 07/01/30,2030-07-01,0.5889949532797694,NO ACTION,0.693881772324117,0.9647110356385881,0.8757025545159726,-0.4846930174277787,0.7888241122429118,22.782,"['Issue_Age', 'YAS_RISK', 'REL_SPRD_LOG']","[0.5713964236119573, 0.13283240234866744, 0.1105811409094131]"
2026-06-08,IT0005641029,BTPS 2.65 06/15/28,2028-06-15,2.502822172819084,WEAK BUY,1.0227090205395297,0.9651063496436603,1.1826661397853315,-1.3569647262856648,1.051753219079159,1.273,"['Issue_Age', 'Cpn', 'YAS_RISK']","[0.4292846064363272, 0.1612473004118869, 0.15839064429215147]"
2026-06-08,IT0005647265,BTPS 3 1/4 07/15/32,2032-07-15,2.1678198632980923,MODERATE BUY,1.1972488990875312,0.960694945514656,1.312912004533833,0.11059632430099664,1.2003499392870707,44.198,"['Issue_Age', 'REL_SPRD_LOG', 'AMT_OUTSTANDING']","[0.6848463841514629, 0.09196436694546219, 0.08296465021243714]"
2026-06-08,IT0005648149,BTPS 3.6 10/01/35,2035-10-01,3.4915250362020487,NO ACTION,0.6988269995544221,0.9829198093369579,0.848398493826567,-0.17944608338242157,0.7866374310454483,70.717,"['Issue_Age', 'Cpn', 'AMT_OUTSTANDING']","[0.5585659839857197, 0.18350051367140435, 0.09580042662586023]"
2026-06-08,IT0005654642,BTPS 2.7 10/01/30,2030-10-01,1.0236906565189727,WEAK BUY,0.9299932426186157,0.9765232703575479,0.9694336466032443,0.26753038497693554,0.9895360454830029,25.848,"['Issue_Age', 'Cpn', 'YAS_RISK']","[0.5742623563580952, 0.1831474839234861, 0.11421964226519705]"
2026-06-08,IT0005660052,BTPS 2.35 01/15/29,2029-01-15,1.5407997121557797,NO ACTION,0.6017040401490529,0.9663186601432563,0.7965626081080196,-1.0423343208011269,0.7174410812906258,7.426,"['Issue_Age', 'Cpn', 'YAS_RISK']","[0.4230169906197821, 0.22470749718838753, 0.1249638052642578]"
2026-06-08,IT0005668220,BTPS 3 1/4 11/15/32,2032-11-15,2.326283402499662,MODERATE BUY,1.2862985138046148,0.9747756561384252,1.208936763512627,0.6416214373421136,1.312464565713498,47.325,"['Issue_Age', 'REL_SPRD_LOG', 'YAS_RISK']","[0.7344840016629239, 0.11448210337597857, 0.05092050477411275]"
2026-06-08,IT0005668238,BTPS 4.65 10/01/55,2055-10-01,10.24552725123317,STRONG BUY,1.8954003348845725,0.958586447165591,1.3410198495271024,-1.2945617767491817,1.556294514004958,139.492,"['AMT_OUTSTANDING', 'Cpn', 'Issue_Age']","[0.27590334337326744, 0.2514406959944958, 0.22629214519337607]"
2026-06-08,IT0005671273,BTPS 2.85 02/01/31,2031-02-01,1.441515830100343,WEAK BUY,1.1569412325003208,0.9248992532017508,1.0909773159803253,-0.5805435928885693,1.0885435032119422,29.701,"['Issue_Age', 'Cpn', 'YAS_RISK']","[0.5901499737092023, 0.11914490452549219, 0.09827497451816937]"
2026-06-08,IT0005676504,BTPS 3.45 02/01/36,2036-02-01,3.2323467519192093,NO ACTION,0.5358484160840786,0.9704442540754572,0.6519962597417042,-0.3086769624083702,0.641222326716373,72.727,"['Issue_Age', 'AMT_OUTSTANDING', 'Cpn']","[0.5840037540501994, 0.13582948428741898, 0.10827217635491666]"
2026-06-08,IT0005689960,BTPS 2.4 03/15/29,2029-03-15,1.3579420871260923,NO ACTION,0.5216809908048691,0.973046909014446,0.5506866299322903,-0.41695360874893855,0.6045944918306034,9.147,"['Issue_Age', 'Cpn', 'YAS_RISK']","[0.48356997561346665, 0.21317894869999904, 0.12317776769574788]"
2026-06-08,IT0005689994,BTPS 3.15 03/15/33,2033-03-15,3.050506708862798,STRONG BUY,1.693280503009931,0.9842260698194668,1.1428624129827827,1.2016104847366698,1.6072891638719335,50.867,"['Issue_Age', 'REL_SPRD_LOG', 'YAS_RISK']","[0.8028526560777866, 0.10022710238324836, 0.03910586299602233]"
2026-06-08,IT0005692410,BTPS 2.2 02/28/28,2028-02-28,4.147465896447768,MODERATE BUY,1.7424460609182029,0.8977111874849791,1.2366591201152677,-0.8130381462320422,1.4345802729693393,-0.801,"['Issue_Age', 'Cpn', 'AMT_OUTSTANDING']","[0.40374767859678196, 0.21924431386612758, 0.16701628499699525]"
2026-06-08,IT0005694630,BTPS 3.95 10/01/41,2041-10-01,0.7403872819434412,WEAK BUY,1.0063931713799557,0.9633096266578305,0.952595185625368,-0.250689524582432,0.9755676852719061,99.923,"['Issue_Age', 'Cpn', 'AMT_OUTSTANDING']","[0.4546214764540893, 0.226506386302635, 0.1513576577954159]"
2026-06-08,IT0005704868,BTPS 3.3 06/15/33,2033-06-15,3.747462484872081,WEAK BUY,0.8597676545814276,0.9659612665552223,0.6927021934159368,1.086502058660284,1.0134892402742657,53.673,"['Issue_Age', 'AMT_OUTSTANDING', 'REL_SPRD_LOG']","[0.44863084994552876, 0.4303282763280782, 0.05453173110264176]"
2026-06-08,IT0005706285,BTPS 3.8 07/01/36,2036-07-01,3.691260761529009,STRONG BUY,2.491544946232951,0.97616060210006,1.1093823361626702,-0.17694523977191595,1.805443142865639,75.884,"['Issue_Age', 'Cpn', 'AMT_OUTSTANDING']","[0.5315209966020026, 0.20203396950484492, 0.10450086046537425]"
2026-06-08,IT0005707614,BTPS 3.15 06/01/31,2031-06-01,2.0183834603071986,MODERATE BUY,1.4702755105216827,0.9613228892484421,0.9591402863853999,0.8912274132586613,1.3776943111787772,33.54,"['Issue_Age', 'AMT_OUTSTANDING', 'REL_SPRD_LOG']","[0.45789733428854035, 0.3987049962042143, 0.062138373218774946]"
2026-06-08,ES0000011868,SPGB 6 01/31/29,2029-01-31,-1.8853991401554104,MODERATE SELL,-1.484636241849555,0.9817141969044237,-1.6367707681098644,1.2801686209211085,-1.4317629436282142,-13.073,"['Issue_Age', 'Cpn', 'AMT_OUTSTANDING']","[0.6669924114292994, 0.2659154687577533, 0.0401786357095437]"
2026-06-08,ES00000120N0,SPGB 4.9 07/30/40,2040-07-30,0.4881182287828167,NO ACTION,-0.42989437782137174,0.9829112110798742,-0.5049722528286429,0.9763239876443847,-0.555941243048989,57.208,"['Issue_Age', 'Cpn', 'YAS_RISK']","[0.6948709738465844, 0.22550238025875546, 0.036627458504990454]"
2026-06-08,ES00000121S7,SPGB 4.7 07/30/41,2041-07-30,0.3012424566890175,NO ACTION,-0.5328525399464639,0.982401907044613,-0.9027760567300935,1.5320371944268922,-0.7244276162433559,60.778,"['Issue_Age', 'Cpn', 'YAS_RISK']","[0.706275738269202, 0.2316574111941377, 0.04848742830842331]"
2026-06-08,ES0000012411,SPGB 5 3/4 07/30/32,2032-07-30,-3.9585985833844974,MODERATE SELL,-1.54354857742865,0.9877702669768159,-1.6325711446765392,1.5642937242669501,-1.4622547204737208,11.566,"['Issue_Age', 'Cpn', 'AMT_OUTSTANDING']","[0.6887006850867055, 0.261147760941726, 0.03827981031068415]"
2026-06-08,ES00000124C5,SPGB 5.15 10/31/28,2028-10-31,0.954891013152162,NO ACTION,-0.0185531905706567,0.9711850752685796,-0.05308448267235876,0.8188384886224089,-0.20922865515716518,-12.437,"['Issue_Age', 'Cpn', 'YAS_RISK']","[0.5730840805503721, 0.31631306488434874, 0.05926629757379102]"
2026-06-08,ES00000124H4,SPGB 5.15 10/31/44,2044-10-31,-2.4862711986379367,STRONG SELL,-2.0686176080207086,0.9890617805616575,-1.7096287088577549,-0.030415797198700988,-1.7632536231314655,68.692,"['Issue_Age', 'Cpn', 'AMT_OUTSTANDING']","[0.5135442437734772, 0.2910379190809621, 0.09912128757830525]"
2026-06-08,ES00000127A2,SPGB 1.95 07/30/30,2030-07-30,-3.643232398094426,MODERATE SELL,-1.2514601991574168,0.9606580590951511,-1.4328956278828326,0.43452246277852175,-1.24783853324875,-2.583,"['Issue_Age', 'AMT_OUTSTANDING', 'Cpn']","[0.65542761169769, 0.15571295708242486, 0.11717697081975735]"
2026-06-08,ES00000128C6,SPGB 2.9 10/31/46,2046-10-31,-4.016659768258279,WEAK SELL,-1.1072356048010756,0.984567433041034,-0.9717106650600089,0.5540270351471103,-1.0436150569389362,72.737,"['Issue_Age', 'YAS_RISK', 'AMT_OUTSTANDING']","[0.7304353252039409, 0.11999936179743106, 0.08420949089302121]"
2026-06-08,ES00000128E2,SPGB 3.45 07/30/66,2066-07-30,1.1568512063647631,WEAK BUY,0.7887482714813204,0.9917153873324759,1.0095722060174348,-1.8421870213681548,0.8585246484628771,109.489,"['Issue_Age', 'AMT_OUTSTANDING', 'YAS_RISK']","[0.44758554705694253, 0.21088429433913974, 0.1493174362864834]"
2026-06-08,ES00000128Q6,SPGB 2.35 07/30/33,2033-07-30,-1.1295792858155878,STRONG SELL,-1.9358140721425414,0.9873804966223491,-1.3477979951549213,0.8238001763638099,-1.5839807260902659,20.874,"['Issue_Age', 'Cpn', 'YAS_RISK']","[0.8120371158788829, 0.105427109936135, 0.03146189169245258]"
2026-06-08,ES0000012932,SPGB 4.2 01/31/37,2037-01-31,2.038047370218443,WEAK BUY,0.42403041959022914,0.9897365574516008,0.9420743109673413,1.401714682576516,0.8920157754960846,43.495,"['Issue_Age', 'Cpn', 'AMT_OUTSTANDING']","[0.7867753695491685, 0.1528491235520361, 0.03989673866421701]"
2026-06-08,ES0000012B39,SPGB 1.4 04/30/28,2028-04-30,0.5126465993728075,NO ACTION,-0.2468281218517611,0.9838681312372721,-0.5239258164816776,-0.684556636605097,-0.5850645452451367,-17.414,"['Issue_Age', 'Cpn', 'AMT_OUTSTANDING']","[0.41265982271754037, 0.23806353735162203, 0.21834951177923959]"
2026-06-08,ES0000012B47,SPGB 2.7 10/31/48,2048-10-31,-4.302801258134352,WEAK SELL,-1.2121004932301538,0.9882574486853715,-0.9724290216999198,0.5573255520549321,-1.0990298518752564,77.402,"['Issue_Age', 'YAS_RISK', 'AMT_OUTSTANDING']","[0.6752304553862531, 0.20585963615231778, 0.05372871166906801]"
2026-06-08,ES0000012B88,SPGB 1.4 07/30/28,2028-07-30,0.9435867965350172,NO ACTION,-0.024388129783145814,0.9528355290243187,-0.0816944173118887,-0.9940384348653394,-0.3897708833206934,-14.719,"['Issue_Age', 'Cpn', 'AMT_OUTSTANDING']","[0.3948289590516377, 0.2683013730955435, 0.1895584017764267]"
2026-06-08,ES0000012E51,SPGB 1.45 04/30/29,2029-04-30,-1.8968970538642864,MODERATE SELL,-1.4905711624047737,0.9696771085672004,-1.0249795728195588,-0.9592079834315183,-1.4222792216544844,-10.991,"['Issue_Age', 'Cpn', 'YAS_RISK']","[0.38127924106278466, 0.33417836404775025, 0.1390750722161505]"
2026-06-08,ES0000012E69,SPGB 1.85 07/30/35,2035-07-30,-0.5484260254142725,MODERATE SELL,-1.4043589435271118,0.9699804091316354,-1.4303537505416093,0.9375338031280632,-1.3282824887494458,33.118,"['Issue_Age', 'Cpn', 'AMT_OUTSTANDING']","[0.4602169146031952, 0.3001045699715754, 0.19462575416848155]"
2026-06-08,ES0000012F43,SPGB 0.6 10/31/29,2029-10-31,-1.4420334102130523,NO ACTION,0.05818511987149789,0.9595449596402817,0.22637006480376445,-0.8501052608921619,0.2463782627162293,-6.326,"['Cpn', 'Issue_Age', 'AMT_OUTSTANDING']","[0.46335974197603536, 0.2521944194826921, 0.14475447446747533]"
2026-06-08,ES0000012F76,SPGB 0 1/2 04/30/30,2030-04-30,-2.080635805188636,NO ACTION,-0.3217635544214138,0.96973962654943,-0.42017854021761686,-0.6570427416408783,-0.5868427358413957,-2.973,"['Cpn', 'AMT_OUTSTANDING', 'Issue_Age']","[0.4798749191386303, 0.26331749642735175, 0.12733705713092278]"
2026-06-08,ES0000012G00,SPGB 1 10/31/50,2050-10-31,-3.824307440576277,MODERATE SELL,-1.0367424883006247,0.9931417555642357,-1.333707153372053,-1.7435918475766854,-1.4154987136300416,82.28,"['Cpn', 'AMT_OUTSTANDING', 'Issue_Age']","[0.4748982006482659, 0.20935475770705408, 0.12875400247242424]"
2026-06-08,ES0000012G34,SPGB 1 1/4 10/31/30,2030-10-31,-2.954282112334598,WEAK SELL,-0.8415560870092346,0.953643806816427,-0.6157649499841379,-0.1751828710651041,-0.8274899688094183,0.065,"['AMT_OUTSTANDING', 'Cpn', 'YAS_RISK']","[0.4526208399575156, 0.34802029203956625, 0.09539826931054589]"
2026-06-08,ES0000012G42,SPGB 1.2 10/31/40,2040-10-31,-0.6433756889418731,WEAK SELL,-1.0532846275011467,0.9734268013568161,-1.2141560310299515,-0.3407516278909519,-1.142800774912365,57.057,"['Cpn', 'AMT_OUTSTANDING', 'YAS_RISK']","[0.5298599332964699, 0.2748260026376488, 0.08258816362354875]"
2026-06-08,ES0000012H41,SPGB 0.1 04/30/31,2031-04-30,-3.181274367744866,WEAK SELL,-0.9766094585538039,0.9713362179042457,-0.7523079697702866,-0.16042596269318254,-0.937747762406744,3.548,"['Cpn', 'AMT_OUTSTANDING', 'Issue_Age']","[0.5196237807291986, 0.2869946385236507, 0.09020222096274745]"
2026-06-08,ES0000012H58,SPGB 1.45 10/31/2071,2071-10-31,0.0864112686390825,NO ACTION,0.3964543588150772,0.9614798970327317,0.32660844517287574,-1.287544188943758,0.451711937491976,112.838,"['AMT_OUTSTANDING', 'Cpn', 'REL_SPRD_LOG']","[0.49931816669489376, 0.17437122828750212, 0.16346098164984793]"
2026-06-08,ES0000012I08,SPGB 0 01/31/28,2028-01-31,2.145755515420497,NO ACTION,0.5961397347673218,0.928182671865568,0.9215182594252744,-0.7505053367514982,0.7218245098653393,-18.062,"['Cpn', 'AMT_OUTSTANDING', 'YAS_RISK']","[0.4742368057150778, 0.26310700897888173, 0.12823769641777352]"
2026-06-08,ES0000012I24,SPGB 0.85 07/30/37,2037-07-30,3.946376941028973,MODERATE BUY,1.4754139303483758,0.9804799186255087,1.3970427259447817,0.695365455162262,1.4465116588446076,47.779,"['Cpn', 'Issue_Age', 'AMT_OUTSTANDING']","[0.5476842083181577, 0.2037191679503709, 0.1907233359158246]"
2026-06-08,ES0000012I32,SPGB 0 1/2 10/31/31,2031-10-31,-3.0473196673433085,WEAK SELL,-0.9718216271797644,0.9871770804359099,-0.8592602218124117,-0.2978532549650746,-0.9927595366839668,7.319,"['Cpn', 'Issue_Age', 'AMT_OUTSTANDING']","[0.4938549231160677, 0.20574860740602144, 0.1899416326739503]"
2026-06-08,ES0000012J07,SPGB 1 07/30/42,2042-07-30,-0.2473060116449588,WEAK SELL,-0.8350722525577514,0.9815673941499835,-1.285107563771924,-0.2807746685748481,-1.040772652805594,63.752,"['GREEN_BOND_LOAN_INDICATOR', 'Cpn', 'AMT_OUTSTANDING']","[0.6867900791596762, 0.11905802448206725, 0.08460120938330365]"
2026-06-08,ES0000012K20,SPGB 0.7 04/30/32,2032-04-30,-1.87389978586606,NO ACTION,-0.23563015123424422,0.9844280094658245,-0.41595128768275624,0.316166623676789,-0.4293829748018764,11.962,"['Cpn', 'AMT_OUTSTANDING', 'Issue_Age']","[0.3500209797484734, 0.3040119747785039, 0.2680187613541865]"
2026-06-08,ES0000012K46,SPGB 1.9 10/31/52,2052-10-31,-1.5795105081944882,WEAK SELL,-0.21407122884047283,0.9895430719198123,-0.5970600482449183,-2.352163623939007,-0.879395597437455,88.458,"['Issue_Age', 'Cpn', 'AMT_OUTSTANDING']","[0.37771287326280445, 0.2070276382306773, 0.19604832220333265]"
2026-06-08,ES0000012K53,SPGB 0.8 07/30/29,2029-07-30,1.2443099666522055,MODERATE BUY,1.6564763457829248,0.9608036965005545,1.6041504710514132,-0.686438666780313,1.4765752588802064,-5.748,"['Cpn', 'Issue_Age', 'AMT_OUTSTANDING']","[0.3400708790561458, 0.30006979551049034, 0.2288325615612075]"
2026-06-08,ES0000012K61,SPGB 2.55 10/31/32,2032-10-31,-1.6105284865563352,NO ACTION,-0.07039372681264643,0.9925489509453267,-0.1574257846194228,-0.02327929486688599,-0.2741113310032534,15.609,"['Issue_Age', 'AMT_OUTSTANDING', 'Cpn']","[0.49771737636114727, 0.34958409075767205, 0.05677979370265369]"
2026-06-08,ES0000012K95,SPGB 3.45 07/30/43,2043-07-30,1.5951078772563534,NO ACTION,0.17999538167687873,0.9864219401520882,0.7317892191841812,-1.7602508646959192,0.4605348186946915,68.9,"['Issue_Age', 'AMT_OUTSTANDING', 'Cpn']","[0.49136290692050527, 0.16142132171482787, 0.15934079459314868]"
2026-06-08,ES0000012L52,SPGB 3.15 04/30/33,2033-04-30,0.1018248323659811,WEAK BUY,1.0039190039471246,0.996125598085164,0.7189693160719244,0.38083349263511773,0.9533019226492904,20.533,"['Issue_Age', 'AMT_OUTSTANDING', 'Cpn']","[0.6228035096743229, 0.20992398707354382, 0.09274771901643704]"
2026-06-08,ES0000012L60,SPGB 3.9 07/30/39,2039-07-30,2.599582521578732,NO ACTION,0.7334050726280325,0.9892589920685328,0.8612039307742906,-0.23676923357600205,0.7864091089891194,55.298,"['Issue_Age', 'AMT_OUTSTANDING', 'Cpn']","[0.45891910990559265, 0.22877905833161663, 0.20508081690592264]"
2026-06-08,ES0000012L78,SPGB 3.55 10/31/33,2033-10-31,0.975906544129412,NO ACTION,-0.010381800148266562,0.9943953179790694,-0.418852343343935,0.8544679707697337,-0.3147411227621146,24.558,"['Issue_Age', 'AMT_OUTSTANDING', 'Cpn']","[0.56790860889455, 0.23192236698293228, 0.15071871166292894]"
2026-06-08,ES0000012M51,SPGB 3 1/2 05/31/29,2029-05-31,0.5897478185695197,NO ACTION,-0.20703050097644116,0.9717913839040514,-0.6274935035857608,-0.5521357856739826,-0.5692322507099606,-7.784,"['Issue_Age', 'AMT_OUTSTANDING', 'Cpn']","[0.48910292310413256, 0.28091532024259763, 0.10606506174191543]"
2026-06-08,ES0000012M85,SPGB 3 1/4 04/30/34,2034-04-30,1.9009804068393024,WEAK BUY,0.8355830806918729,0.9921811526269925,1.1913855086687402,1.0306089016874704,1.1142972478170068,28.475,"['Issue_Age', 'AMT_OUTSTANDING', 'Cpn']","[0.7562033595880442, 0.10851947235624129, 0.09515185410195408]"
2026-06-08,ES0000012M93,SPGB 4 10/31/54,2054-10-31,0.5211293517599813,NO ACTION,0.55576947003617,0.9669589633602482,1.17006965683446,-1.2952579537231141,0.7793963343196612,94.077,"['Issue_Age', 'AMT_OUTSTANDING', 'YAS_RISK']","[0.42878713530338786, 0.24272676943873142, 0.1652281009074857]"
2026-06-08,ES0000012N35,SPGB 3.45 10/31/34,2034-10-31,1.7534814894535875,WEAK BUY,0.7006977389909071,0.9832148898557296,0.8927978083796045,1.1670695221981753,0.9799052474553893,31.264,"['Issue_Age', 'AMT_OUTSTANDING', 'Cpn']","[0.6904846691807494, 0.16725268872913807, 0.10936162901711113]"
2026-06-08,ES0000012N43,SPGB 3.1 07/30/31,2031-07-30,-1.19062391803815,NO ACTION,0.19305004888382254,0.9871640794167996,0.8683184244195624,0.4896678438315069,0.5918592894588381,7.354,"['Issue_Age', 'AMT_OUTSTANDING', 'YAS_RISK']","[0.6137933721910835, 0.2644437491587575, 0.05299984528634326]"
2026-06-08,ES0000012O00,SPGB 2.7 01/31/30,2030-01-31,0.9088987021522952,MODERATE BUY,1.4569170170169834,0.9649270988253686,1.1724043159141704,1.1014420222725976,1.4396838332503956,-1.928,"['Issue_Age', 'YAS_RISK', 'GREEN_BOND_LOAN_INDICATOR']","[0.841829895029892, 0.10129537812331717, 0.020499357554830483]"
2026-06-08,ES0000012O59,SPGB 2.4 05/31/28,2028-05-31,4.650630648674454,STRONG BUY,1.8890903772068175,0.9084043893473134,1.3591632277402472,0.9263684118337657,1.6783865572438625,-12.5,"['Issue_Age', 'YAS_RISK', 'Cpn']","[0.7732623570952285, 0.12418204689176233, 0.056911732752917395]"
2026-06-08,ES0000012O67,SPGB 3.15 04/30/35,2035-04-30,1.6340600534497227,WEAK BUY,0.591488793682666,0.9849582494457555,0.5045122299569736,1.1494531003010446,0.8080762788042407,33.934,"['Issue_Age', 'AMT_OUTSTANDING', 'Cpn']","[0.7491348635015785, 0.1657037999775916, 0.05132770030899931]"
2026-06-08,ES0000012O75,SPGB 3 1/2 01/31/41,2041-01-31,3.5535245535611395,MODERATE BUY,1.2589741032538244,0.9863080123961215,1.3069165967374938,0.10211952236453521,1.2059427778770406,62.208,"['Issue_Age', 'AMT_OUTSTANDING', 'Cpn']","[0.5903932228469987, 0.24086153250098366, 0.07946518835783263]"
2026-06-08,ES0000012P33,SPGB 3.2 10/31/35,2035-10-31,1.2742333948968962,NO ACTION,0.2624332138027601,0.9826994459036515,0.2026228520344009,1.1138241453886375,0.5430062692155977,36.313,"['Issue_Age', 'AMT_OUTSTANDING', 'Cpn']","[0.6839325014866546, 0.23223185469362487, 0.048115790988099316]"
2026-06-08,ES0000012P74,SPGB 3 01/31/33,2033-01-31,1.0908530011662734,MODERATE BUY,1.6244250298243583,0.9849045182256063,1.1678455141608892,0.9135101855178608,1.4963977278017109,19.957,"['Issue_Age', 'AMT_OUTSTANDING', 'YAS_RISK']","[0.7785093117634908, 0.1492685089464236, 0.02589759440238187]"
2026-06-08,ES0000012P90,SPGB 2.35 03/31/29,2029-03-31,2.902550190707456,WEAK BUY,0.9867772354621949,0.9522459422555511,0.9042915146181796,0.7762455259520807,1.0589302961776452,-6.893,"['Issue_Age', 'AMT_OUTSTANDING', 'YAS_RISK']","[0.5937275236692835, 0.2867625422420367, 0.0659184820470167]"
2026-06-08,ES0000012Q08,SPGB 3.3 04/30/36,2036-04-30,2.0374168692087906,WEAK BUY,0.9603519886497135,0.9755619456469079,0.6313850642058597,1.204245109174433,1.0445677321112672,39.693,"['Issue_Age', 'Cpn', 'YAS_RISK']","[0.8798768372247002, 0.06446588205461852, 0.024724363826124557]"
2026-06-08,ES0000012Q16,SPGB 2.6 05/31/31,2031-05-31,-1.1703794634535871,NO ACTION,0.21981081647046283,0.9803907664698392,0.3776393957080876,1.1617548802968898,0.5793356436274265,6.181,"['Issue_Age', 'AMT_OUTSTANDING', 'YAS_RISK']","[0.5803896126811005, 0.34922090330540073, 0.037207110852695645]"
2026-06-08,ES0000012R56,SPGB 3.95 10/31/56,2056-10-31,3.995837977755485,MODERATE BUY,1.8291777148397592,0.9658899397690375,1.1629551631891881,-0.014895388941360313,1.439779981925496,100.718,"['Issue_Age', 'AMT_OUTSTANDING', 'YAS_RISK']","[0.45381084108157743, 0.33827860283278893, 0.1124356655334378]"
2026-06-08,ES0000012S22,SPGB 3.4 10/31/36,2036-10-31,2.807402808896676,NO ACTION,0.8479024983501016,0.0,0.5305250290522101,1.0946567653135308,0.7686751203743984,43.019,"['Issue_Age', 'AMT_OUTSTANDING', 'Cpn']","[0.6078714228858572, 0.30556113793525147, 0.04983285462290746]"
2026-06-08,FR0000187635,FRTR 5 3/4 10/25/32,2032-10-25,-1.4084335220304496,MODERATE SELL,-1.025685914584644,0.9873113806625582,-1.4076678469118342,-0.9618561215280786,-1.3060865901798937,35.468,"['Cpn', 'Issue_Age', 'AMT_OUTSTANDING']","[0.2710130490550527, 0.258375551225308, 0.2478629215960077]"
2026-06-08,FR0000571218,FRTR 5 1/2 04/25/29,2029-04-25,-2.266785221015423,MODERATE SELL,-1.3792190587761448,0.979290044499817,-1.1396651557189401,0.09265230738558598,-1.2443404309016262,2.946,"['YAS_RISK', 'REL_SPRD_LOG', 'Cpn']","[0.3709497554784993, 0.23942042021920168, 0.23540169714034623]"
2026-06-08,FR0010070060,FRTR 4 3/4 04/25/35,2035-04-25,1.901457547095824,MODERATE SELL,-1.7465298612048665,0.9932580869761544,-1.0802488052979804,1.3187411826193858,-1.4207364406516008,57.373,"['Issue_Age', 'AMT_OUTSTANDING', 'Cpn']","[0.5732561774830501, 0.19568267313965387, 0.15650240914265054]"
2026-06-08,FR0010171975,FRTR 4 04/25/55,2055-04-25,1.674195362964937,NO ACTION,0.2851187932792474,0.9884448002181825,0.20388532063529516,-1.0459408781587969,0.35157452601317185,128.685,"['AMT_OUTSTANDING', 'Issue_Age', 'YAS_RISK']","[0.3600726201083107, 0.23289803070064785, 0.1788171717010621]"
2026-06-08,FR0010371401,FRTR 4 10/25/38,2038-10-25,0.733468041646006,WEAK BUY,0.49463444391284617,0.982985476299268,0.8253244247675504,1.0061725801993486,0.8138681175716886,77.566,"['Issue_Age', 'AMT_OUTSTANDING', 'Cpn']","[0.6648466685443459, 0.1474523211682596, 0.09283203852668517]"
2026-06-08,FR0010773192,FRTR 4 1/2 04/25/41,2041-04-25,-3.870040000480529,WEAK SELL,-0.7006585702395715,0.9641182806466537,-0.7067226757574616,-0.5317184896428079,-0.8556474093895833,85.319,"['Issue_Age', 'YAS_RISK', 'AMT_OUTSTANDING']","[0.35416375648221315, 0.24406674574946519, 0.20697070756607244]"
2026-06-08,FR0010870956,FRTR 4 04/25/60,2060-04-25,6.450227659557527,MODERATE BUY,1.3647577916663691,0.986887812845304,1.5614440753711307,-0.8715798947400545,1.3056469058879805,138.316,"['AMT_OUTSTANDING', 'YAS_RISK', 'Issue_Age']","[0.33778028342992883, 0.2464524879111371, 0.19888476219856055]"
2026-06-08,FR0011461037,FRTR 3 1/4 05/25/45,2045-05-25,-6.608037764949273,MODERATE SELL,-1.411575021495001,0.9902471646693755,-1.4882224377649091,0.47777581730283386,-1.363852581880246,98.446,"['Issue_Age', 'YAS_RISK', 'AMT_OUTSTANDING']","[0.37566082890965596, 0.32092326778129987, 0.17421251501078025]"
2026-06-08,FR0011883966,FRTR 2 1/2 05/25/30,2030-05-25,-2.997787571924301,MODERATE SELL,-1.442141896131401,0.980751387177507,-1.621538747791797,1.1262344540086726,-1.4166563291700789,12.752,"['AMT_OUTSTANDING', 'Issue_Age', 'REL_SPRD_LOG']","[0.5784695804971376, 0.2516625623556841, 0.0828003230089323]"
2026-06-08,FR0012993103,FRTR 1 1/2 05/25/31,2031-05-25,-2.166231250669302,NO ACTION,-0.2147484141613341,0.9859342930856336,-0.9142185517451996,1.7835766192875326,-0.57431420787951,22.703,"['AMT_OUTSTANDING', 'YAS_RISK', 'REL_SPRD_LOG']","[0.6936995571283041, 0.13267108167549238, 0.12927491936886296]"
2026-06-08,FR0013154028,FRTR 1 3/4 05/25/66,2066-05-25,4.769618216008979,WEAK BUY,0.9848500809067092,0.9889632344409895,1.1821021336482311,-0.008535383722041063,0.9986267926245046,138.863,"['AMT_OUTSTANDING', 'REL_SPRD_LOG', 'Issue_Age']","[0.4881951175157345, 0.22038945952281538, 0.13061227381049406]"
2026-06-08,FR0013154044,FRTR 1 1/4 05/25/36,2036-05-25,4.211452396043519,MODERATE BUY,1.364804271585815,0.9806154316543056,1.3945470421180912,-1.838964152974727,1.2563305857365208,66.848,"['AMT_OUTSTANDING', 'Cpn', 'YAS_RISK']","[0.2762222846426879, 0.27452915176922194, 0.16950694202610314]"
2026-06-08,FR0013234333,FRTR 1 3/4 06/25/39,2039-06-25,-1.0730752598219198,NO ACTION,0.025568555844804074,0.9913396458422027,0.8270300235325756,-0.8416432739461362,0.3971654208271044,79.266,"['Cpn', 'GREEN_BOND_LOAN_INDICATOR', 'YAS_RISK']","[0.30930200932402085, 0.29713123709951633, 0.1786295231210014]"
2026-06-08,FR0013257524,FRTR 2 05/25/48,2048-05-25,-4.060173774043491,WEAK SELL,-1.011155638507728,0.9846897456011039,-0.7600575879588644,0.16710904813412594,-0.9439840335280546,109.794,"['Issue_Age', 'AMT_OUTSTANDING', 'YAS_RISK']","[0.5082959785357389, 0.2116675692303762, 0.13064641063641483]"
2026-06-08,FR0013286192,FRTR 0 3/4 05/25/28,2028-05-25,1.428272169545458,WEAK BUY,0.8467358472581257,0.9525885275239799,1.043892712410206,0.0008153021851379792,0.8806242855034645,-2.869,"['Cpn', 'YAS_RISK', 'AMT_OUTSTANDING']","[0.3503912710063002, 0.2647338870154881, 0.22467928614991164]"
2026-06-08,FR0013313582,FRTR 1 1/4 05/25/34,2034-05-25,3.3074326812239505,NO ACTION,0.14717930730715684,0.984820219683321,0.3140082835213894,0.06374102930741513,0.3220563871180746,52.3,"['Cpn', 'Issue_Age', 'AMT_OUTSTANDING']","[0.2984791838157287, 0.2975836091093817, 0.24783046911538467]"
2026-06-08,FR0013341682,FRTR 0 3/4 11/25/28,2028-11-25,-0.6200518024099619,NO ACTION,-0.3872035243383944,0.9848000751666208,-0.3455551471045027,0.21580432787974999,-0.4994551686084578,0.373,"['Issue_Age', 'AMT_OUTSTANDING', 'Cpn']","[0.5598874258089074, 0.17271988960724222, 0.12116678806750077]"
2026-06-08,FR0013404969,FRTR 1 1/2 05/25/50,2050-05-25,-3.672706902687395,WEAK SELL,-0.9235673813685256,0.991896776664417,-0.6210373082915646,0.6340920107491832,-0.8594598240022362,114.909,"['Issue_Age', 'YAS_RISK', 'AMT_OUTSTANDING']","[0.612695979712794, 0.13561458357230471, 0.13264323648859194]"
2026-06-08,FR0013407236,FRTR 0 1/2 05/25/29,2029-05-25,-1.570297717728316,WEAK SELL,-0.9596451222808947,0.9782457745643962,-0.7594564342957817,-0.3655771017178958,-0.9793022693784998,4.468,"['Issue_Age', 'YAS_RISK', 'AMT_OUTSTANDING']","[0.4461553964885439, 0.1857935633967021, 0.1840478641510775]"
2026-06-08,FR0013451507,FRTR 0 11/25/29,2029-11-25,-2.193912637021038,NO ACTION,-0.25560668474574694,0.9796923098093953,-0.645125395768109,0.3829849981630284,-0.5166954688041933,8.816,"['Issue_Age', 'REL_SPRD_LOG', 'YAS_RISK']","[0.547901727083959, 0.17208046893899506, 0.1446550526833665]"
2026-06-08,FR0013480613,FRTR 0 3/4 05/25/52,2052-05-25,-2.854456967124335,NO ACTION,-0.7385990884422212,0.9675999044909007,-0.47558608246105494,-0.08176826739813416,-0.7311183800361255,119.666,"['Issue_Age', 'YAS_RISK', 'AMT_OUTSTANDING']","[0.5782243615347585, 0.14690274398125688, 0.10931118413632843]"
2026-06-08,FR0013515806,FRTR 0 1/2 05/25/40,2040-05-25,0.6591019476645528,NO ACTION,0.4753254144048252,0.9702295862095703,0.4259906286677159,-2.1653939495040597,0.5116136140084526,85.569,"['Issue_Age', 'REL_SPRD_LOG', 'Cpn']","[0.341744721182311, 0.19447391513070378, 0.16282883132594325]"
2026-06-08,FR0013516549,FRTR 0 11/25/30,2030-11-25,-2.805042064822455,WEAK SELL,-1.157645737484229,0.9883127783016438,-1.08793798005834,0.23888627164728565,-1.1156421617890622,17.614,"['Issue_Age', 'Cpn', 'REL_SPRD_LOG']","[0.5464130416219661, 0.2354690929359132, 0.07339179846194517]"
2026-06-08,FR0014001NN8,FRTR 0 1/2 05/25/2072,2072-05-25,-8.318219451112455,STRONG SELL,-1.9737019288996798,0.9622662114926783,-1.7705689349653106,0.11274939422670419,-1.7331642075876998,125.206,"['REL_SPRD_LOG', 'AMT_OUTSTANDING', 'Cpn']","[0.4651562705984627, 0.24740199466855944, 0.13451948565213181]"
2026-06-08,FR0014002JM6,FRTR 0 1/2 06/25/44,2044-06-25,-7.451639109073184,STRONG SELL,-1.6306146721556534,0.9882716086640265,-1.6914403365223383,-0.307586368305509,-1.589609736115289,94.467,"['GREEN_BOND_LOAN_INDICATOR', 'Issue_Age', 'AMT_OUTSTANDING']","[0.3778049600921653, 0.22869465286028334, 0.21326536058082612]"
2026-06-08,FR0014002WK3,FRTR 0 11/25/31,2031-11-25,-1.423676860598146,WEAK SELL,-1.036347866566836,0.9854471850998402,-0.9295130193594421,-0.6692601812768928,-1.122313672204748,27.828,"['Issue_Age', 'Cpn', 'YAS_RISK']","[0.37478114179382166, 0.2611960425438737, 0.16028677590924872]"
2026-06-08,FR0014004J31,FRTR 0 3/4 05/25/53,2053-05-25,-0.2465486622268287,NO ACTION,-0.149072189264056,0.9635809928617749,-0.37421479848402456,-0.7125155404316635,-0.5037343961150853,123.97,"['Issue_Age', 'REL_SPRD_LOG', 'YAS_RISK']","[0.38634128035737575, 0.26779390286763693, 0.13931810969202532]"
2026-06-08,FR0014007L00,FRTR 0 05/25/32,2032-05-25,0.1781979097044441,NO ACTION,0.08408331762562529,0.9953270007452142,0.37216640534519946,-2.642037874252442,0.2968006813044536,33.628,"['Issue_Age', 'YAS_RISK', 'Cpn']","[0.24311759069297662, 0.23992270005563032, 0.18503558092012581]"
2026-06-08,FR0014009O62,FRTR 1 1/4 05/25/38,2038-05-25,4.136713895088732,MODERATE BUY,1.3782814272217243,0.9901466108175143,1.4210816852002044,-0.43716972388690806,1.2726691223588986,78.676,"['Cpn', 'YAS_RISK', 'Issue_Age']","[0.3016720014941126, 0.2784397304361761, 0.23123311260280688]"
2026-06-08,FR001400AIN5,FRTR 0 3/4 02/25/28,2028-02-25,3.0075209491288164,STRONG BUY,1.7980976793482655,0.9723721393186302,1.4311754746128946,1.4250322151124233,1.7381783846442043,-3.938,"['Issue_Age', 'YAS_RISK', 'AMT_OUTSTANDING']","[0.49887350459172275, 0.3407554255443988, 0.09271895896552482]"
2026-06-08,FR001400BKZ3,FRTR 2 11/25/32,2032-11-25,0.6544943342588425,NO ACTION,0.4172288149414443,0.9893608441749762,0.7437073297657707,-0.3017669563760679,0.5765550932664397,38.214,"['Issue_Age', 'AMT_OUTSTANDING', 'YAS_RISK']","[0.5424493159614147, 0.1840491981078625, 0.09364459598416441]"
2026-06-08,FR001400CMX2,FRTR 2 1/2 05/25/43,2043-05-25,-2.708628140865244,NO ACTION,-0.39909996109882495,0.9800299137172135,-0.3740749953065635,1.0159001724716372,-0.5130642008792671,95.181,"['AMT_OUTSTANDING', 'YAS_RISK', 'Cpn']","[0.4882099348828017, 0.3173629113681116, 0.10019026611234784]"
2026-06-08,FR001400FTH3,FRTR 3 05/25/54,2054-05-25,2.194134188632816,NO ACTION,0.4026528043802886,0.9867488884390332,0.584779077628013,-1.610205035840432,0.522567990338814,127.94,"['AMT_OUTSTANDING', 'YAS_RISK', 'Issue_Age']","[0.35298576484168903, 0.19770442838016972, 0.18443260408843712]"
2026-06-08,FR001400H7V7,FRTR 3 05/25/33,2033-05-25,2.289340227587566,MODERATE BUY,1.5607216485844102,0.9914515569842169,1.1560707820049778,0.4771006594157929,1.3739822241834887,43.763,"['Issue_Age', 'REL_SPRD_LOG', 'YAS_RISK']","[0.41854948718317575, 0.351532693957947, 0.10067055982984803]"
2026-06-08,FR001400HI98,FRTR 2 3/4 02/25/29,2029-02-25,-0.4189105415376324,NO ACTION,-0.26603317997827103,0.9881057096493584,-0.8822875060130885,1.574346655819043,-0.5921480914913723,3.158,"['Issue_Age', 'AMT_OUTSTANDING', 'REL_SPRD_LOG']","[0.45930232546226757, 0.36004854552045545, 0.1226992429663853]"
2026-06-08,FR001400L834,FRTR 3 1/2 11/25/33,2033-11-25,2.7965459391435914,NO ACTION,-0.540934503573831,0.9853968903300768,-0.7873751288347598,0.6378934698449141,-0.7072981978932743,48.122,"['Issue_Age', 'REL_SPRD_LOG', 'Cpn']","[0.4480868933220085, 0.24400048361554325, 0.1891134358559156]"
2026-06-08,FR001400NEF3,FRTR 3 06/25/49,2049-06-25,-5.044720033687497,MODERATE SELL,-1.2337158038538032,0.9866150531902846,-1.268885232646218,1.1029394902626022,-1.2072496360975227,111.478,"['GREEN_BOND_LOAN_INDICATOR', 'AMT_OUTSTANDING', 'YAS_RISK']","[0.4320333866440768, 0.299073130586224, 0.1803122773816513]"
2026-06-08,FR001400OHF4,FRTR 3 1/4 05/25/55,2055-05-25,3.1631438075528,NO ACTION,0.6217008571216079,0.9881617079352717,1.0040348265160512,-0.5252725383128614,0.7580203803040563,130.281,"['Issue_Age', 'AMT_OUTSTANDING', 'YAS_RISK']","[0.3392405914971925, 0.2531060823554737, 0.21327338404084126]"
2026-06-08,FR001400PM68,FRTR 2 3/4 02/25/30,2030-02-25,-1.5925587755662658,NO ACTION,0.6320034398374778,0.9812695631742923,1.121483475901106,-0.4208373495251048,0.7961425163596487,11.845,"['Issue_Age', 'AMT_OUTSTANDING', 'Cpn']","[0.5151550132832279, 0.18137304115505756, 0.11587804289528426]"
2026-06-08,FR001400QMF9,FRTR 3 11/25/34,2034-11-25,2.7111683557463024,NO ACTION,-0.6559296471864577,0.9903856645348118,-0.8101490664431701,1.0982810427662493,-0.7745921727456255,55.311,"['REL_SPRD_LOG', 'Issue_Age', 'AMT_OUTSTANDING']","[0.5157828129612996, 0.2835986481038434, 0.1117346347265489]"
2026-06-08,FR001400WYO4,FRTR 3.6 05/25/42,2042-05-25,-1.193250444863466,NO ACTION,-0.005634726052424672,0.96087429899545,-0.07488221522210206,0.026959112865200606,-0.21847805761322123,92.686,"['Issue_Age', 'AMT_OUTSTANDING', 'YAS_RISK']","[0.5755612660232826, 0.17537867658791512, 0.09056328654330113]"
2026-06-08,FR001400X8V5,FRTR 3.2 05/25/35,2035-05-25,3.384261093990148,NO ACTION,0.2506595653330543,0.9895297952752489,0.6717506343265519,1.0486637810424229,0.6510075088321468,59.417,"['Issue_Age', 'REL_SPRD_LOG', 'AMT_OUTSTANDING']","[0.7611306361716063, 0.0984988152430979, 0.04826259031174289]"
2026-06-08,FR001400XJJ3,FRTR 3 3/4 05/25/56,2056-05-25,4.688354517947147,WEAK BUY,0.9664801344464844,0.9883687167614108,1.2042888979113051,0.9133342934681153,1.1538135552536337,133.033,"['Issue_Age', 'AMT_OUTSTANDING', 'YAS_RISK']","[0.4789008800855633, 0.23800594062793276, 0.18219171711122448]"
2026-06-08,FR001400XLW2,FRTR 2.4 09/24/28,2028-09-24,0.5991607060799751,NO ACTION,0.34726735876731396,0.9754304539637689,0.28223102128448546,0.04523402231418511,0.41215711802161353,-0.172,"['Issue_Age', 'YAS_RISK', 'REL_SPRD_LOG']","[0.49958933056317933, 0.19607151519661978, 0.14702985916530814]"
2026-06-08,FR001400Z2L7,FRTR 2.7 02/25/31,2031-02-25,-0.9744967872274763,STRONG BUY,1.5442750882516099,0.9802003220672959,1.2251335516707522,1.704280387082011,1.59631634274041,21.724,"['Issue_Age', 'AMT_OUTSTANDING', 'Cpn']","[0.6602583620836914, 0.19352764474308765, 0.0967070030004313]"
2026-06-08,FR0014012II5,FRTR 3 1/2 11/25/35,2035-11-25,4.074802844220621,WEAK BUY,1.1807508677391292,0.9891697869500324,1.1684713238457756,0.09341234941121329,1.1128740603509015,63.483,"['Issue_Age', 'REL_SPRD_LOG', 'AMT_OUTSTANDING']","[0.6022770015443509, 0.126366313877505, 0.11717794378894428]"
2026-06-08,FR0014015MU5,FRTR 4.1 05/25/46,2046-05-25,-5.312141768180496,WEAK SELL,-1.0750978354379364,0.9792121733835129,-0.803690159644468,-0.31075520934715806,-1.0428310561741174,102.917,"['YAS_RISK', 'AMT_OUTSTANDING', 'Issue_Age']","[0.30739092433067616, 0.265373513798651, 0.24679462894140838]"
2026-06-08,FR0014016CV2,FRTR 4.4 05/25/57,2057-05-25,6.624937496940447,MODERATE BUY,1.4042515685353079,0.9898565336656814,0.9706078867851065,1.619513551842965,1.436830540900249,136.053,"['Issue_Age', 'YAS_RISK', 'REL_SPRD_LOG']","[0.6283021623013196, 0.27007080564680613, 0.04661202208404721]"
2026-06-08,FR0014016G71,FRTR 2.4 09/24/29,2029-09-24,-1.4151486969832492,NO ACTION,0.8938642044336232,0.9831236361405739,0.5909164371185543,-0.14212430806984921,0.7793434229246005,7.937,"['Issue_Age', 'AMT_OUTSTANDING', 'YAS_RISK']","[0.567286620366622, 0.1457328800559781, 0.11749694567108808]"
2026-06-08,FR0014017Z10,FRTR 3.8 06/25/37,2037-06-25,3.2356534925106644,WEAK BUY,1.1443226300012013,0.9913204384781374,0.8106311108163905,1.181281666107918,1.1795442635026527,72.531,"['Issue_Age', 'YAS_RISK', 'AMT_OUTSTANDING']","[0.7968580013093725, 0.07906975284664307, 0.04058159567279023]"
2026-06-08,FR0014018YR0,FRTR 3.7 11/25/36,2036-11-25,5.39328632077526,MODERATE BUY,1.7045483150940104,0.9831886599530812,0.9114431820835766,0.8916629333679317,1.4485854801501254,71.185,"['Issue_Age', 'Cpn', 'YAS_RISK']","[0.6717922878909333, 0.11552474681062407, 0.1103733311643945]"
2026-06-08,DE0001030724,DBR 0 08/15/50,2050-08-15,-2.356761141929581,STRONG SELL,-2.0998586028038906,0.8587748080099401,-1.7610513621931552,0.0,-1.8628854917123705,25.905,,
2026-06-08,DE0001030732,DBR 0 08/15/31,2031-08-15,-0.9328370659658702,WEAK SELL,-1.1402652788855003,0.9500320430864345,-1.0261615741337153,0.0,-1.1240086766152486,-16.229,,
2026-06-08,DE0001030757,DBR 1.8 08/15/53,2053-08-15,-0.9215037763326386,NO ACTION,-0.595654723493116,0.8628287752423227,-0.7905591998784121,0.0,-0.734767385916644,31.419,,
2026-06-08,DE0001102341,DBR 2 1/2 08/15/46,2046-08-15,-0.8923017940929299,NO ACTION,-0.5650499441542794,0.9893353497975086,-0.6330801078711449,0.0,-0.6928227433443997,20.786,,
2026-06-08,DE0001102432,DBR 1 1/4 08/15/48,2048-08-15,-0.0899565719349801,NO ACTION,0.275838125571453,0.9898664064946907,0.7711669285755952,0.0,0.5671905024419364,25.048,,
2026-06-08,DE0001102481,DBR 0 08/15/50,2050-08-15,-0.7477611419295833,NO ACTION,-0.4135658863722191,0.8558558134219605,-1.1438774324336691,0.0,-0.741327631794018,27.514,,
2026-06-08,DE0001102515,DBR 0 05/15/35,2035-05-15,-0.8482769314319718,NO ACTION,-0.0466077137817784,0.993237858157105,-0.11352235699828274,0.0,-0.2476642882836348,-5.023,,
2026-06-08,DE0001102531,DBR 0 02/15/31,2031-02-15,-0.7221673532750827,NO ACTION,0.0,0.9975886592942599,0.004970941731809033,0.0,0.18106507160398239,-17.586,,
2026-06-08,DE0001102549,DBR 0 05/15/36,2036-05-15,-0.9550474234801576,NO ACTION,-0.1519985882534993,0.9749499271021006,-0.66379848584246,0.0,-0.4714100562057995,-2.374,,
2026-06-08,DE0001102564,DBR 0 08/15/31,2031-08-15,-0.4198370659658703,NO ACTION,-0.5133836162804866,0.9442573490819116,-0.6810538709991866,0.0,-0.6707023770595766,-15.716,,
2026-06-08,DE0001102572,DBR 0 08/15/52,2052-08-15,-0.7748934919787978,NO ACTION,-0.4420016130767963,0.9831607369751246,-1.0871811669187108,0.0,-0.7630792566606711,30.288,,
2026-06-08,DE0001102580,DBR 0 02/15/32,2032-02-15,-0.4220325552659609,NO ACTION,-0.5160664856424209,0.993629920883197,-0.4956438093920754,0.0,-0.6243707621313379,-14.148,,
2026-06-08,DE0001102598,DBR 1 05/15/38,2038-05-15,1.86632508633138,NO ACTION,0.6942921903057703,0.9835471372384318,0.6889099386746289,0.0,0.7719569849136235,5.674,,
2026-06-08,DE0001102606,DBR 1.7 08/15/32,2032-08-15,-0.9569739841883038,MODERATE SELL,-1.1697603888766122,0.9917816667142235,-1.377792192096721,0.0,-1.2559135579342138,-13.153,,
2026-06-08,DE0001102614,DBR 1.8 08/15/53,2053-08-15,0.6294962236673598,WEAK BUY,1.029851804279117,0.8652351429386204,1.0371084415679999,0.0,1.0424193398775015,32.97,,
2026-06-08,DE0001135176,DBR 5 1/2 01/04/31,2031-01-04,1.6288810174798023,NO ACTION,0.0,0.9914163614313287,0.004970941731809033,0.0,0.17992843590848523,-15.602,,
2026-06-08,DE0001135226,DBR 4 3/4 07/04/34,2034-07-04,-3.104509543395391,STRONG SELL,-2.2736867823986606,0.9886786247658367,-1.7308259952263174,0.0,-1.973562674403252,-9.724,,
2026-06-08,DE0001135275,DBR 4 01/04/37,2037-01-04,-1.8304308317059712,STRONG SELL,-2.3445437255502903,0.9833468317075623,-1.3609160461742085,0.0,-1.898193747344183,-1.535,,
2026-06-08,DE0001135325,DBR 4 1/4 07/04/39,2039-07-04,0.5707729735981646,NO ACTION,-0.3706875861050769,0.9946351034377011,-0.2629046913550859,0.0,-0.47280883986832783,7.191,,
2026-06-08,DE0001135366,DBR 4 3/4 07/04/40,2040-07-04,0.7958954579804995,NO ACTION,-0.18563065884897975,0.9882104342661214,-0.2734854659896501,0.0,-0.37263783287255936,9.802,,
2026-06-08,DE0001135432,DBR 3 1/4 07/04/42,2042-07-04,1.9014173852243663,NO ACTION,0.7231390334867446,0.9904681200087018,0.6754469458600402,0.0,0.7850359865821928,15.404,,
2026-06-08,DE0001135481,DBR 2 1/2 07/04/44,2044-07-04,0.988803660798883,NO ACTION,-0.027054764690682836,0.9851379053352969,-0.6642346109618058,0.0,-0.40439439582389797,18.648,,
2026-06-08,DE000BU27006,DBR 2.4 11/15/30,2030-11-15,2.4584569073473244,NO ACTION,0.0,0.9873435019838619,0.004970941731809033,0.0,0.1791784141931471,-15.211,,
2026-06-08,DE000BU27014,DBR 2 1/2 11/15/32,2032-11-15,1.11939843557421,MODERATE BUY,1.3675491524253764,0.9944535537646632,1.087300754216192,0.0,1.2681820666173809,-10.312,,
2026-06-08,DE000BU2D004,DBR 2 1/2 08/15/54,2054-08-15,0.9977516169151954,MODERATE BUY,1.415797352707027,0.9942264149492015,1.4462696513612343,0.0,1.4049693423065657,34.536,,
2026-06-08,DE000BU2D012,DBR 2.9 08/15/56,2056-08-15,0.993877597624433,MODERATE BUY,1.4117372343022236,0.997312546076626,1.3745365502097,0.0,1.3812784098267492,36.693,,
2026-06-08,DE000BU2F009,DBR 2.6 05/15/41,2041-05-15,2.49597169035097,MODERATE BUY,1.2118791657551449,0.8917666400209836,1.4605480085293827,0.0,1.2778282502318077,13.485,,
2026-06-08,DE000BU2T000,DBR 3.4 05/15/47,2047-05-15,-0.3694616532945787,NO ACTION,-0.01709374695951865,0.99277868309321,-0.036897069725390946,0.0,-0.20775691515572062,22.64,,
2026-06-08,DE000BU2Z007,DBR 2.3 02/15/33,2033-02-15,0.9276329003954285,WEAK BUY,1.1332132898070237,0.9783225666364523,1.178659485738289,0.0,1.1637915684477596,-9.745,,
2026-06-08,DE000BU2Z015,DBR 2.6 08/15/33,2033-08-15,0.7439164293475677,MODERATE BUY,1.5250123790140306,0.9870928616558943,1.114207777883659,0.0,1.3620759505941493,-8.453,,
2026-06-08,DE000BU2Z023,DBR 2.2 02/15/34,2034-02-15,0.5138779871834513,MODERATE BUY,1.2979463412285412,0.9797003372833302,1.3851552487676855,0.0,1.3184300087761487,-7.206,,
2026-06-08,DE000BU2Z031,DBR 2.6 08/15/34,2034-08-15,0.0246039862532123,WEAK BUY,0.814994414856936,0.98611058494056,0.7050086441670033,0.0,0.8440523955833602,-6.265,,
2026-06-08,DE000BU2Z049,DBR 2 1/2 02/15/35,2035-02-15,-0.6623973553067932,NO ACTION,0.13687004958213267,0.9410648809777173,0.231831851638485,0.0,0.31589830658213497,-5.521,,
2026-06-08,DE000BU2Z056,DBR 2.6 08/15/35,2035-08-15,-0.975540392564783,NO ACTION,-0.17222676076558158,0.9865461780506002,-0.13020888330368857,0.0,-0.32095208511439416,-4.449,,
2026-06-08,DE000BU2Z064,DBR 2.9 02/15/36,2036-02-15,-1.4928204023944829,NO ACTION,-0.6828228209400444,0.9836474545353175,-0.46412902902891123,0.0,-0.7049851166376794,-3.581,,
2026-06-08,DE000BU3F007,DBR 2.6 05/15/41,2041-05-15,1.3849716903509712,NO ACTION,0.29860634564736965,0.8944596149975657,0.9572596208042911,0.0,0.619314916787611,12.374,,
2026-06-08,DE000BU3Z005,DBR 2.3 02/15/33,2033-02-15,0.686632900395427,WEAK BUY,0.8387133274526198,0.9760704711539596,1.0293909231517497,0.0,0.9548660364268375,-9.986,,
2026-06-08,DE000BU3Z047,DBR 2 1/2 02/15/35,2035-02-15,-1.2543973553067935,NO ACTION,-0.4474805185420773,0.9455402895433533,-0.39869129916532553,0.0,-0.5478679236230101,-6.113,,
2026-06-08,FI4000037635,RFGB 2 3/4 07/04/28,2028-07-04,-0.2034517859704951,NO ACTION,0.0,0.9422073908078658,0.010008413434385055,0.0,0.06761527229221656,-15.625,"['GREEN_BOND_LOAN_INDICATOR', 'Issue_Age', 'REL_SPRD_LOG']","[nan, 0.477103017964581, 0.17638730641558067]"
2026-06-08,FI4000046545,RFGB 2 5/8 07/04/42,2042-07-04,-1.7453074659451744,STRONG SELL,-1.927124127923038,0.9916341392951935,-1.9642960885163854,0.0,-2.091644936756684,45.327,"['GREEN_BOND_LOAN_INDICATOR', 'Issue_Age', 'REL_SPRD_LOG']","[nan, 0.6784870727818683, 0.12073955911898024]"
2026-06-08,FI4000148630,RFGB 0 3/4 04/15/31,2031-04-15,0.6030525904526556,NO ACTION,0.0,0.9248750824667527,0.010008413434385055,0.0,0.06421477156050591,3.71,"['GREEN_BOND_LOAN_INDICATOR', 'Issue_Age', 'REL_SPRD_LOG']","[nan, 0.49452113496670763, 0.21597144240110552]"
2026-06-08,FI4000242870,RFGB 1 3/8 04/15/47,2047-04-15,-0.8539447118551564,NO ACTION,0.0,0.9880464823696888,0.010008413434385055,0.0,0.0766086424382568,56.375,"['GREEN_BOND_LOAN_INDICATOR', 'Issue_Age', 'Cpn']","[nan, 0.34565282487903554, 0.2952758856125942]"
2026-06-08,FI4000306758,RFGB 1 1/8 04/15/34,2034-04-15,0.0291621919253941,WEAK BUY,0.617592874320265,0.9748345598907238,1.4041381130144128,0.0,0.8933884622372372,18.88,"['GREEN_BOND_LOAN_INDICATOR', 'Issue_Age', 'Cpn']","[nan, 0.5717285993071891, 0.22883161459205414]"
2026-06-08,FI4000348727,RFGB 0 1/2 09/15/28,2028-09-15,-0.4808538492477598,NO ACTION,0.0,0.9413401081547352,0.010008413434385055,0.0,0.06744511634769214,-14.419,"['GREEN_BOND_LOAN_INDICATOR', 'AMT_OUTSTANDING', 'Issue_Age']","[nan, 0.596447389110634, 0.15231085038308773]"
2026-06-08,FI4000369467,RFGB 0 1/2 09/15/29,2029-09-15,-0.1644730420874838,NO ACTION,0.0,0.920210737688685,0.010008413434385055,0.0,0.06329965353245037,-7.054,"['GREEN_BOND_LOAN_INDICATOR', 'AMT_OUTSTANDING', 'YAS_RISK']","[nan, 0.49245637359303995, 0.19641785719768157]"
2026-06-08,FI4000415153,RFGB 0 1/8 04/15/36,2036-04-15,0.9094461362390014,STRONG BUY,2.500973565367095,0.9684730904867129,2.003712911689525,0.0,2.1967215515591896,28.339,"['GREEN_BOND_LOAN_INDICATOR', 'Cpn', 'AMT_OUTSTANDING']","[nan, 0.4771796483572798, 0.23054572868566672]"
2026-06-08,FI4000440557,RFGB 0 1/4 09/15/40,2040-09-15,1.2441282735558232,STRONG BUY,1.5811400082388072,0.9953275483708648,1.6280830180888939,0.0,1.5377644118749942,43.528,"['GREEN_BOND_LOAN_INDICATOR', 'Issue_Age', 'AMT_OUTSTANDING']","[nan, 0.4876965308276683, 0.43581970898810235]"
2026-06-08,FI4000441878,RFGB 0 09/15/30,2030-09-15,0.2180453707513319,NO ACTION,0.0,0.8105611819294011,0.010008413434385055,0.0,0.041787031713535344,-0.195,"['GREEN_BOND_LOAN_INDICATOR', 'Cpn', 'AMT_OUTSTANDING']","[nan, 0.4270490100184334, 0.3215890431992642]"
2026-06-08,FI4000480488,RFGB 0 1/8 04/15/52,2052-04-15,-1.556057230754007,NO ACTION,0.0,0.8789621388868342,0.010008413434385055,0.0,0.05520691206679024,63.39,"['GREEN_BOND_LOAN_INDICATOR', 'Cpn', 'REL_SPRD_LOG']","[nan, 0.44935168289253663, 0.1984165881333571]"
2026-06-08,FI4000507231,RFGB 0 1/8 09/15/31,2031-09-15,0.8061576570154037,NO ACTION,0.0,0.946316010766071,0.010008413434385055,0.0,0.068421360258068,6.35,"['GREEN_BOND_LOAN_INDICATOR', 'Cpn', 'AMT_OUTSTANDING']","[nan, 0.42793845285389415, 0.23290255177461724]"
2026-06-08,FI4000517677,RFGB 0 1/2 04/15/43,2043-04-15,0.2797493319986159,WEAK BUY,0.44938928698074904,0.9821846451508608,1.6452523527972907,0.0,0.8746708142026813,49.246,"['GREEN_BOND_LOAN_INDICATOR', 'AMT_OUTSTANDING', 'Cpn']","[nan, 0.3362582831785867, 0.2968877062297323]"
2026-06-08,FI4000523238,RFGB 1 1/2 09/15/32,2032-09-15,0.9890640519864248,NO ACTION,0.0,0.9658475214874692,0.010008413434385055,0.0,0.07225333204119078,12.032,"['GREEN_BOND_LOAN_INDICATOR', 'Issue_Age', 'REL_SPRD_LOG']","[nan, 0.3431350172461915, 0.27205840378712726]"
2026-06-08,FI4000546528,RFGB 2 3/4 04/15/38,2038-04-15,-0.0858150336084833,NO ACTION,0.02037977981127224,0.9733601351688648,1.6505248256604987,0.0,0.6221558375905426,34.677,"['GREEN_BOND_LOAN_INDICATOR', 'AMT_OUTSTANDING', 'Issue_Age']","[nan, 0.54863605842374, 0.26657995580367266]"
2026-06-08,FI4000550249,RFGB 3 09/15/33,2033-09-15,-1.516026322280684,STRONG SELL,-2.6883611084622454,0.97859360181523,-1.8164302630257645,0.0,-2.488786880517458,14.581,"['GREEN_BOND_LOAN_INDICATOR', 'Cpn', 'AMT_OUTSTANDING']","[nan, 0.26974795131539725, 0.23519572661895655]"
2026-06-08,FI4000557525,RFGB 2 7/8 04/15/29,2029-04-15,-0.5047142266449374,NO ACTION,0.0,0.9636413617716924,0.010008413434385055,0.0,0.07182049599995935,-10.276,"['GREEN_BOND_LOAN_INDICATOR', 'AMT_OUTSTANDING', 'Cpn']","[nan, 0.37261756162835924, 0.3030134441759526]"
2026-06-08,FI4000566294,RFGB 2.95 04/15/55,2055-04-15,2.8030735940570253,NO ACTION,0.0,0.9161978375316884,0.010008413434385055,0.0,0.0625123452494688,71.367,"['GREEN_BOND_LOAN_INDICATOR', 'Cpn', 'Issue_Age']","[nan, 0.35038366674886007, 0.33179510887093844]"
2026-06-08,FI4000571104,RFGB 3 09/15/34,2034-09-15,-0.1403429522907622,NO ACTION,0.2549340780170524,0.9609954712416234,1.2039193358243696,0.0,0.6117488557017101,20.62,"['GREEN_BOND_LOAN_INDICATOR', 'Issue_Age', 'YAS_RISK']","[nan, 0.4174731599656202, 0.31103603952509706]"
2026-06-08,FI4000577952,RFGB 2 1/2 04/15/30,2030-04-15,0.3026901381878013,NO ACTION,0.0,0.9580277249064469,0.010008413434385055,0.0,0.07071913224089534,-2.759,"['GREEN_BOND_LOAN_INDICATOR', 'Issue_Age', 'AMT_OUTSTANDING']","[nan, 0.3777654179929229, 0.26065114931197086]"
2026-06-08,FI4000586284,RFGB 3.2 04/15/45,2045-04-15,-2.486659873170204,STRONG SELL,-2.797141177682055,0.9839388659300636,-1.7100682623814254,0.0,-2.5190823213075624,50.893,"['GREEN_BOND_LOAN_INDICATOR', 'AMT_OUTSTANDING', 'YAS_RISK']","[nan, 0.6329661783313083, 0.1734456806975386]"
2026-06-08,FI4000587415,RFGB 3 09/15/35,2035-09-15,-0.5797292119264768,WEAK SELL,-0.6851394092421673,0.9899414809583906,-1.1020777858669615,0.0,-1.0783644979386702,24.488,"['GREEN_BOND_LOAN_INDICATOR', 'AMT_OUTSTANDING', 'Cpn']","[nan, 0.5631133113803864, 0.23020937110651327]"
2026-06-08,FI4000591862,RFGB 2 5/8 04/15/32,2032-04-15,0.0609747619380467,NO ACTION,0.0,0.9608957088663276,0.010008413434385055,0.0,0.0712818144504528,8.86,"['GREEN_BOND_LOAN_INDICATOR', 'Cpn', 'Issue_Age']","[nan, 0.4576780224417781, 0.3356320197623766]"
2026-06-08,FI4000598776,RFGB 3.55 04/15/41,2041-04-15,2.207804060308156,STRONG BUY,2.7120655393944273,0.9784657950895701,1.8918756507641616,0.0,2.2863574842041863,46.105,"['GREEN_BOND_LOAN_INDICATOR', 'AMT_OUTSTANDING', 'Issue_Age']","[nan, 0.39044114564676263, 0.3027429225237042]"
2026-06-08,FI4000602891,RFGB 3.35 09/15/36,2036-09-15,-0.1361655849106462,NO ACTION,-0.038709308820162956,0.9776006788259224,-1.2330446598729397,0.0,-0.7382904604252138,28.925,"['GREEN_BOND_LOAN_INDICATOR', 'AMT_OUTSTANDING', 'Cpn']","[nan, 0.4630948290159182, 0.31083619179928856]"
2026-06-08,EU000A18Z2D4,EU 0 3/4 04/04/31,2031-04-04,-0.5467518262460462,NO ACTION,0.08963456135331208,0.9329118298362795,0.6516049952124077,-1.8175860615996202,0.3720507911971659,7.363,"['YAS_RISK', 'REL_SPRD_LOG', 'Cpn']","[0.48964710908008474, 0.15577725824144464, 0.13562712982460892]"
2026-06-08,EU000A19XC51,EU 1 1/4 04/04/33,2033-04-04,7.046189277157605,STRONG BUY,2.370632113042011,0.9793859529869892,1.7684032005539607,-2.5891060493144034,1.8560033985578508,25.264,"['YAS_RISK', 'AMT_OUTSTANDING', 'Cpn']","[0.45912359591117236, 0.1556801036386974, 0.1254912805426976]"
2026-06-08,EU000A1G1Q17,EU 3 3/8 04/04/32,2032-04-04,-1.481623074932754,WEAK SELL,-0.33213756421238905,0.9685383731620572,-0.8865350738337282,-1.7601589644270157,-0.8981804191007371,11.697,"['YAS_RISK', 'Cpn', 'Issue_Age']","[0.4358682888055127, 0.21122283771511524, 0.1369940295099482]"
2026-06-08,EU000A1G30R0,EU 3 3/8 04/04/38,2038-04-04,0.5735213610673284,NO ACTION,-0.129453112334635,0.9528614382355493,-0.6455051181411992,-0.5676132455390958,-0.5220551518893228,41.106,"['REL_SPRD_LOG', 'YAS_RISK', 'Cpn']","[0.6241601603212652, 0.13297996093198938, 0.08994276743876829]"
2026-06-08,EU000A1G6TV9,EU 2 7/8 04/04/28,2028-04-04,5.271487712060692,STRONG BUY,1.8664911140501304,0.9727424900022706,1.5052159523163542,-0.7046871990965624,1.5240163121891395,-3.981,"['YAS_RISK', 'REL_SPRD_LOG', 'Issue_Age']","[0.49419555475766447, 0.28339407356378016, 0.06225215577870267]"
2026-06-08,EU000A1GY6W8,EU 3 3/4 04/04/42,2042-04-04,4.983731680244887,NO ACTION,0.6858597233576782,0.9493320612086572,0.938690826639296,-1.0711446285878121,0.7592969734411366,60.393,"['YAS_RISK', 'REL_SPRD_LOG', 'Cpn']","[0.372981840727489, 0.3079728880649866, 0.1395284791044725]"
2026-06-08,EU000A1Z6TV6,EU 1 1/2 10/04/35,2035-10-04,2.0323960473922824,MODERATE BUY,1.3510522848476556,0.949947889251829,1.3959688914648247,-2.1129706048692274,1.2270511074161177,31.978,"['REL_SPRD_LOG', 'AMT_OUTSTANDING', 'YAS_RISK']","[0.5375922191331105, 0.13394792381679602, 0.09390729290575546]"
2026-06-08,EU000A1ZR7H3,EU 1 3/8 10/04/29,2029-10-04,4.289857279825111,STRONG BUY,2.193396386290629,0.9894746391926061,1.5917505265043639,-0.5238964665596931,1.7176201059986185,3.899,"['YAS_RISK', 'AMT_OUTSTANDING', 'Issue_Age']","[0.6631173039167845, 0.10476259075149986, 0.08151238804641148]"
2026-06-08,EU000A283859,EU 0 10/04/30,2030-10-04,-4.916979822527719,STRONG SELL,-1.8112672116076267,0.9789725059744137,-1.5819661793744069,0.48757813247904236,-1.5505031835143426,0.289,"['YAS_RISK', 'Cpn', 'REL_SPRD_LOG']","[0.516166531802131, 0.20600360010700433, 0.18065457303882065]"
2026-06-08,EU000A283867,EU 0.1 10/04/40,2040-10-04,-13.871473681890848,STRONG SELL,-2.79989035176133,0.9757004693074933,-1.689345769100269,0.5372326725696083,-2.0832467821819,36.243,"['REL_SPRD_LOG', 'Cpn', 'YAS_RISK']","[0.6913730304773037, 0.14822798287233832, 0.06584675534547978]"
2026-06-08,EU000A284469,EU 0.3 11/04/50,2050-11-04,-20.49812471550664,STRONG SELL,-2.279247340821099,0.9572896378336663,-1.7575589373797065,1.6001069179012626,-1.8345333315895336,59.999,"['REL_SPRD_LOG', 'YAS_RISK', 'Cpn']","[0.7870331319059559, 0.10522850350076648, 0.06933380670638893]"
2026-06-08,EU000A285VM2,EU 0 07/04/35,2035-07-04,-2.178760886098836,WEAK SELL,-0.7184314292798274,0.9723422474330644,-0.767546879813178,-0.9552147811513146,-0.9252160186261811,26.639,"['Cpn', 'REL_SPRD_LOG', 'YAS_RISK']","[0.32478557820565873, 0.26052661528906806, 0.24129515490318046]"
2026-06-08,EU000A287074,EU 0 06/02/28,2028-06-02,-0.1990505974866643,NO ACTION,-0.6919391612704183,0.971992821146409,-0.7874833958844896,1.1234552309869155,-0.7553293543351829,-8.47,"['YAS_RISK', 'REL_SPRD_LOG', 'Cpn']","[0.5115218928852288, 0.28629618253473016, 0.13859763977009618]"
2026-06-08,EU000A28X702,EU 0 1/8 06/10/35,2035-06-10,2.6743790185053307,MODERATE BUY,1.6665411931093144,0.9627250368695891,1.6582476402358908,-0.7863640752718387,1.4638471926390904,31.196,"['REL_SPRD_LOG', 'Cpn', 'YAS_RISK']","[0.5116320600546163, 0.17953138498412363, 0.1443636549965396]"
2026-06-08,EU000A3K4C42,EU 0.4 02/04/37,2037-02-04,-0.7583971869352908,NO ACTION,-0.3756840649858261,0.9536624771835125,-0.887695934263197,-0.09117721611892333,-0.6351151261014715,34.991,"['GREEN_BOND_LOAN_INDICATOR', 'REL_SPRD_LOG', 'Cpn']","[0.46746853525613197, 0.24014762272691043, 0.16463506525273472]"
2026-06-08,EU000A3K4D09,EU 2 3/4 12/04/37,2037-12-04,3.184688695711202,NO ACTION,0.35327176697965784,0.9677955246557081,0.3306270864642894,-1.380914219290959,0.4213698523463735,42.375,"['REL_SPRD_LOG', 'YAS_RISK', 'Cpn']","[0.4211105941302233, 0.24606555881072384, 0.13694308538009195]"
2026-06-08,EU000A3K4D41,EU 3 1/4 07/04/34,2034-07-04,-0.7134210575784152,NO ACTION,0.0016787349052388473,0.9831452939634515,0.23419996252950218,-0.5916556140182498,0.21785094559598686,23.513,"['REL_SPRD_LOG', 'Cpn', 'YAS_RISK']","[0.5850049610581871, 0.15659740840096278, 0.10421045077511168]"
2026-06-08,EU000A3K4D74,EU 3 3/8 10/04/38,2038-10-04,4.436367850918813,NO ACTION,0.5846689130458318,0.9812694574943442,1.142951790033216,-0.8415167716861103,0.7709640017159559,46.965,"['YAS_RISK', 'REL_SPRD_LOG', 'Cpn']","[0.32192864482352546, 0.31861213246410475, 0.19207281195369472]"
2026-06-08,EU000A3K4DD8,EU 1 07/06/32,2032-07-06,-2.0665852669848217,NO ACTION,-0.5175330689142544,0.9772398180253405,-0.39157951724304957,0.1500856948957979,-0.5555971703972797,12.416,"['REL_SPRD_LOG', 'YAS_RISK', 'Cpn']","[0.4526522691626643, 0.33312376811452216, 0.09922020372059426]"
2026-06-08,EU000A3K4DE6,EU 1 1/8 06/04/37,2037-06-04,0.3010207603146781,NO ACTION,-0.17983012872348939,0.8740583722150966,-0.4175474603283404,0.27096349726594804,-0.3736370013555222,37.427,"['REL_SPRD_LOG', 'AMT_OUTSTANDING', 'Cpn']","[0.6184275615221171, 0.14300934288838915, 0.12994485905220698]"
2026-06-08,EU000A3K4DG1,EU 1 1/4 02/04/43,2043-02-04,0.641008788741388,NO ACTION,-0.11697675360152619,0.9721790987908072,-0.2896509243164319,0.8037659801010031,-0.3221527263894611,58.879,"['GREEN_BOND_LOAN_INDICATOR', 'YAS_RISK', 'REL_SPRD_LOG']","[0.4626298972600567, 0.25467696793901007, 0.2022208618467436]"
2026-06-08,EU000A3K4DM9,EU 2 5/8 02/04/48,2048-02-04,2.674389684799138,NO ACTION,0.42630094134404395,0.9827863342505025,0.3235357434060127,1.010814028889822,0.6304733826447699,76.012,"['YAS_RISK', 'GREEN_BOND_LOAN_INDICATOR', 'REL_SPRD_LOG']","[0.4357409652755703, 0.336454222177656, 0.15827011407638308]"
2026-06-08,EU000A3K4DT4,EU 2 1/2 10/04/52,2052-10-04,4.164916254687213,WEAK BUY,0.6003300316282202,0.9798381266973263,0.7316538926531679,1.2046078636306916,0.866719131530017,89.239,"['YAS_RISK', 'REL_SPRD_LOG', 'GREEN_BOND_LOAN_INDICATOR']","[0.5270910217741481, 0.3694986150353904, 0.04411306861920752]"
2026-06-08,EU000A3K4DV0,EU 3 3/8 11/04/42,2042-11-04,5.183740082971958,WEAK BUY,0.7228351522347547,0.9770571194808623,1.190168526197044,1.5286678194568777,1.113115133305837,62.581,"['YAS_RISK', 'Cpn', 'GREEN_BOND_LOAN_INDICATOR']","[0.674955477787803, 0.20428082050601293, 0.0785852832837254]"
2026-06-08,EU000A3K4DW8,EU 2 3/4 02/04/33,2033-02-04,-1.8034033699412648,NO ACTION,-0.43412128385577403,0.9717849066693701,-0.6763436278110003,0.37044614237915857,-0.5927208554474234,15.614,"['GREEN_BOND_LOAN_INDICATOR', 'REL_SPRD_LOG', 'YAS_RISK']","[0.35856877490878636, 0.3538635652926928, 0.18420471954215148]"
2026-06-08,EU000A3K4DY4,EU 3 03/04/53,2053-03-04,4.542033562106425,WEAK BUY,0.6443610360171669,0.98468284820837,0.7008658551759523,0.7907054408681268,0.8110500179843986,90.562,"['YAS_RISK', 'REL_SPRD_LOG', 'Cpn']","[0.5964292901737631, 0.24129527634976464, 0.08111322105415535]"
2026-06-08,EU000A3K4EL9,EU 4 04/04/44,2044-04-04,5.830577604898743,WEAK BUY,0.8424156021604772,0.988016626888752,1.3856473280810697,0.6568370345727463,1.0832129180437873,67.847,"['YAS_RISK', 'Cpn', 'REL_SPRD_LOG']","[0.566280693825732, 0.18861778670399393, 0.15686753953578608]"
2026-06-08,EU000A3K4EN5,EU 3 1/8 12/05/28,2028-12-05,0.1825548692649601,NO ACTION,-0.5134720847011351,0.9843990906866229,-0.4512502669273743,0.7324472235827647,-0.5716101159645487,-5.038,"['YAS_RISK', 'REL_SPRD_LOG', 'Cpn']","[0.44340018643172346, 0.3929110240736605, 0.07944901321898346]"
2026-06-08,EU000A3K4ES4,EU 3 12/04/34,2034-12-04,-1.5860098452682578,NO ACTION,-0.4271365084529155,0.9740378135701501,-0.32117080858613867,-0.7838896741348933,-0.6220976520691062,24.588,"['REL_SPRD_LOG', 'Cpn', 'AMT_OUTSTANDING']","[0.6030776637071383, 0.13138556264513276, 0.10119458704590381]"
2026-06-08,EU000A3K4EU0,EU 3 1/4 02/04/50,2050-02-04,4.479503025843428,NO ACTION,0.637060171637642,0.9922049673958853,0.40758456210918187,1.0974174934687788,0.7777327075500662,83.102,"['YAS_RISK', 'GREEN_BOND_LOAN_INDICATOR', 'Cpn']","[0.5265920368137806, 0.3158950621009545, 0.09255313992980406]"
2026-06-08,EU000A3K4EY2,EU 3 3/8 10/05/54,2054-10-05,3.011928528638805,NO ACTION,0.4657108915694873,0.9803685364343102,0.7726625491289673,0.9125260781862593,0.7603826635273265,92.536,"['YAS_RISK', 'Cpn', 'GREEN_BOND_LOAN_INDICATOR']","[0.7589299707900926, 0.12013003266772547, 0.04621311303083653]"
2026-06-08,EU000A3K7MW2,EU 1 5/8 12/04/29,2029-12-04,-0.8170536562387438,NO ACTION,-0.027937617559293096,0.9837532641492558,-0.46706068125481315,1.0931618188411443,-0.3289595795344534,-0.256,"['YAS_RISK', 'REL_SPRD_LOG', 'GREEN_BOND_LOAN_INDICATOR']","[0.45542387062393797, 0.43454237874878165, 0.044849178088709044]"
2026-06-08,EU000A3KM903,EU 0.2 06/04/36,2036-06-04,-3.339165226368195,WEAK SELL,-1.2886875185012407,0.9792792685994922,-1.1724852809274404,-0.012753409175286891,-1.1711297179603792,29.542,"['REL_SPRD_LOG', 'Cpn', 'YAS_RISK']","[0.5441358129836346, 0.2229403620938181, 0.1093178847354709]"
2026-06-08,EU000A3KNYG5,EU 0.45 05/02/46,2046-05-02,-10.720344455465856,STRONG SELL,-2.2173430537203154,0.9669924925468958,-1.1420505487983241,0.8000861641672974,-1.6307234065663732,57.627,"['REL_SPRD_LOG', 'YAS_RISK', 'Cpn']","[0.6923738478494379, 0.13480806943225193, 0.09215141884328353]"
2026-06-08,EU000A3KP2Z3,EU 0 1/4 04/22/36,2036-04-22,-3.6286286720732335,MODERATE SELL,-1.4309381864727115,0.9805027501910416,-0.9050583685126432,-0.8335448332768686,-1.3073111562720943,28.741,"['REL_SPRD_LOG', 'Cpn', 'YAS_RISK']","[0.4763957231090716, 0.23396887132729113, 0.12267012251247451]"
2026-06-08,EU000A3KRJQ6,EU 0 07/04/29,2029-07-04,-3.862658445405194,MODERATE SELL,-1.3526729742479215,0.9915760961025984,-1.2544773577827464,0.716883077847615,-1.2267776617747246,-5.702,"['YAS_RISK', 'REL_SPRD_LOG', 'Cpn']","[0.5029663744390731, 0.2505352771867612, 0.16143637645722797]"
2026-06-08,EU000A3KRJR4,EU 0 3/4 01/04/47,2047-01-04,-15.225874058744225,MODERATE SELL,-1.6636763043279952,0.9485465607271973,-1.6693083086437859,0.8986167890313269,-1.4949442340426247,55.078,"['REL_SPRD_LOG', 'YAS_RISK', 'Cpn']","[0.67141766844519, 0.1783292539983088, 0.07479141829122467]"
2026-06-08,EU000A3KSXE1,EU 0 07/04/31,2031-07-04,-3.332531297141439,WEAK SELL,-0.9187567828142429,0.9751087711918311,-1.1589839694107924,0.31361900376625984,-0.9762462726578719,5.908,"['REL_SPRD_LOG', 'YAS_RISK', 'Cpn']","[0.3727691799374678, 0.3566273328190151, 0.1642385816708085]"
2026-06-08,EU000A3KT6A3,EU 0 04/22/31,2031-04-22,-0.2650895708420995,NO ACTION,0.21214814213881905,0.9706762392663086,0.39722514458098757,-0.5564746348700658,0.36888622985995506,7.909,"['YAS_RISK', 'Cpn', 'AMT_OUTSTANDING']","[0.5338907431914156, 0.2358602620330364, 0.07792029463372875]"
2026-06-08,EU000A3KT6B1,EU 0.45 07/04/41,2041-07-04,-0.0111564930514163,NO ACTION,-0.237542143176354,0.9709536864921409,-0.7146267858871773,-1.0688452487640963,-0.6846466301317128,52.785,"['Cpn', 'YAS_RISK', 'GREEN_BOND_LOAN_INDICATOR']","[0.3872052702990093, 0.29300140548451054, 0.1403979997545655]"
2026-06-08,EU000A3KTGW6,EU 0.7 07/06/51,2051-07-06,-2.879278671617783,NO ACTION,-0.22212752100790667,0.982812519304062,-0.3786333998448434,0.8522449795331901,-0.4025993466304298,79.25,"['REL_SPRD_LOG', 'YAS_RISK', 'Cpn']","[0.5924668080302872, 0.22836828033915507, 0.10125360300465522]"
2026-06-08,EU000A3KWCF4,EU 0 10/04/28,2028-10-04,-0.2090014834092146,NO ACTION,-0.6965929350619449,0.9862600770733736,-0.441017029880644,0.878290693023102,-0.6621938875638116,-6.439,"['YAS_RISK', 'REL_SPRD_LOG', 'Cpn']","[0.43837348723466896, 0.3601074989927112, 0.12498360283300823]"
2026-06-08,EU000A3L1CN4,EU 2 7/8 10/05/29,2029-10-05,0.0341977790154315,NO ACTION,0.3423280445267525,0.985881910267176,0.6394411967992781,0.7914925433816131,0.6403707822192288,-0.341,"['YAS_RISK', 'REL_SPRD_LOG', 'Cpn']","[0.4258822773518303, 0.4232719411841711, 0.06972514872532513]"
2026-06-08,EU000A3L1DJ0,EU 2 1/2 12/04/31,2031-12-04,-1.046862693184762,NO ACTION,-0.1943464018198456,0.9494346427237353,-0.3501797012747118,-0.0027838066021646526,-0.375236013551346,10.4,"['REL_SPRD_LOG', 'YAS_RISK', 'AMT_OUTSTANDING']","[0.4916727918614639, 0.321322756204753, 0.06392516858484287]"
2026-06-08,EU000A3LNF05,EU 3 1/8 12/04/30,2030-12-04,-1.5095182096367328,NO ACTION,-0.3291363418333579,0.9660148556428156,-0.5035268403979085,0.2642571483192096,-0.48948907260107327,4.609,"['REL_SPRD_LOG', 'YAS_RISK', 'Cpn']","[0.44239242717708155, 0.35335431722450455, 0.09528074771421816]"
2026-06-08,EU000A3LZ0X9,EU 3 3/8 10/04/39,2039-10-04,5.626873835361231,WEAK BUY,0.8047570131220715,0.9846881836709972,1.19049659544885,-0.5932477243422595,0.8969484736360663,52.019,"['YAS_RISK', 'REL_SPRD_LOG', 'Cpn']","[0.34674228576142346, 0.3342410322788714, 0.1647453969567663]"
2026-06-08,EU000A4D5QM6,EU 2 5/8 07/04/28,2028-07-04,1.3564169567461055,NO ACTION,0.03551306698336798,0.9777143527969849,0.12336302761152627,0.5942667753433516,0.3035919547959946,-6.385,"['YAS_RISK', 'REL_SPRD_LOG', 'Cpn']","[0.4651328286986776, 0.3990475639189595, 0.04428027453682111]"
2026-06-08,EU000A4D8KD2,EU 3 3/8 12/12/35,2035-12-12,-0.2028855911780134,NO ACTION,0.2525705562946207,0.9728807842634424,0.24169508312846366,-0.6483245915628357,0.3458667132784578,30.581,"['REL_SPRD_LOG', 'Cpn', 'AMT_OUTSTANDING']","[0.5798886577456771, 0.18377757364859454, 0.07915297858169265]"
2026-06-08,EU000A4EA8Y7,EU 3 3/4 10/12/45,2045-10-12,4.923732571945948,NO ACTION,0.6747677255648518,0.9877984685096157,0.7904161428709519,0.1263651943001635,0.7396989053134974,71.633,"['YAS_RISK', 'Cpn', 'REL_SPRD_LOG']","[0.6050462178896403, 0.16576939653224798, 0.1129275611952939]"
2026-06-08,EU000A4ED0K0,EU 2 3/4 12/13/32,2032-12-13,-0.3507932129680426,NO ACTION,0.026262988574494658,0.9727839333129289,0.20879983161079932,-0.2562530667610268,0.22142191738755343,16.343,"['REL_SPRD_LOG', 'YAS_RISK', 'Cpn']","[0.5285666942520256, 0.25192421584518804, 0.08303997299318956]"
2026-06-08,EU000A4EG021,EU 2 1/2 10/14/30,2030-10-14,-0.6360168900365242,NO ACTION,0.050807269466672876,0.9504457138312319,0.11406352612762961,0.5520512866482038,0.296961293713003,4.72,"['REL_SPRD_LOG', 'YAS_RISK', 'GREEN_BOND_LOAN_INDICATOR']","[0.469331846227409, 0.3902352073711812, 0.04666352708717551]"
2026-06-08,EU000A4EG039,EU 4 10/12/55,2055-10-12,3.7166722790974944,NO ACTION,0.5479945061346364,0.9815060247034514,0.485829078665007,1.0639788577760396,0.7470512553476047,95.385,"['YAS_RISK', 'Cpn', 'GREEN_BOND_LOAN_INDICATOR']","[0.7240926413134899, 0.16508937706643018, 0.04409178233267127]"
2026-06-08,EU000A4EJF17,EU 3 5/8 12/12/40,2040-12-12,7.509227001118859,WEAK BUY,1.1527464708299424,0.9883088270363506,1.0852620739078758,-0.2577282937991117,1.0448550811070192,58.309,"['YAS_RISK', 'REL_SPRD_LOG', 'Cpn']","[0.41399148997907964, 0.27142239935146784, 0.17803906302974776]"
2026-06-08,EU000A4ENP68,EU 2 3/8 07/12/29,2029-07-12,0.7017706843430735,NO ACTION,0.6326997414720141,0.9860698019132207,0.4048842998058523,1.1203075997954355,0.7775925017553298,-1.011,"['YAS_RISK', 'REL_SPRD_LOG', 'GREEN_BOND_LOAN_INDICATOR']","[0.4493611520667429, 0.4453779083730569, 0.04151037716007404]"
2026-06-08,EU000A4ERVC2,EU 3 1/4 12/12/36,2036-12-12,2.5470788997535365,NO ACTION,0.23539724100821016,0.9663194862946435,0.19918487892324266,-0.16697426507488042,0.3240026067443077,37.671,"['REL_SPRD_LOG', 'Cpn', 'YAS_RISK']","[0.558870009553197, 0.16962460239941138, 0.1397525365118412]"
2026-06-08,EU000A4ES497,EU 4 10/12/46,2046-10-12,6.245853616571026,NO ACTION,0.8432935878258039,0.9900347265153148,0.5912781070244701,-0.012323748907199608,0.7481018777424677,75.89,"['YAS_RISK', 'Cpn', 'REL_SPRD_LOG']","[0.6025607978137356, 0.16841644344632853, 0.10543951589877698]"
2026-06-08,EU000A4EUY43,EU 3 1/8 10/12/33,2033-10-12,0.4905624345348975,NO ACTION,0.593350873549865,0.9522528245004998,0.3813137858683774,-0.785868666821131,0.5551970342050991,21.263,"['REL_SPRD_LOG', 'YAS_RISK', 'Cpn']","[0.5375737134649073, 0.17030442889884864, 0.12767512824816593]"
2026-06-08,AT0000A04967,RAGB 4.15 03/15/37,2037-03-15,-0.7887856814736018,WEAK SELL,-0.9836324457921001,0.9756123142514449,-1.3254957663345956,1.3783262700359002,-1.1625622068999424,20.956,"['Cpn', 'REL_SPRD_LOG', 'YAS_RISK']","[0.45212967823559147, 0.27669570881148814, 0.18605065437864327]"
2026-06-08,AT0000A0U299,RAGB 3.8 01/26/62,2062-01-26,0.0895878901935844,MODERATE BUY,0.9849263964191144,0.9731855236709055,1.6190974383503458,2.137307102856289,1.3947654137483017,67.441,"['YAS_RISK', 'Issue_Age', 'Cpn']","[0.5028621069987411, 0.2985877108518665, 0.17239037632658624]"
2026-06-08,AT0000A0VRQ6,RAGB 3.15 06/20/44,2044-06-20,-2.144741065729775,STRONG SELL,-2.430921287338433,0.9651217811581791,-1.7375137728973316,0.7993837596385672,-2.0238602548819093,39.116,"['Issue_Age', 'REL_SPRD_LOG', 'YAS_RISK']","[0.31118902090254685, 0.2930102873620363, 0.2656995043020984]"
2026-06-08,AT0000A10683,RAGB 2.4 05/23/34,2034-05-23,0.5750476214346989,NO ACTION,0.0,0.9579594828370426,0.007078600647358059,-0.7040083187240141,0.05700759666627487,12.439,"['Issue_Age', 'YAS_RISK', 'AMT_OUTSTANDING']","[0.41615035576513654, 0.19177803802133564, 0.14517400400842756]"
2026-06-08,AT0000A1K9F1,RAGB 1 1/2 02/20/47,2047-02-20,-2.870690183478075,MODERATE SELL,-1.118083814156811,0.984613701781895,-1.0178694188101471,-0.3569601268678164,-1.2066056942847545,43.892,"['Issue_Age', 'YAS_RISK', 'REL_SPRD_LOG']","[0.39442107453968955, 0.22404681224399395, 0.1615961966188595]"
2026-06-08,AT0000A1PEF7,RAGB 1 1/2 11/02/2086,2086-11-02,2.9691364671364937,NO ACTION,0.0,0.9612280885243525,0.007078600647358059,-0.7521897800172533,0.05756861757683484,85.774,"['YAS_RISK', 'REL_SPRD_LOG', 'Cpn']","[0.3593441169586345, 0.2399127631451869, 0.15010236777130165]"
2026-06-08,AT0000A1ZGE4,RAGB 0 3/4 02/20/28,2028-02-20,0.034283139172313,NO ACTION,0.0,0.9286451249104931,0.007078600647358059,-1.1752877597855753,0.05197610331720446,-16.694,"['YAS_RISK', 'REL_SPRD_LOG', 'Issue_Age']","[0.41682851046508246, 0.16174053079153983, 0.13792032001650023]"
2026-06-08,AT0000A269M8,RAGB 0 1/2 02/20/29,2029-02-20,-1.891251280220864,NO ACTION,0.0,0.9421749124390123,0.007078600647358059,-1.3833705607285154,0.05429834541217546,-13.307,"['Issue_Age', 'YAS_RISK', 'Cpn']","[0.2862879468397418, 0.24913682597608727, 0.16489892849700166]"
2026-06-08,AT0000A2CQD2,RAGB 0 02/20/30,2030-02-20,-0.9901582863777358,NO ACTION,0.0,0.9694630989939493,0.007078600647358059,-0.7488666438836412,0.05898206829989421,-7.412,"['YAS_RISK', 'REL_SPRD_LOG', 'Issue_Age']","[0.34877584679015033, 0.2602541482327054, 0.14058742262167775]"
2026-06-08,AT0000A2EJ08,RAGB 0 3/4 03/20/51,2051-03-20,-1.9286561339961488,WEAK SELL,-0.44885370284044673,0.9677461624462588,-1.0279343748113665,0.4193098065174269,-0.8007230521915313,51.945,"['REL_SPRD_LOG', 'YAS_RISK', 'Cpn']","[0.3489001005251721, 0.2794942275304839, 0.21197707398945595]"
2026-06-08,AT0000A2KQ43,RAGB 0 10/20/40,2040-10-20,0.1808806454862974,NO ACTION,0.05134796088413162,0.9767303280184206,1.2411196291353233,-0.8051262426171968,0.4396857673436039,32.538,"['Issue_Age', 'REL_SPRD_LOG', 'Cpn']","[0.29760801706176904, 0.24691186626463726, 0.2007268052693649]"
2026-06-08,AT0000A2NW83,RAGB 0 02/20/31,2031-02-20,1.0019861251945863,NO ACTION,0.0,0.9867944571517984,0.007078600647358059,-0.34382247617906686,0.06195680898908382,-0.71,"['AMT_OUTSTANDING', 'REL_SPRD_LOG', 'Issue_Age']","[0.34707334002943524, 0.22872948699820908, 0.20528190196765794]"
2026-06-08,AT0000A2QQB6,RAGB 0.7 04/20/2071,2071-04-20,-0.6350563899682413,NO ACTION,0.4701320824087377,0.9838473955268471,1.4200435777416152,-0.5070025336015066,0.7077306105213711,74.164,"['REL_SPRD_LOG', 'Cpn', 'YAS_RISK']","[0.29700593038816686, 0.2928515475865581, 0.17855002201059575]"
2026-06-08,AT0000A2T198,RAGB 0 1/4 10/20/36,2036-10-20,0.5173485230436796,NO ACTION,0.410479397199574,0.9684720753662187,1.2476747543258608,-0.39306783125536227,0.625066633770076,20.95,"['REL_SPRD_LOG', 'YAS_RISK', 'Cpn']","[0.4575570269017991, 0.16620940029359166, 0.15349249946939822]"
2026-06-08,AT0000A2VB47,RAGB 0 10/20/28,2028-10-20,-1.0929812074713858,NO ACTION,0.0,0.9834097932784157,0.007078600647358059,-0.1976915306686131,0.061375867942705296,-14.259,"['Issue_Age', 'REL_SPRD_LOG', 'Cpn']","[0.42445616713597145, 0.2510043353769339, 0.11697693398197394]"
2026-06-08,AT0000A2WSC8,RAGB 0.9 02/20/32,2032-02-20,1.1389104094492055,NO ACTION,0.0,0.9831221069701611,0.007078600647358059,-0.12229844151607576,0.06132648969092068,3.871,"['YAS_RISK', 'REL_SPRD_LOG', 'Issue_Age']","[0.4091750934804462, 0.2363737612068, 0.15274576479956184]"
2026-06-08,AT0000A2Y8G4,RAGB 1.85 05/23/49,2049-05-23,-4.724477782957273,STRONG SELL,-2.435032476722284,0.976538452313658,-1.4441590168310228,-1.0939545347491435,-2.1317835907675273,46.143,"['Issue_Age', 'GREEN_BOND_LOAN_INDICATOR', 'REL_SPRD_LOG']","[0.262479789424845, 0.24629973963313917, 0.21402849600404691]"
2026-06-08,AT0000A324S8,RAGB 2.9 02/20/33,2033-02-20,1.5054329161823308,NO ACTION,0.0,0.980609644269651,0.007078600647358059,-0.07852527439828622,0.06089525256817427,8.444,"['YAS_RISK', 'Issue_Age', 'REL_SPRD_LOG']","[0.38378295350819236, 0.28874318834844076, 0.12916915337946597]"
2026-06-08,AT0000A33SH3,RAGB 2.9 05/23/29,2029-05-23,-3.515818256676134,NO ACTION,0.0,0.940920881003263,0.007078600647358059,-0.41431490489781286,0.054083104442398576,-13.645,"['GREEN_BOND_LOAN_INDICATOR', 'Issue_Age', 'YAS_RISK']","[0.2865381263061621, 0.259863609523724, 0.22920653558565282]"
2026-06-08,AT0000A33SK7,RAGB 3.15 10/20/53,2053-10-20,-0.8933871139951748,WEAK BUY,0.28661143441086656,0.9665541242960299,1.4192951579363962,1.7515123952122749,0.910678501385675,56.821,"['YAS_RISK', 'Issue_Age', 'Cpn']","[0.8483753593134128, 0.05820994339695423, 0.03728304357746916]"
2026-06-08,AT0000A38239,RAGB 3.45 10/20/30,2030-10-20,0.3335690564956635,NO ACTION,0.0,0.9698489960751223,0.007078600647358059,-0.21889255677333552,0.05904830337153425,-2.935,"['YAS_RISK', 'Issue_Age', 'GREEN_BOND_LOAN_INDICATOR']","[0.3895179351439234, 0.21619525456756414, 0.18507716890254272]"
2026-06-08,AT0000A39UW5,RAGB 2.9 02/20/34,2034-02-20,0.836657372956422,NO ACTION,0.0,0.9727495952902658,0.007078600647358059,1.219566931097668,0.2688716692332425,11.737,"['YAS_RISK', 'GREEN_BOND_LOAN_INDICATOR', 'Cpn']","[0.6515401339500932, 0.15761732256470548, 0.09338479529849027]"
2026-06-08,AT0000A3D3Q8,RAGB 3.2 07/15/39,2039-07-15,1.6808873227232688,STRONG BUY,1.652390997710125,0.9667545213738717,1.3668025412531137,2.1348036747902803,1.6647483838013875,30.535,"['Issue_Age', 'Cpn', 'REL_SPRD_LOG']","[0.689852583498504, 0.15697697139350247, 0.12681615148193429]"
2026-06-08,AT0000A3EPP2,RAGB 2 1/2 10/20/29,2029-10-20,-0.4159604335917901,NO ACTION,0.0,0.9411005921938906,0.007078600647358059,1.0944662487735288,0.241967276456217,-8.488,"['Issue_Age', 'YAS_RISK', 'AMT_OUTSTANDING']","[0.4491487787117911, 0.3167852770828489, 0.12688930006911267]"
2026-06-08,AT0000A3HU25,RAGB 2.95 02/20/35,2035-02-20,2.003995701841781,NO ACTION,0.0,0.9726980623307584,0.007078600647358059,-0.9149642487644324,0.05953731486386208,16.648,"['Issue_Age', 'AMT_OUTSTANDING', 'YAS_RISK']","[0.3722852726740397, 0.18268279993319506, 0.18174545587128318]"
2026-06-08,AT0000A3NY15,RAGB 2.8 09/20/32,2032-09-20,1.5905029627218568,NO ACTION,0.0,0.9794622265663472,0.007078600647358059,0.328354815944334,0.11705687316861452,6.8,"['Issue_Age', 'YAS_RISK', 'Cpn']","[0.3378787288586849, 0.3041382514312044, 0.19128825654294582]"
2026-06-08,AT0000A3RVH9,RAGB 3.2 02/20/36,2036-02-20,3.20569180180582,NO ACTION,0.0,0.9711055698938392,0.007078600647358059,-1.0391322976530233,0.059263980713925045,21.389,"['REL_SPRD_LOG', 'YAS_RISK', 'Cpn']","[0.35308124881201486, 0.20434641724004413, 0.16963942145599037]"
2026-06-08,AT0000A3T279,RAGB 3 3/4 03/20/56,2056-03-20,1.8848529505718616,STRONG BUY,2.260300080480823,0.9689708119533035,1.458729139397584,1.7977604033247794,1.946599070268053,62.79,"['YAS_RISK', 'Issue_Age', 'Cpn']","[0.7290783865458887, 0.12439933066772227, 0.09398357173743242]"
2026-06-08,AT0000A3V200,RAGB 2.85 10/20/31,2031-10-20,0.9918905632667836,NO ACTION,0.0,0.0,0.007078600647358059,1.3036566511502068,0.11634278686618871,2.255,"['YAS_RISK', 'Issue_Age', 'AMT_OUTSTANDING']","[0.4193284064472973, 0.3818296262461412, 0.10791703112721214]"
2026-06-08,AT0000A3V234,RAGB 3.55 09/20/41,2041-09-20,1.3510487305228691,WEAK BUY,1.3003353773367023,0.0,0.8195270105816832,1.1078235144689454,0.9847091109275941,36.099,"['Cpn', 'Issue_Age', 'AMT_OUTSTANDING']","[0.4508236283995084, 0.3492001004466576, 0.0938373341911392]"
2026-06-08,NL0000102234,NETHER 4 01/15/37,2037-01-15,0.2350361751869822,MODERATE SELL,-0.0012657440645492447,0.9293398516086063,-1.8684356889050595,-1.9205928798316725,-1.372606837780948,8.913,"['Cpn', 'AMT_OUTSTANDING', 'REL_SPRD_LOG']","[0.37534245761128876, 0.20386584045439435, 0.15525595949448942]"
2026-06-08,NL0000102317,NETHER 5 1/2 01/15/28,2028-01-15,-1.2505495516943448,NO ACTION,-2.590033114443381e-17,0.30163444752858143,-0.0026589758395961964,-1.9682936635186967,-0.1320565150822384,-22.429,"['Cpn', 'GREEN_BOND_LOAN_INDICATOR', 'AMT_OUTSTANDING']","[0.3541272897746882, 0.23198295880263986, 0.14513940885810991]"
2026-06-08,NL0009446418,NETHER 3 3/4 01/15/42,2042-01-15,1.1256518431942553,STRONG BUY,1.5473861469899661,0.9375083445813858,1.9777377597258157,-0.6471798637563476,1.5645592498822303,20.091,"['REL_SPRD_LOG', 'Cpn', 'GREEN_BOND_LOAN_INDICATOR']","[0.35531282946451526, 0.2601074234351414, 0.20486049076214435]"
2026-06-08,NL0010071189,NETHER 2 1/2 01/15/33,2033-01-15,-0.7574463982372812,NO ACTION,-2.590033114443381e-17,0.8690669480637478,-0.0026589758395961964,1.0850558487244422,0.19492647251353457,-3.107,"['Cpn', 'GREEN_BOND_LOAN_INDICATOR', 'Issue_Age']","[0.44749478142281074, 0.3337213501920188, 0.15580158588677603]"
2026-06-08,NL0010721999,NETHER 2 3/4 01/15/47,2047-01-15,-1.436904940788004,NO ACTION,-2.590033114443381e-17,0.7539491162529358,-0.0026589758395961964,0.6668767474844433,0.08940135669486816,25.081,"['GREEN_BOND_LOAN_INDICATOR', 'Cpn', 'Issue_Age']","[0.4397794204835717, 0.3818595419717434, 0.08719727694254312]"
2026-06-08,NL0012818504,NETHER 0 3/4 07/15/28,2028-07-15,-0.6639588409534127,NO ACTION,-2.590033114443381e-17,0.8654323475587533,-0.0026589758395961964,0.5911436725609754,0.09647535086018515,-19.654,"['Cpn', 'GREEN_BOND_LOAN_INDICATOR', 'Issue_Age']","[0.4738986526776551, 0.2861729083831412, 0.143660956065058]"
2026-06-08,NL0013332430,NETHER 0 1/4 07/15/29,2029-07-15,0.127512371100499,NO ACTION,-2.590033114443381e-17,0.7392802339705442,-0.0026589758395961964,0.7126276952070296,0.09555166124789927,-14.702,"['Cpn', 'GREEN_BOND_LOAN_INDICATOR', 'Issue_Age']","[0.4852804603819974, 0.2846673961010552, 0.14197158178257915]"
2026-06-08,NL0013552060,NETHER 0 1/2 01/15/40,2040-01-15,-0.4663209923944844,STRONG SELL,-1.2208244638318813,0.9284677423880796,-2.101446646228463,1.3468597075393893,-1.7931985253358764,14.768,"['Issue_Age', 'Cpn', 'REL_SPRD_LOG']","[0.6737084446682781, 0.22585417289278995, 0.05509830519109294]"
2026-06-08,NL0014555419,NETHER 0 07/15/30,2030-07-15,0.520886249716149,NO ACTION,-2.590033114443381e-17,0.8268964968953663,-0.0026589758395961964,0.020960444331795804,-0.02397377854639611,-10.433,"['Cpn', 'GREEN_BOND_LOAN_INDICATOR', 'Issue_Age']","[0.41701644538044746, 0.25358816873569495, 0.194702725582582]"
2026-06-08,NL00150006U0,NETHER 0 07/15/31,2031-07-15,0.8561249400131734,NO ACTION,-2.590033114443381e-17,0.8880410459884347,-0.0026589758395961964,0.12249063487473619,0.008215176005918338,-6.485,"['Cpn', 'GREEN_BOND_LOAN_INDICATOR', 'Issue_Age']","[0.42573343239899, 0.26171282307117216, 0.18470329808662164]"
2026-06-08,NL0015000B11,NETHER 0 01/15/38,2038-01-15,2.3882256947115064,STRONG BUY,3.7428195454648363,0.9094939047188052,2.337152840560128,-1.457816640474944,2.9807985226771105,13.394,"['Cpn', 'GREEN_BOND_LOAN_INDICATOR', 'Issue_Age']","[0.4473042002196453, 0.1949284360947842, 0.12341854191608378]"
2026-06-08,NL0015000LS8,NETHER 0 01/15/29,2029-01-15,0.2076193384925737,NO ACTION,-2.590033114443381e-17,0.8600243858162956,-0.0026589758395961964,-0.2143013137820397,-0.02156616860170667,-16.648,"['Cpn', 'GREEN_BOND_LOAN_INDICATOR', 'Issue_Age']","[0.40471926552527926, 0.2679399824558497, 0.17679358328980777]"
2026-06-08,NL0015000RP1,NETHER 0 1/2 07/15/32,2032-07-15,0.4550954096234476,NO ACTION,-2.590033114443381e-17,0.8613311804076946,-0.0026589758395961964,0.35782118090375636,0.04949559616609998,-3.507,"['Cpn', 'GREEN_BOND_LOAN_INDICATOR', 'Issue_Age']","[0.4542547225882317, 0.3079061183233027, 0.1258478567545424]"
2026-06-08,NL00150012X2,NETHER 2 01/15/54,2054-01-15,0.0467277486202704,NO ACTION,-2.590033114443381e-17,0.8732236032674365,-0.0026589758395961964,0.6459905177370557,0.10886974587894709,34.081,"['GREEN_BOND_LOAN_INDICATOR', 'Cpn', 'Issue_Age']","[0.45779630967457513, 0.3772560260498185, 0.0723763612483398]"
2026-06-08,NL0015001AM2,NETHER 2 1/2 07/15/33,2033-07-15,0.2896712475439336,NO ACTION,-2.590033114443381e-17,0.9691644442116958,-0.0026589758395961964,-0.03565507324466276,2.9712771069409287e-05,-0.527,"['Cpn', 'GREEN_BOND_LOAN_INDICATOR', 'Issue_Age']","[0.4195173690458901, 0.2952802444514514, 0.1466943538784182]"
2026-06-08,NL0015001DQ7,NETHER 2 1/2 01/15/30,2030-01-15,1.1095873390351318,NO ACTION,-2.590033114443381e-17,0.8612431027712322,-0.0026589758395961964,1.352002034792055,0.24619981261146243,-11.732,"['Cpn', 'GREEN_BOND_LOAN_INDICATOR', 'Issue_Age']","[0.48643009432884704, 0.314081806111027, 0.1544955685228546]"
2026-06-08,NL0015001RG8,NETHER 3 1/4 01/15/44,2044-01-15,-0.7354794101431459,STRONG SELL,-1.6888520402749916,0.9315325956080907,-2.085616670537072,0.7153388668111705,-2.0664146317150074,21.523,"['Issue_Age', 'GREEN_BOND_LOAN_INDICATOR', 'Cpn']","[0.6225255874968381, 0.14903135605855877, 0.14054520308320492]"
2026-06-08,NL0015001XZ6,NETHER 2 1/2 07/15/34,2034-07-15,-0.8407284209795216,NO ACTION,-2.590033114443381e-17,0.9562181921289624,-0.0026589758395961964,-1.177757972993994,-0.0025320022244262183,1.281,"['GREEN_BOND_LOAN_INDICATOR', 'REL_SPRD_LOG', 'Cpn']","[0.2860416242023431, 0.2676629796890603, 0.2308199881036336]"
2026-06-08,NL0015002F72,NETHER 2 1/2 07/15/35,2035-07-15,-1.2567376687856902,NO ACTION,-2.590033114443381e-17,0.8512720173981477,-0.0026589758395961964,-0.8074167026786792,-0.023298026847598165,3.612,"['Cpn', 'GREEN_BOND_LOAN_INDICATOR', 'Issue_Age']","[0.3474011459610472, 0.30168635859773907, 0.16039472967460647]"
2026-06-08,NL0015002P70,NETHER 3 1/2 01/15/56,2056-01-15,1.7574667992707234,NO ACTION,-2.590033114443381e-17,0.839441326061467,-0.0026589758395961964,-1.30467559693824,-0.025639002383265053,37.467,"['Cpn', 'GREEN_BOND_LOAN_INDICATOR', 'REL_SPRD_LOG']","[0.3212193408544927, 0.30513611756032366, 0.14961603700136566]"
2026-06-08,NL0015073TQ2,NETHER 2 1/2 01/15/31,2031-01-15,0.5981103975514017,NO ACTION,-2.590033114443381e-17,0.9514197639853109,-0.0026589758395961964,0.1649537579205812,0.029158428896198685,-8.503,"['Cpn', 'GREEN_BOND_LOAN_INDICATOR', 'Issue_Age']","[0.4120076354310635, 0.29298983080784735, 0.170013716626427]"
2026-06-08,NL0015073VV8,NETHER 2 3/4 07/15/36,2036-07-15,-1.1325287517883336,STRONG SELL,-2.37926344428338,0.8960242956434012,-1.8856404763810626,-1.8607848097991306,-2.771479428006027,6.313,"['Cpn', 'REL_SPRD_LOG', 'GREEN_BOND_LOAN_INDICATOR']","[0.29946127030366393, 0.26708417305825666, 0.1719493355969819]"
2026-06-08,NL0015614579,NETHER 0 01/15/52,2052-01-15,-1.1770732188212918,NO ACTION,-2.590033114443381e-17,0.9689725752214363,-0.0026589758395961964,0.4284743908751297,0.08477530181181017,30.994,"['GREEN_BOND_LOAN_INDICATOR', 'Cpn', 'Issue_Age']","[0.4490993633808313, 0.34836473902882714, 0.095305980710315]"
2026-06-08,BE0000291972,BGB 5 1/2 03/28/28,2028-03-28,-0.0269357149631979,NO ACTION,4.7475756375893705e-17,0.977603405769503,-0.009177013664428309,-1.1152052793289713,0.12296620561038812,-12.715,"['Issue_Age', 'REL_SPRD_LOG', 'YAS_RISK']","[0.3673494921334462, 0.25949388143101326, 0.15538938968113183]"
2026-06-08,BE0000304130,BGB 5 03/28/35,2035-03-28,1.805153545012452,NO ACTION,0.3988895121175708,0.9837945671875308,1.020671980651057,-1.3822652669956375,0.6440609552683336,41.219,"['GREEN_BOND_LOAN_INDICATOR', 'YAS_RISK', 'Issue_Age']","[0.35401766904023513, 0.22598090373448082, 0.18388285000557122]"
2026-06-08,BE0000320292,BGB 4 1/4 03/28/41,2041-03-28,-1.875546956863957,WEAK SELL,-1.0205245518154964,0.9761972578939598,-1.3413567360555276,0.535612156291641,-1.1781592319211243,71.32,"['GREEN_BOND_LOAN_INDICATOR', 'REL_SPRD_LOG', 'Issue_Age']","[0.6941326702672718, 0.13166919740773356, 0.06986875300412514]"
2026-06-08,BE0000326356,BGB 4 03/28/32,2032-03-28,-2.376464392633828,WEAK SELL,-0.9334507636183338,0.9906305269606621,-0.8512986423837848,-1.0972930077242047,-1.184213846713351,16.463,"['REL_SPRD_LOG', 'Issue_Age', 'GREEN_BOND_LOAN_INDICATOR']","[0.41382978142382704, 0.2410026296761862, 0.12863121491015037]"
2026-06-08,BE0000331406,BGB 3 3/4 06/22/45,2045-06-22,-4.476971788712106,STRONG SELL,-2.23017482697542,0.9878449530674283,-1.7164257921258617,1.9259196161981427,-1.9436056963866253,86.973,"['GREEN_BOND_LOAN_INDICATOR', 'REL_SPRD_LOG', 'YAS_RISK']","[0.8871299224253846, 0.09927540009360274, 0.0048019068865759905]"
2026-06-08,BE0000333428,BGB 3 06/22/34,2034-06-22,-0.1410036860082684,MODERATE SELL,-1.216485963121699,0.9839964093798079,-1.1244916149980995,-0.37469126814321635,-1.287427103520636,34.272,"['REL_SPRD_LOG', 'Issue_Age', 'Cpn']","[0.5396388740071604, 0.175500147581884, 0.11797903097798401]"
2026-06-08,BE0000335449,BGB 1 06/22/31,2031-06-22,0.3525223014165739,NO ACTION,0.4883985755440039,0.9902980489449437,0.58111804419516,0.7472516578191287,0.6960438286623155,13.517,"['REL_SPRD_LOG', 'Issue_Age', 'Cpn']","[0.5124890915720909, 0.25259267916441175, 0.1451319066632244]"
2026-06-08,BE0000336454,BGB 1.9 06/22/38,2038-06-22,2.8005169053953267,WEAK BUY,1.1538230858322913,0.9892650022065177,0.9318895675843311,-2.5244938589998798,1.0248899411096597,61.622,"['GREEN_BOND_LOAN_INDICATOR', 'YAS_RISK', 'Cpn']","[0.3531350596221965, 0.1717343124500241, 0.16052247252671073]"
2026-06-08,BE0000338476,BGB 1.6 06/22/47,2047-06-22,-4.053150154560726,MODERATE SELL,-1.1974620909034368,0.9883471061308856,-1.1829213959694678,0.5211700794890695,-1.2282061331766907,94.496,"['GREEN_BOND_LOAN_INDICATOR', 'REL_SPRD_LOG', 'YAS_RISK']","[0.5431078528252853, 0.2929597442345124, 0.05861061936309918]"
2026-06-08,BE0000340498,BGB 2.15 06/22/66,2066-06-22,7.3693587622930465,STRONG BUY,2.4210398937349695,0.9958016863831483,1.6564959866536817,0.5436485921157329,2.0224978456283154,130.371,"['GREEN_BOND_LOAN_INDICATOR', 'REL_SPRD_LOG', 'YAS_RISK']","[0.663514464872967, 0.17792009663240077, 0.054788292292711004]"
2026-06-08,BE0000343526,BGB 2 1/4 06/22/57,2057-06-22,1.6430847598315097,NO ACTION,0.6070309055767298,0.9839767564471611,0.9713055650448845,-0.4959786819309755,0.7413773391281627,122.213,"['Cpn', 'YAS_RISK', 'REL_SPRD_LOG']","[0.3697896490993811, 0.3049979640540102, 0.1499960324363047]"
2026-06-08,BE0000344532,BGB 1.45 06/22/37,2037-06-22,1.706697899069617,NO ACTION,0.6452024077414155,0.9959291891277656,0.7710630417423471,-1.3996549867344275,0.704184371654901,54.838,"['YAS_RISK', 'GREEN_BOND_LOAN_INDICATOR', 'REL_SPRD_LOG']","[0.292226508274788, 0.24332211512070018, 0.2271378443849467]"
2026-06-08,BE0000345547,BGB 0.8 06/22/28,2028-06-22,-1.5909210030206893,NO ACTION,4.7475756375893705e-17,0.985556537465985,-0.009177013664428309,0.002183446312987639,0.12478512935938844,-12.29,"['REL_SPRD_LOG', 'GREEN_BOND_LOAN_INDICATOR', 'Issue_Age']","[0.29768637594695013, 0.2958199528983538, 0.2655091120133113]"
2026-06-08,BE0000346552,BGB 1 1/4 04/22/33,2033-04-22,-4.327444880517572,STRONG SELL,-1.9499453927287835,0.9899276909812951,-1.7068224815899733,1.06261148328512,-1.7902529187077787,22.133,"['Issue_Age', 'REL_SPRD_LOG', 'YAS_RISK']","[0.8100701419070472, 0.06717248835213849, 0.054641367643321795]"
2026-06-08,BE0000347568,BGB 0.9 06/22/29,2029-06-22,-1.596818837560475,NO ACTION,4.7475756375893705e-17,0.9696552178085421,-0.009177013664428309,-0.3849018115144308,0.12153997006716988,-4.042,"['Issue_Age', 'GREEN_BOND_LOAN_INDICATOR', 'REL_SPRD_LOG']","[0.28896658878962705, 0.2737557655486841, 0.26969406875820756]"
2026-06-08,BE0000348574,BGB 1.7 06/22/50,2050-06-22,-3.0267338679632587,WEAK SELL,-0.8723067859565502,0.9989791466290995,-0.9188882075008297,0.9413628774753553,-0.976110573194747,104.436,"['GREEN_BOND_LOAN_INDICATOR', 'REL_SPRD_LOG', 'YAS_RISK']","[0.4936201153185696, 0.34632965886575307, 0.08360248347660403]"
2026-06-08,BE0000349580,BGB 0.1 06/22/30,2030-06-22,-0.8499625960487416,NO ACTION,4.7475756375893705e-17,0.9751744095638974,-0.009177013664428309,0.21957790141372452,0.16193175200913057,4.658,"['REL_SPRD_LOG', 'Issue_Age', 'GREEN_BOND_LOAN_INDICATOR']","[0.34719550061944765, 0.31535464694322163, 0.211403808405152]"
2026-06-08,BE0000350596,BGB 0.4 06/22/40,2040-06-22,0.493541562851334,NO ACTION,0.08109043419809858,0.9757831151828372,0.8028041042766284,0.583599170699911,0.5111086128614014,69.917,"['REL_SPRD_LOG', 'GREEN_BOND_LOAN_INDICATOR', 'Issue_Age']","[0.6256646893175499, 0.15148900068129081, 0.12181441469133056]"
2026-06-08,BE0000352618,BGB 0 10/22/31,2031-10-22,0.2357929166333807,NO ACTION,0.427580544083223,0.9890389450151862,0.8333110064207553,-0.6806730390523161,0.6044131878060773,15.894,"['REL_SPRD_LOG', 'Issue_Age', 'GREEN_BOND_LOAN_INDICATOR']","[0.44006687902812935, 0.2220784140777284, 0.14994686298304227]"
2026-06-08,BE0000353624,BGB 0.65 06/22/2071,2071-06-22,-5.016978799976727,STRONG SELL,-1.5027904466680109,0.9900513910227693,-1.5773127756481553,1.5699501297463483,-1.510828141549046,113.025,"['Cpn', 'REL_SPRD_LOG', 'GREEN_BOND_LOAN_INDICATOR']","[0.8219198884058543, 0.10749629484776684, 0.03733018513636406]"
2026-06-08,BE0000354630,BGB 0.35 06/22/32,2032-06-22,0.6617815220048371,WEAK BUY,0.6495279864648913,0.9891801035516222,1.1313993081552138,-0.849481973243338,0.8130673965648959,21.21,"['REL_SPRD_LOG', 'Issue_Age', 'Cpn']","[0.36430478632870195, 0.22597291852800613, 0.21021454721066113]"
2026-06-08,BE0000355645,BGB 1.4 06/22/53,2053-06-22,-1.2527089076967854,NO ACTION,-0.3103187948549907,0.986822305291505,-0.41893754695175617,1.5988368085951365,-0.5218771533504668,113.108,"['GREEN_BOND_LOAN_INDICATOR', 'REL_SPRD_LOG', 'Issue_Age']","[0.5475402077899549, 0.337985427330001, 0.08320571530757694]"
2026-06-08,BE0000356650,BGB 2 3/4 04/22/39,2039-04-22,-0.5450491451946249,WEAK SELL,-0.4018493457200431,0.988627478621397,-1.1293511215343321,-0.46680108096511985,-0.8677006837840857,62.813,"['Issue_Age', 'REL_SPRD_LOG', 'GREEN_BOND_LOAN_INDICATOR']","[0.5936792360770721, 0.13447232176429344, 0.0986370608405689]"
2026-06-08,BE0000357666,BGB 3 06/22/33,2033-06-22,-0.0298753482491811,WEAK SELL,-1.1242457327031197,0.9859310407707033,-0.8801278577475458,0.12300271353214706,-1.097802149518862,27.593,"['YAS_RISK', 'Cpn', 'REL_SPRD_LOG']","[0.34463718807963034, 0.34206690054018923, 0.18061358997526547]"
2026-06-08,BE0000358672,BGB 3.3 06/22/54,2054-06-22,-1.2264808257441755,NO ACTION,-0.3020100802556311,0.9887161601189782,-0.9521719705228036,0.25804142615018244,-0.6772182637813841,114.999,"['REL_SPRD_LOG', 'Issue_Age', 'Cpn']","[0.7125916780485096, 0.09332535373625721, 0.07067999042484358]"
2026-06-08,BE0000359688,BGB 3.45 06/22/43,2043-06-22,-0.7482199775082563,NO ACTION,-0.4963228243321673,0.9702833964037637,-0.7926567400953589,0.639678015476204,-0.7308079138284058,82.63,"['GREEN_BOND_LOAN_INDICATOR', 'REL_SPRD_LOG', 'YAS_RISK']","[0.6126211053221094, 0.235282268517196, 0.054918254481950535]"
2026-06-08,BE0000360694,BGB 2.85 10/22/34,2034-10-22,1.63618020690339,NO ACTION,0.25863600022247457,0.9760118779526712,0.7004073594060128,-0.2479469154829435,0.4713811491683646,38.256,"['REL_SPRD_LOG', 'Issue_Age', 'GREEN_BOND_LOAN_INDICATOR']","[0.47162161005530095, 0.18624786867300638, 0.18395796077476165]"
2026-06-08,BE0000361700,BGB 3 1/2 06/22/55,2055-06-22,0.9786197340560534,NO ACTION,0.3965370436771184,0.9892002152370847,0.9185644921218838,-0.8820250942879094,0.6132273432448186,118.858,"['GREEN_BOND_LOAN_INDICATOR', 'REL_SPRD_LOG', 'Cpn']","[0.41911917461279885, 0.26171270330524943, 0.1174241353952102]"
2026-06-08,BE0000362716,BGB 2.7 10/22/29,2029-10-22,-0.6973875317989875,NO ACTION,4.7475756375893705e-17,0.9784363634820359,-0.009177013664428309,0.31326649107840876,0.17932871240706189,-0.451,"['Cpn', 'Issue_Age', 'REL_SPRD_LOG']","[0.5008332274120679, 0.20418863887847058, 0.1753700110659289]"
2026-06-08,BE0000363722,BGB 3.1 06/22/35,2035-06-22,3.352460790426413,MODERATE BUY,1.6832061834847727,0.983383304187747,1.50957304895703,-1.1973825965050169,1.4815819767097849,44.275,"['REL_SPRD_LOG', 'Cpn', 'GREEN_BOND_LOAN_INDICATOR']","[0.4181657152250753, 0.20625163568928365, 0.1521685015408926]"
2026-06-08,BE0000364738,BGB 3.45 06/22/42,2042-06-22,1.3524686157050922,NO ACTION,0.4804874619756437,0.9771213589889199,0.9363055477303518,0.5626412586494564,0.7625195371847602,80.331,"['REL_SPRD_LOG', 'GREEN_BOND_LOAN_INDICATOR', 'Cpn']","[0.6340228694227495, 0.15786691603298292, 0.1056381717123778]"
2026-06-08,BE0000365743,BGB 2.6 10/22/30,2030-10-22,1.2340724330429929,NO ACTION,4.7475756375893705e-17,0.9875132934770545,-0.009177013664428309,1.28862114418836,0.35597668809499095,9.334,"['Cpn', 'REL_SPRD_LOG', 'Issue_Age']","[0.43597573563029, 0.2860538270055178, 0.22538495435314615]"
2026-06-08,BE0000366758,BGB 3.4 06/22/36,2036-06-22,4.164928753946256,STRONG BUY,1.788268159095678,0.9696969238237334,1.2430329721958908,0.36404422310932993,1.5212942519279706,51.337,"['REL_SPRD_LOG', 'GREEN_BOND_LOAN_INDICATOR', 'Cpn']","[0.6578685761525379, 0.13845535185730498, 0.08755720079420004]"
2026-06-08,BE0000367764,BGB 4.35 06/22/56,2056-06-22,2.126846608628042,NO ACTION,0.7602803556498017,0.9933010538102096,0.6853660296510071,-0.1715383285422934,0.7400327393230315,121.456,"['REL_SPRD_LOG', 'GREEN_BOND_LOAN_INDICATOR', 'Issue_Age']","[0.3935976404912946, 0.36325151630239316, 0.0902287884316044]"
2026-06-08,BE0000368770,BGB 3.1 08/22/31,2031-08-22,1.9445816047331024,WEAK BUY,1.3178890502549991,0.988634930620516,0.8760245261737521,-0.23839282972532277,1.0963901357667944,16.36,"['REL_SPRD_LOG', 'YAS_RISK', 'GREEN_BOND_LOAN_INDICATOR']","[0.6374842624652157, 0.11591899123892761, 0.08908070601412042]"
