Date,ISIN,SECURITY_NAME,Maturity,RESIDUAL_NS,SIGNAL,Z_Residual_Score,Volatility_Score,Cluster_Score,Regression_Score,COMPOSITE_SCORE,Z_SPRD_VAL,COMPOSITE_SCORE_1W_AGO,COMPOSITE_SCORE_1W_Change,COMPOSITE_SCORE_1W_Change_Pct,Z_Residual_Score_1W_AGO,Z_Residual_Score_1W_Change,Z_Residual_Score_1W_Change_Pct,Cluster_Score_1W_AGO,Cluster_Score_1W_Change,Cluster_Score_1W_Change_Pct,Regression_Score_1W_AGO,Regression_Score_1W_Change,Regression_Score_1W_Change_Pct,Z_SPRD_VAL_1W_AGO,Z_SPRD_VAL_1W_Change,Z_SPRD_VAL_1W_Change_Pct,COMPOSITE_SCORE_1M_AGO,COMPOSITE_SCORE_1M_Change,COMPOSITE_SCORE_1M_Change_Pct,Z_Residual_Score_1M_AGO,Z_Residual_Score_1M_Change,Z_Residual_Score_1M_Change_Pct,Cluster_Score_1M_AGO,Cluster_Score_1M_Change,Cluster_Score_1M_Change_Pct,Regression_Score_1M_AGO,Regression_Score_1M_Change,Regression_Score_1M_Change_Pct,Z_SPRD_VAL_1M_AGO,Z_SPRD_VAL_1M_Change,Z_SPRD_VAL_1M_Change_Pct,COMPOSITE_SCORE_3M_AGO,COMPOSITE_SCORE_3M_Change,COMPOSITE_SCORE_3M_Change_Pct,Z_Residual_Score_3M_AGO,Z_Residual_Score_3M_Change,Z_Residual_Score_3M_Change_Pct,Cluster_Score_3M_AGO,Cluster_Score_3M_Change,Cluster_Score_3M_Change_Pct,Regression_Score_3M_AGO,Regression_Score_3M_Change,Regression_Score_3M_Change_Pct,Z_SPRD_VAL_3M_AGO,Z_SPRD_VAL_3M_Change,Z_SPRD_VAL_3M_Change_Pct,COMPOSITE_SCORE_6M_AGO,COMPOSITE_SCORE_6M_Change,COMPOSITE_SCORE_6M_Change_Pct,Z_Residual_Score_6M_AGO,Z_Residual_Score_6M_Change,Z_Residual_Score_6M_Change_Pct,Cluster_Score_6M_AGO,Cluster_Score_6M_Change,Cluster_Score_6M_Change_Pct,Regression_Score_6M_AGO,Regression_Score_6M_Change,Regression_Score_6M_Change_Pct,Z_SPRD_VAL_6M_AGO,Z_SPRD_VAL_6M_Change,Z_SPRD_VAL_6M_Change_Pct,COMPOSITE_SCORE_1Y_AGO,COMPOSITE_SCORE_1Y_Change,COMPOSITE_SCORE_1Y_Change_Pct,Z_Residual_Score_1Y_AGO,Z_Residual_Score_1Y_Change,Z_Residual_Score_1Y_Change_Pct,Cluster_Score_1Y_AGO,Cluster_Score_1Y_Change,Cluster_Score_1Y_Change_Pct,Regression_Score_1Y_AGO,Regression_Score_1Y_Change,Regression_Score_1Y_Change_Pct,Z_SPRD_VAL_1Y_AGO,Z_SPRD_VAL_1Y_Change,Z_SPRD_VAL_1Y_Change_Pct,COMPOSITE_SCORE_Market_Percentile,COMPOSITE_SCORE_Market_Zscore,Z_Residual_Score_Market_Percentile,Z_Residual_Score_Market_Zscore,Cluster_Score_Market_Percentile,Cluster_Score_Market_Zscore,Regression_Score_Market_Percentile,Regression_Score_Market_Zscore,Z_SPRD_VAL_Market_Percentile,Z_SPRD_VAL_Market_Zscore,Issuer_Proxy,COMPOSITE_SCORE_Issuer_Percentile,COMPOSITE_SCORE_Issuer_Zscore,Z_Residual_Score_Issuer_Percentile,Z_Residual_Score_Issuer_Zscore,Cluster_Score_Issuer_Percentile,Cluster_Score_Issuer_Zscore,Regression_Score_Issuer_Percentile,Regression_Score_Issuer_Zscore,Z_SPRD_VAL_Issuer_Percentile,Z_SPRD_VAL_Issuer_Zscore,VOLATILITY_1M_AGO,Volatility_1M_Change,Volatility_Trend,Volatility_Market_Percentile,Volatility_Issuer_Percentile,COMPOSITE_Direction,Direction_1W_Ago,Direction_1M_Ago,Direction_Consistency_1W,Direction_Consistency_1M,COMPOSITE_SCORE_Relative_Strength,Z_Residual_Score_Relative_Strength,Cluster_Score_Relative_Strength,Regression_Score_Relative_Strength,COMPOSITE_Market_Category,COMPOSITE_Issuer_Category,Z_SPRD_VAL_Market_Category,Z_SPRD_VAL_Issuer_Category,Z_SPRD_VAL_Level_Category,YAS_RISK,Top_Features,Top_Feature_Effects_Pct,TopN_FeaturePct,SHAP_Signal,Z_SPRD_MID
2026-06-01,IT0001278511,BTPS 5 1/4 11/01/29,2029-11-01,-2.777258769875285,MODERATE SELL,-1.2500270916755298,0.9500953192032563,-1.5676017095701607,0.9611434435414583,-1.2544658826496033,11.683,-0.9919711643609298,-0.26249471828867355,-26.461930051322696,-0.8377564835827264,-0.41227060809280347,-49.21126977240108,-1.3805256093544502,-0.18707610021571042,-13.551077762916808,0.9611434435414583,0.0,0.0,11.597,0.0860000000000003,0.7415710953336483,-1.3456427080786204,0.09117682542901706,6.775708306823384,-1.3968879483227132,0.1468608566471834,10.513431358054213,-1.6227208771798909,0.055119167609730235,3.3967127708278437,0.9611434435414583,0.0,0.0,14.301,-2.6180000000000003,-18.306412126210468,-1.2589649214913115,0.004499038841708103,0.35736013999839933,-1.2662294702926506,0.016202378617120816,1.2795767962515077,-1.574117288786117,0.0065155792159563575,0.41391954849748847,0.9611434435414583,0.0,0.0,8.424,3.2590000000000003,38.68708447449302,-1.5271956300004255,0.2727297473508221,17.85820625776185,-1.6965241759918968,0.4464970843163669,26.318344766497752,-1.6929607955458423,0.12535908597568168,7.404724643655502,0.9611434435414583,0.0,0.0,19.726,-8.043,-40.773598275994324,-1.6182493095980572,0.3637834269484539,22.48006055326573,-1.8668282959228493,0.6168012042473194,33.040060636021344,-1.7120468356733907,0.14444512610323001,8.436984447491339,0.9611434435414583,0.0,0.0,50.041,-38.358,-76.65314440625623,10.344827586206897,-1.2582124551815075,11.494252873563218,-1.233138009636055,5.747126436781609,-1.6411447472724179,82.75862068965517,0.9538944247665045,18.39080459770115,-1.0301256442433668,BTPS 5 1/4,100.0,0.0,100.0,0.0,100.0,0.0,100.0,0.0,100.0,0.0,0.9478691748920685,0.0022261443111878387,rising,6.896551724137931,100.0,-1.0,-1.0,-1.0,1,1,1.3364650152791397,1.4609330233199074,1.7379452914621742,1.2604466725609744,Bottom Quartile,Top Decile,Bottom Quartile,Top Decile,Very Tight,3.321400455447332,"['Issue_Age', 'Cpn', 'AMT_OUTSTANDING']","[0.5322895162349413, 0.31028045833900303, 0.08138171548627313]",0.9239516900602176,0.9467912485416544,10.927455582621164
2026-06-01,IT0001444378,BTPS 6 05/01/31,2031-05-01,-1.3844007966721854,NO ACTION,-0.47954164919662695,0.9811070605530705,-1.1411767940652735,1.1770734483620235,-0.7401078091041023,28.227,-0.8024751074097483,0.06236729830564591,7.771866934261691,-0.5674727507894756,0.08793110159284862,15.495210989601985,-1.1959339850518949,0.05475719098662135,4.57861313527134,1.1770734483620235,0.0,0.0,27.63,0.5970000000000013,2.160694896069243,-0.7298410746893748,-0.010266734414727585,-1.4067082040328238,-0.46962348463988496,-0.009918164556741993,-2.111939600540515,-1.1352206332668489,-0.005956160798424648,-0.5246698810272227,1.1770734483620235,0.0,0.0,30.933,-2.7059999999999995,-8.747939091343243,-1.0381715946176153,0.298063785513513,28.710454436219855,-0.9086126483739168,0.4290709991772898,47.22265260371448,-1.4062259495951661,0.2650491555298926,18.84826216735444,1.1770734483620235,0.0,0.0,20.975,7.251999999999999,34.5744934280932,-1.4458834849887818,0.7057756758846795,48.81276246189915,-1.5599728567678794,1.0804312075712525,69.25961538099101,-1.6561543543688375,0.514977560303564,31.094780256176342,1.1770734483620235,0.0,0.0,40.054,-11.827000000000002,-29.52763768174773,-1.3964288664051243,0.656321057301022,46.99996314818498,-1.4847733133206902,1.0052316641240633,67.70270238125416,-1.6369531398612094,0.4957763457959359,30.286532381086822,1.1770734483620235,0.0,0.0,71.161,-42.934,-60.33360969346502,31.03448275862069,-0.7542706379544207,35.63218390804598,-0.4730625750161057,16.091954022988507,-1.2071248237767627,89.65517241379311,1.1806616166041002,33.33333333333333,-0.6252485451162564,BTPS 6 05/01/31,100.0,0.0,100.0,0.0,100.0,0.0,100.0,0.0,100.0,0.0,0.9610842230243981,0.0200228375286724,rising,72.41379310344827,100.0,-1.0,-1.0,-1.0,1,1,0.7884855284492479,0.560450438261775,1.2651828738535038,1.5436179909641017,Below Median,Top Decile,Below Median,Top Decile,Very Tight,4.795136533141431,"['Issue_Age', 'Cpn', 'AMT_OUTSTANDING']","[0.454878710515163, 0.4009054602822138, 0.08550582527051183]",0.9412899960678888,1.1747305624804432,27.55355104163474
2026-06-01,IT0003256820,BTPS 5 3/4 02/01/33,2033-02-01,1.609428921148364,WEAK BUY,0.6768398887921439,0.9795169775735222,0.9694759883156714,1.1596282103546571,0.9979160764178334,46.878,1.0445417646414328,-0.04662568822359936,-4.463745668726834,0.7455532327062636,-0.06871334391411976,-9.216423452830686,1.0146407987899129,-0.04516481047424148,-4.451310264970144,1.1596282103546571,0.0,0.0,46.559,0.3190000000000026,0.685152172365144,1.1275738132742823,-0.12965773685644888,-11.49882466053929,0.8609060216985732,-0.18406613290642937,-21.380513799312766,1.084765542775784,-0.11528955446011269,-10.62806190380038,1.1596282103546571,0.0,0.0,48.718,-1.8400000000000034,-3.776838128868836,0.5695696051325544,0.42834647128527903,75.20528832732609,0.04984699299542246,0.6269928957967214,1257.8346903911138,0.599914309604583,0.36956167871108836,61.60240998325806,1.1596282103546571,0.0,0.0,37.941,8.936999999999998,23.554993272830178,0.9623803956165538,0.03553568080127967,3.692477589307687,0.6244015179401351,0.05243837085200875,8.398181059069463,0.9357792554008272,0.03369673291484421,3.6009275008258177,1.1596282103546571,0.0,0.0,64.692,-17.813999999999993,-27.536635128371874,1.4040215981603352,-0.4061055217425018,-28.924449551358027,1.2957931353111722,-0.6189532465190284,-47.76636215114356,1.2766131530233815,-0.30713716470771013,-24.05874963566272,1.1596282103546571,0.0,0.0,97.752,-50.873999999999995,-52.04394794458999,82.75862068965517,0.9485565563707915,72.41379310344827,0.6676951234622363,77.01149425287356,0.9411205667399906,88.50574712643679,1.162340829564076,49.42528735632184,-0.1688073715294734,BTPS 5 3/4,100.0,0.0,100.0,0.0,100.0,0.0,100.0,0.0,100.0,0.0,0.9891695399673044,-0.009652562393782205,falling,64.36781609195403,100.0,1.0,1.0,1.0,1,1,1.0631456325461357,0.7910370516139857,1.0748241844804194,1.5207402484729302,Top Quartile,Top Decile,Below Median,Top Decile,Very Tight,6.310957213646873,"['Issue_Age', 'Cpn', 'AMT_OUTSTANDING']","[0.48837936080930106, 0.39882856668737515, 0.052681286520567305]",0.9398892140172436,1.1563150783229617,46.47741405902922
2026-06-01,IT0003535157,BTPS 5 08/01/34,2034-08-01,1.781095955594438,NO ACTION,-0.2727742854724691,0.9835904718612243,-0.5788132031002102,1.2300906576290327,-0.4726945939826266,58.726,-0.3829666050108237,-0.0897279889718029,-23.42971566053269,-0.1422012299597225,-0.13057305551274662,-91.8227264050092,-0.5070266573446126,-0.07178654575559762,-14.158337298421857,1.2300906576290327,0.0,0.0,58.706,0.01999999999999602,0.03406806799405378,0.6922137634624714,-1.164908357445098,-168.2873704777927,0.3196392952790846,-0.5924135807515537,-185.3381517752654,0.5916217542388207,-1.170434957339031,-197.83500677073803,1.2300906576290327,0.0,0.0,60.952,-2.225999999999999,-3.6520540747388,-0.3012659211724037,-0.1714286728102229,-56.9027742841989,-0.017687216846737682,-0.25508706862573144,-1442.2106463387215,-0.4355856347292551,-0.14322756837095513,-32.8816089565992,1.2300906576290327,0.0,0.0,47.521,11.204999999999998,23.579049257469524,-0.4162226026589452,-0.056471991323681414,-13.567737457348297,-0.1908551223787981,-0.08191916309367103,-42.92216932950102,-0.5340432762148146,-0.044769926885395606,-8.38320189412273,1.2300906576290327,0.0,0.0,74.496,-15.769999999999996,-21.16892181846422,0.6065063228276628,-1.0792009168102894,-177.93728744411007,0.15220269697086736,-0.4249769824433365,-279.2177556504826,0.49923544793176583,-1.078048651031976,-215.9399205132823,1.2300906576290327,0.0,0.0,107.736,-49.010000000000005,-45.49082943069255,42.5287356321839,-0.492272803158243,41.37931034482759,-0.2690888395199109,33.33333333333333,-0.6347450357936624,93.10344827586206,1.23633967614259,57.47126436781609,0.12114571541793986,BTPS 5 08/01/34,100.0,0.0,100.0,0.0,100.0,0.0,100.0,0.0,100.0,0.0,0.8326589785236921,0.1509314933375322,rising,82.75862068965517,100.0,-1.0,-1.0,1.0,1,0,0.5035926417026481,0.3187970598501732,0.6417099922913339,1.613144933542874,Below Median,Top Decile,Above Median,Top Decile,Tight,7.338543685854404,"['Issue_Age', 'Cpn', 'AMT_OUTSTANDING']","[0.5603153604612566, 0.3077512651195686, 0.07748043795069838]",0.9455470635315236,1.230696412698033,58.23929262823206
2026-06-01,IT0003934657,BTPS 4 02/01/37,2037-02-01,-2.767374310230437,WEAK SELL,-0.6386825084812073,0.9877736887853763,-1.1517070231011621,1.0681719602568507,-0.8263696589995149,70.798,-0.7881182014838456,-0.038251457515669274,-4.853517779223825,-0.5853042409187396,-0.053378267562467774,-9.11974711932829,-1.117862208840501,-0.033844814260661105,-3.0276373680261357,1.0681719602568507,0.0,0.0,70.911,-0.11299999999999955,-0.15935468401808475,-0.7701002141883577,-0.05626944481115714,-7.306769046907105,-0.5627834385997903,-0.07589906988141704,-13.486372079750128,-1.1037451205392628,-0.04796190256189936,-4.345378406196579,1.0681719602568507,0.0,0.0,72.127,-1.3289999999999935,-1.8425832210070228,-0.6950458173047034,-0.13132384169481148,-18.894270929453402,-0.4509410940453081,-0.18774141443589926,-41.63324495188091,-1.0336861904848658,-0.11802083261629637,-11.417472010455104,1.0681719602568507,0.0,0.0,58.112,12.686,21.8302588068161,-0.5666049162605954,-0.2597647427389195,-45.84583202501973,-0.26528853520442236,-0.373393973276785,-140.75013038691898,-0.9271169819450982,-0.22459004115606396,-24.224563146542316,1.0681719602568507,0.0,0.0,88.792,-17.994,-20.26533921746719,-1.6239423127665722,0.7975726537670573,49.113360898698716,-1.926665316668846,1.2879828081876388,66.85036525853337,-1.614247333502574,0.46254031040141186,28.653620664959412,1.0681719602568507,0.0,0.0,116.94,-46.141999999999996,-39.457841624811195,28.735632183908045,-0.8387856006418274,29.88505747126437,-0.63005328647894,14.942528735632186,-1.217842605581648,87.35632183908046,1.0662945342476355,67.81609195402298,0.416580697324521,BTPS 4 02/01/37,100.0,0.0,100.0,0.0,100.0,0.0,100.0,0.0,100.0,0.0,0.968183013983796,0.019590674801580277,rising,91.95402298850574,100.0,-1.0,-1.0,-1.0,1,1,0.8803859508784173,0.7464417165601646,1.2768573711822666,1.4008042213426448,Below Median,Top Decile,Above Median,Top Decile,Tight,8.681800556639985,"['Issue_Age', 'AMT_OUTSTANDING', 'Cpn']","[0.6398576185108406, 0.14933674567315722, 0.14335128286659107]",0.9325456470505888,1.0597723355946809,70.34132136318036
2026-06-01,IT0004286966,BTPS 5 08/01/39,2039-08-01,-2.0755509233948004,NO ACTION,-0.28239005274492074,0.9619708668067196,-0.4635894625715717,0.7449763101169828,-0.44091437917531023,84.897,-0.25219627252855625,-0.18871810664675398,-74.82985266659725,-0.005744550282418248,-0.27664550246250247,-4815.782041824878,-0.30876218877827033,-0.15482727379330136,-50.1445042190824,0.7449763101169828,0.0,0.0,85.554,-0.6569999999999965,-0.7679360403057752,-0.27722162373157333,-0.1636927554437369,-59.047612280590066,-0.03634477289096104,-0.2460452798539597,-676.9755114293205,-0.32593962489306383,-0.13764983767850786,-42.231696591201256,0.7449763101169828,0.0,0.0,86.141,-1.2439999999999998,-1.4441439034322627,0.41017986627961667,-0.8510942454549268,-207.49293046125504,0.04068655013755052,-0.32307660288247125,-794.0622205225375,0.3144792888005245,-0.7780687513720962,-247.4149345727295,0.7449763101169828,0.0,0.0,71.026,13.87100000000001,19.52946807936117,-0.31298337480021216,-0.12793100437509808,-40.87469513973106,-0.08787660120943602,-0.19451345153548472,-221.34837570363462,-0.3553090918134722,-0.10828037075809949,-30.474978041779462,0.7449763101169828,0.0,0.0,103.363,-18.465999999999994,-17.86519353948074,0.7523975832183949,-1.1933119623937052,-158.60124662138946,0.5564431912375662,-0.838833243982487,-150.74912266281027,0.6122873287217523,-1.075876791293324,-175.71436207375913,0.7449763101169828,0.0,0.0,139.311,-54.414,-39.05937075758128,45.97701149425287,-0.461136168923125,40.229885057471265,-0.278574688422258,37.93103448275862,-0.517469057700516,74.71264367816092,0.7268782032136648,74.71264367816092,0.7616219340625006,BTPS 5 08/01/39,100.0,0.0,100.0,0.0,100.0,0.0,100.0,0.0,100.0,0.0,0.9775986252449848,-0.015627758438265138,falling,16.091954022988507,100.0,-1.0,-1.0,-1.0,1,1,0.4697350885754754,0.33003520984422935,0.5139654535517606,0.9769643829268865,Below Median,Top Decile,Above Median,Top Decile,Tight,10.627045198366147,"['Issue_Age', 'Cpn', 'AMT_OUTSTANDING']","[0.5013261618002429, 0.33077434010446366, 0.07449384168006788]",0.9065943435847744,0.7186016176942197,84.83366079975337
2026-06-01,IT0004532559,BTPS 5 09/01/40,2040-09-01,-3.742929433175519,WEAK SELL,-1.1410982074503384,0.9564747551739334,-1.1986981701738155,0.5591718813865496,-1.0936410778262289,88.227,-0.9592556678141141,-0.1343854100121148,-14.00934215144215,-0.9352639408672558,-0.20583426658308257,-22.008147153775745,-1.1075952355305094,-0.0911029346433061,-8.225291234404871,0.5591718813865496,0.0,0.0,88.705,-0.47799999999999443,-0.5388647764456433,-0.9976207255033461,-0.09602035232288275,-9.624935499605067,-0.9872089940010719,-0.15388921344926654,-15.588311373333003,-1.1338714476716258,-0.06482672250218968,-5.71729026809702,0.5591718813865496,0.0,0.0,88.933,-0.7060000000000031,-0.7938560488464546,-0.6678242421673308,-0.42581683565889805,-63.76181072744343,-0.5060932319601692,-0.6350049754901692,-125.47193339921058,-0.8455570673655664,-0.3531411028082492,-41.76431281357165,0.5591718813865496,0.0,0.0,74.135,14.091999999999999,19.008565452349284,-0.5154618252650286,-0.5781792525612003,-112.1672281060197,-0.2840355101093944,-0.8570626973409441,-301.7449004303589,-0.7147025181117804,-0.4839956520620351,-67.71987407694428,0.5591718813865496,0.0,0.0,107.922,-19.694999999999993,-18.24929115303188,1.139429863750868,-2.233070941577097,-195.9814283459229,1.049121047651924,-2.1902192551022623,-208.76706640549872,1.1479633704739851,-2.3466615406478004,-204.4195468742986,0.5591718813865496,0.0,0.0,146.127,-57.900000000000006,-39.62306760286442,14.942528735632186,-1.1006445106575193,12.643678160919542,-1.1256808606031639,13.793103448275861,-1.26567070688595,68.96551724137932,0.5317485427053806,78.16091954022988,0.8431161760894152,BTPS 5 09/01/40,100.0,0.0,100.0,0.0,100.0,0.0,100.0,0.0,100.0,0.0,0.9677986070242002,-0.011323851850266742,falling,12.643678160919542,100.0,-1.0,-1.0,-1.0,1,1,1.1651277727057825,1.3336255391719714,1.3289548155118713,0.7332998440757037,Bottom Quartile,Top Decile,Top Quartile,Top Decile,Tight,11.23725063258405,"['Issue_Age', 'Cpn', 'AMT_OUTSTANDING']","[0.47297295350091784, 0.3498146918613809, 0.06888735412490188]",0.8916749994872006,0.5224633642504821,88.26134605630536
2026-06-01,IT0004889033,BTPS 4 3/4 09/01/28,2028-09-01,-0.442875165440541,NO ACTION,-0.15267740296840848,0.9816543328079836,-0.4329201705045458,-0.0605997161418789,-0.37901396148752786,0.896,-0.41739577080971196,0.0383818093221841,9.195543195891124,-0.21563215444800238,0.0629547514795939,29.195436423296133,-0.4662220198305439,0.03330184932599811,7.142916292072732,-0.0605997161418789,0.0,0.0,-0.912,1.808,198.24561186134196,-0.43455852612128826,0.055544564633760396,12.781837201848804,-0.2391497352606679,0.08647233229225942,36.15823725758374,-0.4792531782624562,0.04633300775791044,9.667751596163992,-0.0605997161418789,0.0,0.0,2.446,-1.5500000000000003,-63.368765072081914,-0.5965863355842906,0.21757237409676278,36.46955310109798,-0.4794582618714698,0.3267808589030613,68.15626678574912,-0.6187293525393759,0.1858091820348301,30.03076842389312,-0.0605997161418789,0.0,0.0,-0.121,1.017,840.4957983061324,0.3932558765629998,-0.7722698380505277,-196.3784559717734,0.1865332814323301,-0.3392106844007386,-181.84994313671683,0.43722227100010236,-0.8701424415046481,-199.0160335640453,-0.0605997161418789,0.0,0.0,14.066,-13.17,-93.63002979267023,-0.5575870970204143,0.17857313553288645,32.02605176563893,-0.4242748102015331,0.27159740723312464,64.01450057868487,-0.5853945962476408,0.152474425743095,26.046435022770503,-0.0605997161418789,0.0,0.0,39.995,-39.099,-97.75971994055264,47.12643678160919,-0.4004892955073483,47.12643678160919,-0.15061458272916778,41.37931034482759,-0.48625351819378676,39.08045977011494,-0.1191284156358758,8.045977011494253,-1.2941131483707933,BTPS 4 3/4,100.0,0.7071067679557124,100.0,0.7071067722999169,100.0,0.7071067658375554,50.0,-0.7071067654306581,50.0,-0.7071067810882935,0.9680246405135414,0.01362969229444222,rising,74.71264367816092,100.0,-1.0,-1.0,-1.0,1,1,0.40378850221144064,0.1784373005966549,0.4799634800817385,0.07947066702939654,Below Median,Top Decile,Bottom Decile,Above Median,Very Tight,2.188801037157617,"['Issue_Age', 'Cpn', 'AMT_OUTSTANDING']","[0.4091193433799413, 0.3324889459996311, 0.10030155763731406]",0.8419098470168864,-0.1317778694158197,0.0717262936699692
2026-06-01,IT0004923998,BTPS 4 3/4 09/01/44,2044-09-01,-4.008684303032396,WEAK SELL,-1.2779632759156803,0.9758209419965262,-1.0844287316515544,0.5740835754365268,-1.134824133853379,102.673,-1.2950044900071098,0.16018035615373072,12.369096489846275,-1.5417112621910358,0.26374798627535556,17.10748251198323,-1.1700855634653617,0.08565683181380734,7.320561312462251,0.5740835754365268,0.0,0.0,102.224,0.44899999999999807,0.43923149158326313,-1.0589435467234862,-0.07588058712989287,-7.165687599505079,-1.1565636466383509,-0.12139962927732939,-10.496579983343727,-1.0353150852888549,-0.04911364636269955,-4.743835628997252,0.5740835754365268,0.0,0.0,102.678,-0.0049999999999954525,-0.004869592317252472,-0.941222370798065,-0.19360176305531407,-20.569183968103115,-0.9746977350824034,-0.30326554083327684,-31.113803470186337,-0.9582140645667071,-0.1262146670848473,-13.17186528927996,0.5740835754365268,0.0,0.0,86.465,16.208,18.745156997774224,-0.630299705369282,-0.5045244284840971,-80.04516203668355,-0.5219796980438076,-0.7559835778718726,-144.830070254077,-0.6856785743316122,-0.39875015731994223,-58.154092373854304,0.5740835754365268,0.0,0.0,122.295,-19.622,-16.044809680195854,0.41599342743054973,-1.5508175612839288,-372.7985640501452,0.060409271764172524,-1.3383725476798527,-2215.5081282122,0.406223909275705,-1.4906526409272594,-366.9534387795492,0.5740835754365268,0.0,0.0,157.922,-55.248999999999995,-34.9849925890639,12.643678160919542,-1.1409935693399844,10.344827586206897,-1.2606967488506984,17.24137931034483,-1.1493660277688713,70.11494252873564,0.5474086312051919,82.75862068965517,1.196649455465034,BTPS 4 3/4,50.0,-0.7071067679557124,50.0,-0.7071067722999167,50.0,-0.7071067658375554,100.0,0.707106765430658,100.0,0.7071067810882935,0.9806066032653289,-0.004785661268802643,falling,50.57471264367817,50.0,-1.0,-1.0,-1.0,1,1,1.2090027910413275,1.4935826309754339,1.2022682780927172,0.7528550886896469,Bottom Quartile,Above Median,Top Quartile,Top Decile,Moderate,12.91654701279441,"['Issue_Age', 'Cpn', 'GREEN_BOND_LOAN_INDICATOR']","[0.44202623257798374, 0.37223036207498766, 0.07861575355260732]",0.8928723482055787,0.5382043971571474,102.64233892392672
2026-06-01,IT0005024234,BTPS 3 1/2 03/01/30,2030-03-01,-3.236051401485579,MODERATE SELL,-1.503816817959972,0.9846096776416944,-1.5909492017606706,-0.06548998228026832,-1.409278896309753,14.709,-1.331552789853924,-0.077726106455829,-5.837253052553067,-1.3826616603463067,-0.12115515761366535,-8.762458684728012,-1.554307295412351,-0.03664190634831965,-2.357442844199894,-0.06548998228026832,0.0,0.0,14.293,0.41600000000000037,2.9105156349887973,-1.2748904734597752,-0.13438842284997765,-10.541173896386514,-1.2877632595590043,-0.21605355840096774,-16.777428236088415,-1.518488063207461,-0.07246113855320946,-4.771926749490483,-0.06548998228026832,0.0,0.0,17.967,-3.257999999999999,-18.133244271089634,-1.0349052845753461,-0.37437361173440675,-36.174673537449046,-0.9187029533145823,-0.5851138646453897,-63.68912347189578,-1.3606168950834732,-0.2303323066771974,-16.928520130584932,-0.06548998228026832,0.0,0.0,11.747,2.9619999999999997,25.214948476023707,-1.1606503957469265,-0.24862850056282637,-21.421480519176974,-1.1115744231163018,-0.3922423948436702,-35.28710117450413,-1.448001342598481,-0.14294785916218955,-9.872080499487478,-0.06548998228026832,0.0,0.0,25.833,-11.123999999999999,-43.06120077301854,-1.5464189533172128,0.1371400570074599,8.868234305228754,-1.7466584122189819,0.24284159425900986,13.903210334078953,-1.6360152913377,0.0450660895770294,2.754625188418518,-0.06548998228026832,0.0,0.0,56.561,-41.852000000000004,-73.99444845847944,8.045977011494253,-1.4098903532195872,8.045977011494253,-1.4834987898308178,4.597701149425287,-1.664908079117938,37.93103448275862,-0.12426411653331511,21.839080459770116,-0.9560711168038941,BTPS 3 1/2,50.0,-0.7071067767855506,50.0,-0.7071067767154575,50.0,-0.7071067774537159,50.0,-0.7071066477319066,50.0,-0.7071067804583742,0.9720282825961107,0.012581395045583643,rising,85.0574712643678,100.0,-1.0,-1.0,-1.0,1,1,1.5013975013103387,1.7575424284899057,1.7638298410082913,0.08588377812482137,Bottom Decile,Above Median,Bottom Quartile,Above Median,Very Tight,3.5122808833655483,"['Issue_Age', 'AMT_OUTSTANDING', 'GREEN_BOND_LOAN_INDICATOR']","[0.5348885134846605, 0.20907829529443148, 0.09755036964670723]",0.8415171784257992,-0.1369401159016143,13.95385820043125
2026-06-01,IT0005083057,BTPS 3 1/4 09/01/46,2046-09-01,-2.947756459495025,NO ACTION,-0.7092180709488148,0.9691327886220213,-0.46642768836640114,1.193201313624098,-0.6631511755884171,109.262,-0.7585940322444177,0.09544285665600061,12.581545772969449,-0.843901513240143,0.13468344229132811,15.95961597204064,-0.55264393859774,0.08621625023133883,15.600686563220501,1.193201313624098,0.0,0.0,108.789,0.472999999999999,0.4347866052234329,-0.6194925098012615,-0.043658665787155604,-7.047488773740428,-0.6483227479756618,-0.06089532297315303,-9.392748013858716,-0.4282556081113045,-0.03817208025509666,-8.913386921447383,1.193201313624098,0.0,0.0,109.174,0.08799999999999386,0.08060527231019596,-0.6424250501771932,-0.020726125411223872,-3.226232395963384,-0.6740231079148723,-0.03519496303394254,-5.221625504896641,-0.44474199794561775,-0.021685690420783388,-4.876015764949974,1.193201313624098,0.0,0.0,91.318,17.944000000000003,19.650014233814804,-0.4718157434620832,-0.19133543212633386,-40.55299780101774,-0.4313857683200926,-0.2778323026287222,-64.40460409025535,-0.2928598975857915,-0.17356779078060963,-59.26649100295984,1.193201313624098,0.0,0.0,128.003,-18.740999999999985,-14.641063098939775,-0.3311467242907534,-0.33200445129766365,-100.25901418256389,-0.22557375287479095,-0.48364431807402386,-214.4062819674999,-0.175266855524078,-0.29116083284232314,-166.12428822282084,1.193201313624098,0.0,0.0,161.988,-52.726,-32.54932463932209,34.48275862068966,-0.6788724518731777,26.436781609195403,-0.6996358448803562,36.7816091954023,-0.5203578348276141,91.95402298850574,1.1975989140346026,87.35632183908046,1.35790037459877,BTPS 3 1/4,25.0,-1.4171553151292342,25.0,-1.4350055690295023,25.0,-1.3651031890257945,100.0,0.8075851504307843,100.0,1.2735649551122805,0.9615501196533278,0.007582668968693529,rising,32.18390804597701,75.0,-1.0,-1.0,-1.0,1,1,0.7064985650651673,0.8288781159099157,0.5171120954099038,1.5647681265049438,Below Median,Below Median,Top Quartile,Top Decile,Moderate,11.926971239461182,"['Issue_Age', 'GREEN_BOND_LOAN_INDICATOR', 'YAS_RISK']","[0.6995644190472114, 0.1400172682831082, 0.1030033110851895]",0.9425849984155092,1.1917554059994775,109.26192805229852
2026-06-01,IT0005094088,BTPS 1.65 03/01/32,2032-03-01,-1.3627411161873797,WEAK SELL,-0.9551539677471846,0.9734815015573969,-1.0403004905980333,0.3773541644779155,-0.9552440187999474,35.962,-0.9582488966019385,0.0030048778019911015,0.3135800919039653,-0.9614926346304917,0.006338666883307087,0.6592527689843203,-1.0433279314458515,0.0030274408478181414,0.29017154890174723,0.3773541644779155,0.0,0.0,35.267,0.6950000000000003,1.9706808058608107,-0.7896322148847936,-0.16561180391515373,-20.97328334584069,-0.7282119482517495,-0.22694201949543513,-31.16428080091747,-0.9091826856183501,-0.13111780497968317,-14.421502478168899,0.3773541644779155,0.0,0.0,38.133,-2.1709999999999994,-5.693231582699174,-0.6698115855000274,-0.28543243329991996,-42.61383875966481,-0.5356361480046354,-0.4195178197425492,-78.32141528782279,-0.7864726103845096,-0.25382788021352376,-32.27421700826995,0.3773541644779155,0.0,0.0,27.888,8.074000000000002,28.95152035680167,-0.8908520970141689,-0.06439192178577846,-7.228127012192644,-0.8575215428023241,-0.09763242494486057,-11.385419366522536,-0.9894756820170016,-0.050824808581031666,-5.136539380510459,0.3773541644779155,0.0,0.0,50.572,-14.61,-28.88950406768775,-1.1192822924943855,0.16403827369443813,14.655665807354351,-1.2102331713566683,0.25507920360948366,21.07686415633891,-1.1489921984278473,0.10869170782981397,9.459742810487425,0.3773541644779155,0.0,0.0,82.592,-46.629999999999995,-56.4582526084296,20.689655172413794,-0.9650501280441802,20.689655172413794,-0.9422489084656379,18.39080459770115,-1.1044518233927727,57.47126436781609,0.3408056808092041,43.67816091954023,-0.4359518598074918,BTPS 1.65 03/01/32,100.0,0.0,100.0,0.0,100.0,0.0,100.0,0.0,100.0,0.0,0.9097528917733633,0.06372860978403361,rising,42.5287356321839,100.0,-1.0,-1.0,-1.0,1,1,1.0176842828792751,1.1163085849335406,1.15334483772437,0.49486349221784914,Bottom Quartile,Top Decile,Below Median,Top Decile,Very Tight,4.889525147544305,"['Issue_Age', 'Cpn', 'AMT_OUTSTANDING']","[0.40893290559484746, 0.3773914086431838, 0.09075145798569736]",0.8770757722237287,0.3305335502882685,35.36994053671977
2026-06-01,IT0005162828,BTPS 2.7 03/01/47,2047-03-01,-3.979039397139232,WEAK SELL,-0.916835803968243,0.9827490146156375,-0.71349318712094,0.4636722095989122,-0.8434072342213697,109.442,-0.8226775089178546,-0.020729725303515023,-2.5197875020072003,-0.8914703097641988,-0.025365494204044214,-2.845354875163269,-0.7003139473432106,-0.01317923977772939,-1.8819044857720142,0.4636722095989122,0.0,0.0,109.766,-0.3240000000000123,-0.2951733687758458,-0.8174026105752945,-0.026004623646075142,-3.181372678714056,-0.8848277421088633,-0.032008061859379766,-3.6174342162181308,-0.6967435415607296,-0.016749645560210413,-2.4039900366053804,0.4636722095989122,0.0,0.0,109.194,0.24799999999999045,0.22711870613520757,-0.7400159609013373,-0.1033912733200324,-13.971492154973644,-0.7658192425354676,-0.15101656143277542,-19.719608893716252,-0.627326297338207,-0.08616688978273301,-13.73557728645968,0.4636722095989122,0.0,0.0,92.061,17.380999999999986,18.879873125549363,-0.6902189408897106,-0.15318829333165906,-22.194159278616628,-0.6955819296510085,-0.22125387431723453,-31.808455870525236,-0.5797921853308906,-0.1337010017900494,-23.060158944317195,0.4636722095989122,0.0,0.0,127.316,-17.87400000000001,-14.039083853243978,-0.5356586637107138,-0.30774857051065585,-57.45236390531363,-0.48019963814637057,-0.4366361658218725,-90.92804784579529,-0.4445281026683262,-0.2689650844526138,-60.50575358173028,0.4636722095989122,0.0,0.0,161.358,-51.91600000000001,-32.174419611536194,26.436781609195403,-0.8554781482269391,24.137931034482758,-0.9044484603554,31.03448275862069,-0.7718237904247418,63.2183908045977,0.431455892729799,88.50574712643679,1.362305468762387,BTPS 2.7 03/01/47,100.0,0.0,100.0,0.0,100.0,0.0,100.0,0.0,100.0,0.0,0.955464271066088,0.02728474354954946,rising,79.3103448275862,100.0,-1.0,-1.0,-1.0,1,1,0.8985372003815939,1.071525338849969,0.7910249889860043,0.6080612604446637,Below Median,Top Decile,Top Quartile,Top Decile,Moderate,11.417720013189836,"['Issue_Age', 'Cpn', 'GREEN_BOND_LOAN_INDICATOR']","[0.5305426741258674, 0.22827981895620653, 0.12518426903134364]",0.8840067621134176,0.4216523181582886,109.53542138263374
2026-06-01,IT0005177909,BTPS 2 1/4 09/01/36,2036-09-01,-1.3888667134209527,NO ACTION,0.07125570156526169,0.9734762351569063,0.3055450476028877,1.4984703685500762,0.5524537132455873,69.633,-0.3525785900478861,0.9050323032934735,256.689516371826,-0.1593323559055317,0.23058805747079336,144.72141686988397,-0.37062728436411657,0.6761723319670043,182.439971974301,1.4984703685500762,0.0,0.0,69.198,0.4350000000000023,0.62863088519486,-0.4605870985415144,1.0130408117871017,219.94554189651026,-0.3168943352447968,0.3881500368100585,122.48563050571875,-0.4572713251500385,0.7628163727529262,166.8191977313936,1.4984703685500762,0.0,0.0,70.185,-0.5520000000000067,-0.7864928402384518,-0.6103450899220827,1.1627988031676701,190.51497313833013,-0.5347106054461943,0.605966307011456,113.32602897846,-0.5869083166715496,0.8924533642744373,152.06009588169962,1.4984703685500762,0.0,0.0,55.721,13.911999999999999,24.96724753235454,-0.5207446559924332,1.0731983692380207,206.0891717810922,-0.40658979981926996,0.47784550138453163,117.52520349610704,-0.5085403777685216,0.8140854253714093,160.08274759525415,1.4984703685500762,0.0,0.0,85.67,-16.037000000000006,-18.719505075438374,-0.9483576397297835,1.5008113529753708,158.2537298458022,-1.031223743928795,1.1024794454940567,106.90981867841865,-0.8772464753704439,1.1827915229733317,134.83000988871015,1.4984703685500762,0.0,0.0,117.278,-47.64500000000001,-40.625692794844255,51.724137931034484,0.5121152436955746,49.42528735632184,0.07029296771930725,50.57471264367817,0.26536442394195475,98.85057471264368,1.5181889422616006,65.51724137931035,0.3880699489877774,BTPS 2 1/4,100.0,0.0,100.0,0.0,100.0,0.0,100.0,0.0,100.0,0.0,0.9833912532168536,-0.009915018059947323,falling,41.37931034482759,100.0,1.0,-1.0,-1.0,0,0,0.5885652774823312,0.08327804109988046,0.33874712790191547,1.9650989690059626,Above Median,Top Decile,Above Median,Top Decile,Tight,7.690311366660296,"['Issue_Age', 'Cpn', 'GREEN_BOND_LOAN_INDICATOR']","[0.48495342276527637, 0.36641242433661575, 0.11573102169206426]",0.9670968687939564,1.5140025110481354,69.16158412186334
2026-06-01,IT0005217390,BTPS 2.8 03/01/67,2067-03-01,4.570649257167304,WEAK BUY,0.8043862890529921,0.9453933186859824,0.9693279069698543,-1.8552842486121444,0.8583948532660189,135.319,0.8597407721740898,-0.0013459189080708978,-0.1565493851143566,0.801767985186882,0.002618303866110172,0.32656627376350666,0.9676661052001277,0.001661801769726523,0.17173297107575558,-1.8552842486121444,0.0,0.0,137.565,-2.2460000000000093,-1.6326827316808352,0.6792107853101987,0.1791840679558202,26.38121613982681,0.5551320945868421,0.24925419446615005,44.89997829465436,0.8093013325900827,0.16002657437977152,19.773422575529594,-1.8552842486121444,0.0,0.0,136.159,-0.8400000000000034,-0.6169257999385358,0.9272193185248381,-0.06882446525881913,-7.422673702058777,0.8955639209566344,-0.09117763190364225,-10.18102993565708,1.021748703389138,-0.052420796419283655,-5.130497913269106,-1.8552842486121444,0.0,0.0,117.858,17.460999999999984,14.81528619060094,0.6838818544497655,0.17451299881625348,25.518003603833293,0.5503006391774025,0.2540856498755897,46.17215157848726,0.8066687753311107,0.16265913163874357,20.164302201426747,-1.8552842486121444,0.0,0.0,153.748,-18.429000000000002,-11.986497384552223,0.3553757128311932,0.5030191404348258,141.545724178172,0.07655328448952764,0.7278330045634644,950.7533404235539,0.5330144482609526,0.4363134587089017,81.85771547969752,-1.8552842486121444,0.0,0.0,191.308,-55.989000000000004,-29.26641854866151,77.01149425287356,0.8118607750598922,80.45977011494253,0.7935182477779545,75.86206896551724,0.9409698479333594,5.747126436781609,-2.0038853395327725,98.85057471264368,1.9955867002730396,BTPS 2.8 03/01/67,100.0,0.0,100.0,0.0,100.0,0.0,100.0,0.0,100.0,0.0,0.9178555635341342,0.027537755151848198,rising,4.597701149425287,100.0,1.0,1.0,1.0,1,1,0.9145044967365957,0.940103219369508,1.0746600118617335,2.433025864694561,Top Quartile,Top Decile,Top Decile,Top Decile,Moderate,14.254510095364026,"['Issue_Age', 'REL_SPRD_LOG', 'AMT_OUTSTANDING']","[0.2994720223242085, 0.26044681606051684, 0.13788509969624765]",0.697803938080973,-2.0262767900626613,135.07059183824336
2026-06-01,IT0005240350,BTPS 2.45 09/01/33,2033-09-01,-1.4933779816284058,STRONG SELL,-2.2338927938545914,0.9682180029607853,-1.610742741651568,0.1423923026918403,-1.7775025499021462,48.478,-1.778624817389232,0.0011222674870858818,0.06309748238099266,-2.238564555394084,0.004671761539492447,0.20869451842993933,-1.6110882647918077,0.00034552314023961195,0.0214465678663239,0.1423923026918403,0.0,0.0,47.861,0.6170000000000044,1.2891498294458734,-1.617069198365191,-0.16043335153695515,-9.921242127858493,-1.931805497882976,-0.30208729597161543,-15.637562618954659,-1.5890899581965212,-0.021652783455046842,-1.3625901546418338,0.1423923026918403,0.0,0.0,50.244,-1.7659999999999982,-3.514847543285792,-1.495998096308909,-0.28150445359323717,-18.817166439320964,-1.7060596254886249,-0.5278331683659665,-30.93872906821292,-1.5670751981183664,-0.04366754353320168,-2.7865633574558677,0.1423923026918403,0.0,0.0,39.076,9.402000000000001,24.060804579777663,-1.090908358329771,-0.6865941915723752,-62.93784258191927,-1.0392535606065894,-1.194639233248002,-114.95166021423601,-1.3549239900109458,-0.2558187516406223,-18.880671656753858,0.1423923026918403,0.0,0.0,64.382,-15.904000000000003,-24.702556611366138,-1.3601689364215017,-0.41733361348064446,-30.68248356784035,-1.471512349900279,-0.7623804439543125,-51.809312971450495,-1.518718411967621,-0.09202432968394714,-6.059341109770847,0.1423923026918403,0.0,0.0,96.052,-47.574000000000005,-49.52942155816335,3.4482758620689653,-1.7706571160668174,2.2988505747126435,-2.2037107290705142,3.4482758620689653,-1.6850541596043094,49.42528735632184,0.09405145306564501,50.57471264367817,-0.12965097896398878,BTPS 2.45 09/01/33,100.0,0.0,100.0,0.0,100.0,0.0,100.0,0.0,100.0,0.0,0.9775978373395472,-0.009379834378761887,falling,28.735632183908045,100.0,-1.0,-1.0,-1.0,1,1,1.8936903788058017,2.6107976177732866,1.7857742477059508,0.18673373400427667,Bottom Decile,Top Decile,Above Median,Top Decile,Very Tight,6.05615612915571,"['Issue_Age', 'Cpn', 'GREEN_BOND_LOAN_INDICATOR']","[0.4210029090999898, 0.31280566630046713, 0.12440070968006813]",0.858209285080525,0.0825038907613138,47.88122818115783
2026-06-01,IT0005273013,BTPS 3.45 03/01/48,2048-03-01,-2.063191756575492,NO ACTION,-0.5311376318903753,0.9409775412575322,-0.3543301095827919,-0.7929722386922639,-0.6706737942715705,113.63,-0.7496448149416413,0.07897102067007078,10.534458191746813,-0.6360202525182882,0.10488262062791287,16.490452711779298,-0.4199795062284106,0.06564939664561875,15.63157109069924,-0.7929722386922639,0.0,0.0,113.36,0.269999999999996,0.23817925191970546,-0.7519215022299192,0.08124770795834868,10.805344259588773,-0.6431653794063792,0.11202774751600386,17.418186575524818,-0.424816830191772,0.07048672060898015,16.59226140309335,-0.7929722386922639,0.0,0.0,112.594,1.0360000000000014,0.9201200773646815,-0.6794316845095785,0.008757890238007993,1.2890023101335502,-0.5352367442402726,0.004099112349897238,0.7658503115533635,-0.3567816785302098,0.002451568947417937,0.6871341849177764,-0.7929722386922639,0.0,0.0,95.335,18.295,19.19022394512087,-0.5769847972151295,-0.09368899705644096,-16.23768873718522,-0.38668634196349966,-0.14445128992687567,-37.35619040945898,-0.2664685110645954,-0.08786159851819647,-32.97259960282427,-0.7929722386922639,0.0,0.0,131.853,-18.223000000000013,-13.820694256951258,0.21021054522738022,-0.8808843394989507,-419.0485765789054,0.04667188005339362,-0.577809511943769,-1238.024668130523,0.06130132116030937,-0.41563143074310127,-678.0137117352016,-0.7929722386922639,0.0,0.0,167.763,-54.13300000000001,-32.26754409302007,33.33333333333333,-0.6862427301374293,34.48275862068966,-0.5239614457909004,43.67816091954023,-0.40626369820779296,21.839080459770116,-0.8882575621654448,89.65517241379311,1.464797326302543,BTPS 3.45 03/01/48,100.0,0.0,100.0,0.0,100.0,0.0,100.0,0.0,100.0,0.0,0.9598972180774845,-0.018919676819952325,falling,1.1494252873563218,100.0,-1.0,-1.0,-1.0,1,1,0.7145129055365756,0.6207517513212406,0.39283342306480684,1.0399064014941468,Below Median,Top Decile,Top Quartile,Top Decile,Moderate,12.563171068605785,"['Issue_Age', 'GREEN_BOND_LOAN_INDICATOR', 'YAS_RISK']","[0.47051747854170883, 0.17034891985525152, 0.14223689731113245]",0.7831032957080928,-0.9048825172690752,113.6296541412804
2026-06-01,IT0005321325,BTPS 2.95 09/01/38,2038-09-01,-2.0271169564206275,NO ACTION,-0.2574463209158924,0.9565195850747522,-0.5554986178754379,0.3713770077151305,-0.45345015469702893,80.359,-0.3575939938230623,-0.09585616087396664,-26.805863590877305,-0.1234652083982243,-0.13398111251766814,-108.51729276947127,-0.4818692820385598,-0.07362933583687808,-15.279939405432414,0.3713770077151305,0.0,0.0,80.713,-0.3539999999999992,-0.4385910571483406,-0.7313362792977356,0.27788612460070666,37.99703756907049,-0.6541279811657189,0.3966816602498265,60.64281999963059,-0.7952587702363292,0.23976015236089132,30.14869603698574,0.3713770077151305,0.0,0.0,80.436,-0.07700000000001239,-0.09572828085737675,-0.5859783514775573,0.13252819678052835,22.616568374019067,-0.4511831153087729,0.1937367943928805,42.93972525242256,-0.6669216038614355,0.11142298598599765,16.707058771249795,0.3713770077151305,0.0,0.0,65.774,14.584999999999994,22.17441541913606,-0.6479360984102124,0.19448594371318345,30.01622246217727,-0.539186917366413,0.2817405964505206,52.25286114161653,-0.7220407714711654,0.16654215359572755,23.06547744524848,0.3713770077151305,0.0,0.0,97.147,-16.78800000000001,-17.281027719097768,-0.6372086414638778,0.18375848676684886,28.838040152891082,-0.5205338245503036,0.2630875036344112,50.54186417328589,-0.7102765312201335,0.1547779133446956,21.791218541276,0.3713770077151305,0.0,0.0,130.92,-50.56099999999999,-38.61976779417814,43.67816091954023,-0.4734180826748043,43.67816091954023,-0.2539679706755937,34.48275862068966,-0.6110151970162829,56.32183908045977,0.3345285399579538,73.5632183908046,0.6505646156486447,BTPS 2.95 09/01/38,100.0,0.0,100.0,0.0,100.0,0.0,100.0,0.0,100.0,0.0,0.9828689200934256,-0.026349335018673425,falling,13.793103448275861,100.0,-1.0,-1.0,-1.0,1,1,0.4830902747594023,0.30088294442811114,0.6158619255493697,0.4870250291833742,Below Median,Top Decile,Above Median,Top Decile,Tight,8.957426892649778,"['Issue_Age', 'Cpn', 'GREEN_BOND_LOAN_INDICATOR']","[0.46908322194445967, 0.2059095344135235, 0.20160307435370275]",0.8765958307116859,0.3242239639343666,80.14113332361391
2026-06-01,IT0005323032,BTPS 2 02/01/28,2028-02-01,-1.379019689581141,WEAK SELL,-0.5709439615626624,0.9649087786469737,-0.8737089765537001,-1.0599146356544984,-0.8900814589244266,-7.062,-0.7802324125185791,-0.10984904640584747,-14.0790158464905,-0.41883603406352277,-0.1521079274991396,-36.3168188734182,-0.7801215659972391,-0.09358741055646091,-11.996516111841537,-1.0599146356544984,0.0,0.0,-8.67,1.6079999999999997,18.546712781376335,0.386439094736889,-1.2765205536613156,-330.3290319261162,0.10260304642101532,-0.6735470079836777,-656.4590095833838,0.5869983255527509,-1.460707302106451,-248.84351686124734,-1.0599146356544984,0.0,0.0,-3.919,-3.1430000000000002,-80.19903016024745,-0.7507149851518016,-0.139366473772625,-18.564498467816513,-0.3714676931569439,-0.19947626840571847,-53.699491694824516,-0.7521341916377912,-0.1215747849159089,-16.1639750793378,-1.0599146356544984,0.0,0.0,-5.361,-1.7010000000000005,-31.729154949208827,-1.3420805661585276,0.45199910723410097,33.67898435188369,-1.2498717531373673,0.678927791574705,54.31979596614723,-1.2302230433500077,0.3565140667963076,28.97962819226057,-1.0599146356544984,0.0,0.0,2.532,-9.594000000000001,-378.9099511101503,-0.6909207848836464,-0.1991606740407802,-28.82539873102525,-0.2783650563974944,-0.29257890516516794,-105.10618625807619,-0.6989894419722902,-0.17471953458140987,-24.99601876514958,-1.0599146356544984,0.0,0.0,32.005,-39.067,-122.0653022583767,24.137931034482758,-0.901207174024846,31.03448275862069,-0.5632299532255713,24.137931034482758,-0.934893165932669,12.643678160919542,-1.1685973778007264,1.1494252873563218,-1.488867255893372,BTPS 2 02/01/28,100.0,0.0,100.0,0.0,100.0,0.0,100.0,0.0,100.0,0.0,0.9433889367012624,0.021519841945711216,rising,19.54022988505747,100.0,-1.0,-1.0,1.0,1,0,0.9482623218804435,0.6672742482676495,0.9686506417029249,1.3899755387050756,Bottom Quartile,Top Decile,Bottom Decile,Top Decile,Very Tight,1.5821291562488682,"['Cpn', 'Issue_Age', 'GREEN_BOND_LOAN_INDICATOR']","[0.3945812976392031, 0.2612636031504911, 0.10582400015330551]",0.7616689009429997,-1.1866713630356016,-8.116708798620593
2026-06-01,IT0005340929,BTPS 2.8 12/01/28,2028-12-01,-5.136067915864593,STRONG SELL,-2.2495818124039584,0.9689653395513859,-1.713544102614431,-2.210033363310112,-2.1952244666212226,-0.893,-2.1183352096471997,-0.07688925697402293,-3.629702053805655,-2.110237628940685,-0.13934418346327337,-6.603246046413169,-1.703770733790497,-0.00977336882393387,-0.5736316848703704,-2.210033363310112,0.0,0.0,-2.285,1.3920000000000001,60.91903693252063,-2.1710215273263684,-0.024202939294854176,-1.114818019016997,-2.1995008497667845,-0.050080962637173876,-2.276923985493873,-1.7099572433490815,-0.003586859265349407,-0.20976309544137842,-2.210033363310112,0.0,0.0,1.055,-1.948,-184.6445480128479,-1.9023173907611959,-0.29290707586002673,-15.397381937568488,-1.707301611421033,-0.5422802009829253,-31.7624135172771,-1.669218419766487,-0.044325682847943915,-2.6554752845704437,-2.210033363310112,0.0,0.0,-0.468,-0.425,-90.81196387153922,-1.7427211377862963,-0.4525033288349263,-25.965331826593246,-1.425199434955928,-0.8243823774480303,-57.843299081099694,-1.606645824417292,-0.10689827819713882,-6.653506075028,-2.210033363310112,0.0,0.0,9.758,-10.651,-109.15146535237604,-1.8090215864048194,-0.38620288021640325,-21.348715846396093,-1.541304801305995,-0.7082770110979635,-45.953078580077786,-1.6386972090452778,-0.07484689356915308,-4.567463268947248,-2.210033363310112,0.0,0.0,39.125,-40.018,-102.28242808887349,1.1494252873563218,-2.1799197535830364,1.1494252873563218,-2.2191877737169445,1.1494252873563218,-1.789686504474504,3.4482758620689653,-2.3764387538383955,6.896551724137931,-1.3378948898080756,BTPS 2.8 12/01/28,100.0,0.0,100.0,0.0,100.0,0.0,100.0,0.0,100.0,0.0,0.9844386781594997,-0.01547333860811384,falling,31.03448275862069,100.0,-1.0,-1.0,-1.0,1,1,2.338717011679426,2.6291337046108336,1.8997465278779984,2.8982450202947394,Bottom Decile,Top Decile,Bottom Decile,Top Decile,Very Tight,2.362277211458519,"['Issue_Age', 'Cpn', 'GREEN_BOND_LOAN_INDICATOR']","[0.28886743236971224, 0.22386566155112822, 0.1565859251156719]",0.6693190190365124,-2.4007558713364374,-1.5568988151465222
2026-06-01,IT0005358806,BTPS 3.35 03/01/35,2035-03-01,0.0289183103001846,MODERATE SELL,-1.3221727769670475,0.985127413615276,-1.42570687331156,1.3741018283137352,-1.2570414548657542,61.137,-1.0937426218540978,-0.16329883301165649,-14.930279597388877,-1.0688377527377306,-0.25333502422931686,-23.70191558168962,-1.3244027792897373,-0.10130409402182283,-7.649039615519921,1.3741018283137352,0.0,0.0,61.266,-0.12899999999999778,-0.21055724215542398,-1.5098212407437426,0.25277978587798833,16.742365081526586,-1.7591817682760496,0.43700899130900206,24.841605154486025,-1.5317495703995334,0.10604269708797331,6.9229786934437225,1.3741018283137352,0.0,0.0,61.424,-0.28699999999999903,-0.4672440739015281,-1.3665105525751415,0.10946909770938729,8.010848997983345,-1.5011989505553343,0.17902617358828676,11.92554606632955,-1.48418255142648,0.05847567811491983,3.9399248875904855,1.3741018283137352,0.0,0.0,48.696,12.441000000000003,25.548299649755986,-1.13043980035346,-0.12660165451229433,-11.19932731957743,-1.1211884927873783,-0.20098428417966918,-17.92600295846806,-1.3459239348818348,-0.07978293842972528,-5.927744931882448,1.3741018283137352,0.0,0.0,75.929,-14.792000000000002,-19.48135758149306,-0.46574936117560656,-0.7912920936901477,-169.8965457951844,-0.1438413672774214,-1.178331409689626,-819.1880750814997,-0.7929388291518599,-0.6327680441597002,-79.80035948756388,1.3741018283137352,0.0,0.0,109.685,-48.548,-44.26129370066452,9.195402298850574,-1.2607358695299202,9.195402298850574,-1.304308936535697,8.045977011494253,-1.4967226374515847,96.55172413793103,1.387578540776304,59.77011494252874,0.18014950446505446,BTPS 3.35 03/01/35,100.0,0.0,100.0,0.0,100.0,0.0,100.0,0.0,100.0,0.0,0.9673559831208822,0.01777143049439378,rising,86.20689655172413,100.0,-1.0,-1.0,-1.0,1,1,1.3392089417651596,1.5452512071691438,1.5806314399570935,1.8020016563566048,Bottom Decile,Top Decile,Above Median,Top Decile,Tight,7.25381601280759,"['Issue_Age', 'AMT_OUTSTANDING', 'GREEN_BOND_LOAN_INDICATOR']","[0.3803302926498204, 0.29147075916800447, 0.28530952623280975]",0.9571105780506346,1.3827170060040477,60.57768316436543
2026-06-01,IT0005363111,BTPS 3.85 09/01/49,2049-09-01,-2.692041790215299,WEAK SELL,-0.6577376304239799,0.9775730541180168,-0.4820831773158512,-2.2475843391233146,-1.029025902969326,115.997,-0.9158580267837314,-0.11316787618559465,-12.356486665008962,-0.49647878006253465,-0.16125885036144527,-32.480511471826155,-0.3797425138733078,-0.10234066344254339,-26.950014024946796,-2.2475843391233146,0.0,0.0,117.11,-1.1129999999999995,-0.9503885235291271,-0.9923082749687788,-0.03671762800054723,-3.700223867595994,-0.6058002417270861,-0.051937388696893794,-8.573352115457961,-0.44835353743527023,-0.033729639880580975,-7.5230005591626545,-2.2475843391233146,0.0,0.0,115.733,0.2639999999999958,0.22811125606109292,-1.012672304550886,-0.016353598418439974,-1.6148953796265968,-0.6327934352430106,-0.024944195180969353,-3.9419174405939166,-0.4653170782727722,-0.01676609904307902,-3.6031556686030433,-2.2475843391233146,0.0,0.0,97.839,18.158,18.559061313120633,-0.7587714759131776,-0.27025442705614844,-35.61736729351375,-0.26735036177942784,-0.3903872686445521,-146.0208437512978,-0.24567953546014956,-0.23640364185570165,-96.22438913786068,-2.2475843391233146,0.0,0.0,135.737,-19.739999999999995,-14.542829146471274,0.3726039823874014,-1.4016298853567275,-376.17146192557004,0.26513052904595535,-0.9228681594699353,-348.08067105011,0.23074751448234057,-0.7128306917981918,-308.92235719423536,-2.2475843391233146,0.0,0.0,172.705,-56.70800000000001,-32.835181376750235,18.39080459770115,-1.0373378565723999,28.735632183908045,-0.6488509551873732,35.63218390804598,-0.5362921619953462,2.2988505747126435,-2.4158743540135426,90.80459770114942,1.5227243145541067,BTPS 3.85 09/01/49,100.0,0.0,100.0,0.0,100.0,0.0,100.0,0.0,100.0,0.0,0.9760768167283744,0.0014962373896423298,rising,55.172413793103445,100.0,-1.0,-1.0,-1.0,1,1,1.096288976970661,0.768711839419878,0.5344687894854004,2.947489493461795,Bottom Quartile,Top Decile,Top Decile,Top Decile,Moderate,13.52629203955047,"['Cpn', 'Issue_Age', 'GREEN_BOND_LOAN_INDICATOR']","[0.26690738086715143, 0.22016776674488256, 0.17922867995038466]",0.6663038275624187,-2.4403953076051774,115.88294958866231
2026-06-01,IT0005365165,BTPS 3 08/01/29,2029-08-01,-3.433019763690531,STRONG SELL,-1.612773551975593,0.9749657112366628,-1.2900643605430189,-2.785647792843606,-1.8453533881060797,8.294,-1.8677775455890058,0.022424157482926033,1.2005796630238739,-1.6568708766783637,0.044097324702770724,2.661482258957153,-1.2976823231111696,0.007617962568150727,0.5870437143030838,-2.785647792843606,0.0,0.0,7.427,0.8670000000000009,11.673623250742407,-1.866819890644292,0.021466502538212362,1.1498968127993316,-1.6553796587174021,0.04260610674180909,2.573796667130783,-1.2974190673852724,0.007354706842253478,0.5668721055863954,-2.785647792843606,0.0,0.0,11.147,-2.8529999999999998,-25.594330290127985,-1.2779209199491606,-0.5674324681569192,-44.402783838863435,-0.7277689883218851,-0.8850045636537079,-121.60514747047235,-0.9215721582183881,-0.36849220232463076,-39.98517045463854,-2.785647792843606,0.0,0.0,7.124,1.1700000000000008,16.42335764118003,-1.393315930687177,-0.4520374574189028,-32.44328470080949,-0.8862247144217107,-0.7265488375538823,-81.98246082876757,-1.0177921260338212,-0.2722722345091977,-26.751261369556318,-2.785647792843606,0.0,0.0,20.022,-11.727999999999998,-58.575566847180305,-1.4284189222508523,-0.4169344658552274,-29.18852841009582,-0.9401848125576,-0.672588739417993,-71.53792778619197,-1.045022640181315,-0.2450417203617039,-23.448460214636338,-2.785647792843606,0.0,0.0,50.435,-42.141000000000005,-83.55507086674828,2.2988505747126435,-1.8371339081373255,6.896551724137931,-1.5909834123763775,12.643678160919542,-1.3586642105774027,1.1494252873563218,-2.980942365436881,14.942528735632186,-1.113063778246134,BTPS 3 08/01/29,100.0,0.0,100.0,0.0,100.0,0.0,100.0,0.0,100.0,0.0,0.959723960306555,0.015241750930107711,rising,48.275862068965516,100.0,-1.0,-1.0,-1.0,1,1,1.9659763395251106,1.884882461275229,1.4302493212409662,3.6531076760813317,Bottom Decile,Top Decile,Bottom Quartile,Top Decile,Very Tight,2.9690763498173567,"['Issue_Age', 'GREEN_BOND_LOAN_INDICATOR', 'AMT_OUTSTANDING']","[0.2470705852432371, 0.19412750423830324, 0.18190141907065474]",0.6230995085521951,-3.0083840621020586,7.613385702667877
2026-06-01,IT0005377152,BTPS 3.1 03/01/40,2040-03-01,-2.617886045546044,WEAK SELL,-0.5616953150129815,0.9533063200391216,-0.3733009753302602,-1.5916875200093281,-0.8313419041565272,87.095,-0.8097449204576622,-0.02159698369886498,-2.6671341661451975,-0.5282833408867046,-0.033411974126276944,-6.324631293073338,-0.35247086601864286,-0.02083010931161733,-5.909739138423336,-1.5916875200093281,0.0,0.0,87.257,-0.16200000000000614,-0.18565845717987128,-0.8320151547703821,0.0006732506138549255,0.08091807004992844,-0.5539122808450648,-0.0077830341679167026,-1.4051022691774318,-0.36760807025773284,-0.005692905072527343,-1.5486343685742718,-1.5916875200093281,0.0,0.0,87.681,-0.5859999999999985,-0.6683317935848877,-0.7155729483576927,-0.1157689557988345,-16.17849786617638,-0.39123004018532404,-0.1704652748276575,-43.57162103138775,-0.2690517078749619,-0.10424926745529828,-38.74692504425737,-1.5916875200093281,0.0,0.0,72.399,14.695999999999998,20.298622906352488,-0.7382802137268868,-0.09306169042964041,-12.605198871487971,-0.4237684319269033,-0.13792688308607826,-32.547700451434174,-0.2886313524885674,-0.08466962284169277,-29.33486579963967,-1.5916875200093281,0.0,0.0,105.137,-18.042,-17.160466817850953,0.3036869890512154,-1.1350288932077426,-373.7495832069931,0.19348796204936586,-0.7551832770623474,-390.29985640124056,0.1442104213350645,-0.5175113966653246,-358.85850411397575,-1.5916875200093281,0.0,0.0,140.913,-53.81800000000001,-38.19235982214613,27.586206896551722,-0.843657152949447,32.18390804597701,-0.554106264887894,42.5287356321839,-0.4255724519906572,6.896551724137931,-1.727059106084995,75.86206896551724,0.8154130283493348,BTPS 3.1 03/01/40,100.0,0.0,100.0,0.0,100.0,0.0,100.0,0.0,100.0,0.0,0.9900587601699821,-0.03675244013086043,falling,11.494252873563218,100.0,-1.0,-1.0,-1.0,1,1,0.8856832106856769,0.6564651600043452,0.4138657596586564,2.0873442479723363,Below Median,Top Decile,Top Quartile,Top Decile,Tight,9.684748545851107,"['GREEN_BOND_LOAN_INDICATOR', 'Issue_Age', 'AMT_OUTSTANDING']","[0.2452772286074156, 0.24138373450128484, 0.23230872610044276]",0.7189696892091432,-1.7480196876087248,86.97434326865965
2026-06-01,IT0005383309,BTPS 1.35 04/01/30,2030-04-01,-3.740744379461877,STRONG SELL,-1.7829971794420696,0.9851581994338272,-1.35429875766194,-0.59104075542634,-1.5759462977765242,15.09,-1.5604587344225216,-0.015487563354002587,-0.9925006610625944,-1.7558966972593855,-0.027100482182684127,-1.543398428315452,-1.3507941658109333,-0.003504591851006822,-0.25944676944604694,-0.59104075542634,0.0,0.0,14.591,0.49900000000000055,3.41991638446994,-1.4526925369876875,-0.12325376078883665,-8.484504243132275,-1.565307456073862,-0.21768972336820758,-13.907154222819983,-1.3197464436379303,-0.03455231402400982,-2.6181024339004724,-0.59104075542634,0.0,0.0,18.415,-3.3249999999999993,-18.05593265378445,-1.4451281120139197,-0.1308181857626045,-9.052359010237602,-1.5553642010827138,-0.2276329783593558,-14.63534886153108,-1.3177884791765697,-0.03651027848537036,-2.77057196850946,-0.59104075542634,0.0,0.0,11.432,3.6579999999999995,31.997900601821282,-1.0740954288833016,-0.5018508688932226,-46.723117027196295,-0.9545101536171736,-0.828487025824896,-86.79708791002231,-1.0921618685997854,-0.2621368890621547,-24.0016516048179,-0.59104075542634,0.0,0.0,27.418,-12.328,-44.96316286929638,-0.7623939468814538,-0.8135523508950704,-106.71023078709571,-0.5108020764055077,-1.272195103036562,-249.05832158771003,-0.8230322493184857,-0.5312665083434543,-64.54990097026952,-0.59104075542634,0.0,0.0,62.604,-47.513999999999996,-75.89610886270907,6.896551724137931,-1.5731825760649065,4.597701149425287,-1.758907153041613,11.494252873563218,-1.4240426795872048,26.436781609195403,-0.6761914556423332,24.137931034482758,-0.9467470008242381,BTPS 1.35 04/01/30,100.0,0.0,100.0,0.0,100.0,0.0,100.0,0.0,100.0,0.0,0.9790554611656671,0.006102738268160102,rising,87.35632183908046,100.0,-1.0,-1.0,-1.0,1,1,1.6789592463753817,2.083826404467488,1.5014637549464203,0.7750927902916303,Bottom Decile,Top Decile,Bottom Quartile,Top Decile,Very Tight,3.4247967927107936,"['Cpn', 'AMT_OUTSTANDING', 'GREEN_BOND_LOAN_INDICATOR']","[0.5665690417099504, 0.12631837697638904, 0.10643015836888219]",0.7993175770552216,-0.6917202761228047,14.60825330993227
2026-06-01,IT0005398406,BTPS 2.45 09/01/50,2050-09-01,-0.4992317436597062,NO ACTION,-0.216281426515401,0.9783134887642189,-0.16985365966031646,-0.936503759501739,-0.4864769942657256,119.931,-0.43292030720563274,-0.05355668706009287,-12.371026475676814,-0.14332408193004686,-0.07295734458535413,-50.90375498137669,-0.13052983560441955,-0.039323824055896905,-30.126308564763566,-0.936503759501739,0.0,0.0,120.688,-0.757000000000005,-0.6272371734864123,-0.517589980641082,0.031112986375356366,6.01112597575933,-0.26804707716003445,0.051765650644633454,19.312148172581097,-0.1985485337831132,0.028694874122796754,14.452321621729913,-0.936503759501739,0.0,0.0,119.127,0.804000000000002,0.6749099699753297,-0.6270729306678391,0.14059593640211349,22.420986026342863,-0.42187968457021446,0.20559825805481347,48.733859605228105,-0.2874137947562928,0.11756013509597635,40.902744805754644,-0.936503759501739,0.0,0.0,100.557,19.373999999999995,19.26668456504602,-0.49761294823015034,0.011135953964424739,2.237874593143988,-0.23693535857234393,0.020653932056942936,8.717116478385384,-0.1811736558738968,0.011319996213580347,6.248146582991514,-0.936503759501739,0.0,0.0,137.706,-17.77499999999999,-12.90793429386461,-0.4695661491726421,-0.016910845093083493,-3.6013764541464752,-0.20598076837682414,-0.010300658138576863,-5.000786102348197,-0.1644240103136863,-0.00542964934663015,-3.3022239307076457,-0.936503759501739,0.0,0.0,171.138,-51.20700000000001,-29.92146688462402,41.37931034482759,-0.5057760962951429,44.827586206896555,-0.2133592540438131,47.12643678160919,-0.2185015582134538,16.091954022988507,-1.0389927040517761,91.95402298850574,1.619000094774492,BTPS 2.45 09/01/50,100.0,0.0,100.0,0.0,100.0,0.0,100.0,0.0,100.0,0.0,0.9561234757721312,0.02219001299208767,rising,57.47126436781609,100.0,-1.0,-1.0,-1.0,1,1,0.5182759392396287,0.25277266423366795,0.18831082298654103,1.2281341098841856,Below Median,Top Decile,Top Decile,Top Decile,Moderate,11.663672739769028,"['Cpn', 'GREEN_BOND_LOAN_INDICATOR', 'YAS_RISK']","[0.44530896050805985, 0.1925415668551181, 0.1337277677707284]",0.7715782951339063,-1.0563967841681552,119.68934376897428
2026-06-01,IT0005403396,BTPS 0.95 08/01/30,2030-08-01,-1.979389782184292,NO ACTION,-0.8086709363113319,0.9817254130112625,-0.7352364647317635,0.7400673612535503,-0.7936628011163228,20.28,-0.8117663327674798,0.018103531651156968,2.2301407064301624,-0.8402597276136458,0.031588791302313846,3.7594079411714567,-0.7545199466537347,0.019283481921971157,2.555728546597046,0.7400673612535503,0.0,0.0,19.628,0.652000000000001,3.3217852031170905,-0.732223911289314,-0.06143888982700885,-8.390724208904029,-0.7224643485358715,-0.08620658777546042,-11.932296279662095,-0.6798375879132676,-0.05539887681849587,-8.148839809469251,0.7400673612535503,0.0,0.0,23.175,-2.8949999999999996,-12.491909379723014,-1.1607889090583479,0.36712610794202505,31.62729260370991,-1.3817286303842338,0.5730576940729019,41.47396799371148,-0.9902160887460877,0.25497962401432417,25.749896849506413,0.7400673612535503,0.0,0.0,14.445,5.835000000000001,40.39460017971991,-0.4637241010199579,-0.3299387000963649,-71.14978329909718,-0.33392514422963077,-0.47474579208170115,-142.17131775440674,-0.4405216795898279,-0.2947147851419356,-66.90131090170523,0.7400673612535503,0.0,0.0,33.601,-13.320999999999998,-39.64465342113488,0.36696014846158004,-1.1606229495779028,-316.2803707202502,0.004776186042472617,-0.8134471223538046,-17031.2758337425,0.2420016967644467,-0.9772381614962102,-403.81457410439214,0.7400673612535503,0.0,0.0,68.696,-48.416,-70.4786304776874,29.88505747126437,-0.806741088763497,25.287356321839084,-0.7977450052837136,27.586206896551722,-0.7939543351984237,73.5632183908046,0.7217228819346235,25.287356321839084,-0.8197334524399476,BTPS 0.95 08/01/30,100.0,0.0,100.0,0.0,100.0,0.0,100.0,0.0,100.0,0.0,0.975390312334938,0.006335100676324479,rising,75.86206896551724,100.0,-1.0,-1.0,-1.0,1,1,0.8455411839340441,0.9451107769773959,0.8151310018296923,0.9705267712444023,Below Median,Top Decile,Below Median,Top Decile,Very Tight,3.6514720912066414,"['Cpn', 'GREEN_BOND_LOAN_INDICATOR', 'YAS_RISK']","[0.7269062871458978, 0.11520042595281153, 0.06409346174772353]",0.9062001748464328,0.7134196494123164,19.843640208902418
2026-06-01,IT0005413171,BTPS 1.65 12/01/30,2030-12-01,-1.1857581269454975,NO ACTION,-0.36965874065600113,0.967786970201461,-0.6506491093044137,0.16613651664270082,-0.5405458736526148,24.413,-0.7007233041638313,0.16017743051121658,22.858869866825433,-0.5998725185450838,0.2302137778890827,38.37711629292936,-0.7910960390705793,0.14044692976616568,17.753461154454005,0.16613651664270082,0.0,0.0,23.457,0.9559999999999995,4.075542480250864,-0.6545735737989968,0.11402770014638208,17.420149998200525,-0.5328769750418749,0.1632182343858738,30.629627281247217,-0.7494851808959503,0.09883607159153662,13.18719472940965,0.16613651664270082,0.0,0.0,26.806,-2.3930000000000007,-8.927105868489479,-0.915790694963366,0.3752448213107512,40.974954132752636,-0.9090888493222289,0.5394301086662278,59.33744574412668,-0.9815286497914795,0.3308795404870658,33.71063464997134,0.16613651664270082,0.0,0.0,17.876,6.536999999999999,36.5685835552872,-0.724924521228308,0.18437864757569322,25.43418516452783,-0.6316161322028937,0.26195739154689257,41.474144507019915,-0.8111528346873738,0.1605037253829601,19.7871124331469,0.16613651664270082,0.0,0.0,38.719,-14.306000000000001,-36.94826828251033,0.3816146921373265,-0.9221605657899412,-241.64702267107515,0.08716135866107229,-0.4568200993170734,-524.1084511802726,0.47815853637711975,-1.1288076456815335,-236.0739244826238,0.16613651664270082,0.0,0.0,72.904,-48.491,-66.5134971926762,39.08045977011494,-0.5587500277546843,39.08045977011494,-0.36466429146436014,32.18390804597701,-0.7078604035438663,50.57471264367817,0.1189873517356889,28.735632183908045,-0.7185875958942303,BTPS 1.65 12/01/30,100.0,0.0,100.0,0.0,100.0,0.0,100.0,0.0,100.0,0.0,0.9765121564885615,-0.008725186287100506,falling,27.586206896551722,100.0,-1.0,-1.0,-1.0,1,1,0.5758790727447817,0.4320279657773861,0.7213519537559887,0.2178719742618008,Below Median,Top Decile,Below Median,Top Decile,Very Tight,3.971151997100719,"['Cpn', 'GREEN_BOND_LOAN_INDICATOR', 'AMT_OUTSTANDING']","[0.5947920579730605, 0.13506913726462016, 0.1302546541840704]",0.8601158494217509,0.1075686789665123,23.820197058713944
2026-06-01,IT0005421703,BTPS 1.8 03/01/41,2041-03-01,-2.862285227656216,NO ACTION,-0.6875620989797121,0.942647548696468,-0.7297492281950934,0.7847033091844751,-0.7228927793853839,91.232,-0.602619934691401,-0.12027284469398292,-19.958324604668388,-0.515669520220736,-0.17189257875897612,-33.33386378004461,-0.6209094390194624,-0.10883978917563097,-17.52909209990447,0.7847033091844751,0.0,0.0,91.673,-0.4410000000000025,-0.4810576723265267,-0.738462644649892,0.015569865264508098,2.1084160676872457,-0.7048425780531913,0.017280479073479182,2.451679192826399,-0.7406578873369593,0.010908659141865895,1.4728337038041526,0.7847033091844751,0.0,0.0,91.562,-0.3299999999999983,-0.36041152439216834,-0.4391858820520775,-0.2837068973333064,-64.59836312311809,-0.26824738559983363,-0.41931471337987847,-156.31641546500015,-0.4753783830469065,-0.25437084514818686,-53.50913059338135,0.7847033091844751,0.0,0.0,76.631,14.600999999999999,19.05364669402022,-0.5104078147334269,-0.212484964651957,-41.63042852309964,-0.3729421250852366,-0.3146199738944755,-84.36160580851733,-0.5354006885514723,-0.1943485396436211,-36.299642523708215,0.7847033091844751,0.0,0.0,109.836,-18.604,-16.937980259938637,-0.40397218636924354,-0.31892059301614034,-78.94617398981507,-0.22180979698570072,-0.4657523019940114,-209.97822788964277,-0.4497274032547964,-0.280021824940297,-62.264789000453604,0.7847033091844751,0.0,0.0,144.018,-52.786,-36.65236289653707,32.18390804597701,-0.7374042295003462,27.586206896551722,-0.678272466159565,28.735632183908045,-0.7883693660860341,75.86206896551724,0.768599037824659,79.3103448275862,0.9166567758764659,BTPS 1.8 03/01/41,100.0,0.0,100.0,0.0,100.0,0.0,100.0,0.0,100.0,0.0,0.963168640280976,-0.02052109158450799,falling,2.2988505747126435,100.0,-1.0,-1.0,-1.0,1,1,0.7701452249987759,0.8035683247762331,0.8090474942372822,1.0290625001454259,Below Median,Top Decile,Top Quartile,Top Decile,Tight,9.098161402317828,"['Cpn', 'GREEN_BOND_LOAN_INDICATOR', 'YAS_RISK']","[0.6863015968822038, 0.17270693452234107, 0.050775729520207535]",0.9097842609247524,0.7605381003975659,91.356952697641
2026-06-01,IT0005422891,BTPS 0.9 04/01/31,2031-04-01,-1.2036326063794398,NO ACTION,-0.37954634331233666,0.9920409565213142,-0.4404558656583536,0.45215436027359324,-0.4895760772899485,27.621,-0.6727182549573382,0.18314217766738966,27.224201750937144,-0.6523552474484757,0.27280890413613906,41.81907036407782,-0.6092850533728132,0.16882918771445965,27.709392181694653,0.45215436027359324,0.0,0.0,26.683,0.9379999999999988,3.515346848736889,-0.5351154217986765,0.04553934450872804,8.510190849039287,-0.4495717062003951,0.07002536288805844,15.576016098140139,-0.4813592240696339,0.04090335841128029,8.497470395543127,0.45215436027359324,0.0,0.0,30.149,-2.5280000000000022,-8.385021059277257,-0.843217588953264,0.35364151166331553,41.939531634813086,-0.8918431890858194,0.5122968457734827,57.442479384112666,-0.7567740738067297,0.3163182081483761,41.79823475947145,0.45215436027359324,0.0,0.0,20.371,7.25,35.589809024795144,-0.6065984114179932,0.11702233412804469,19.29156588546531,-0.5503082427443489,0.1707618994320122,31.03022689200725,-0.543931819418829,0.10347595376047536,19.02369895709828,0.45215436027359324,0.0,0.0,42.446,-14.825,-34.92673042573464,0.49962109979608677,-0.9891971770860353,-197.98946795698086,0.27788247507870395,-0.6574288183910406,-236.58519471093643,0.3686606078867456,-0.8091164735450992,-219.47461548324748,0.45215436027359324,0.0,0.0,77.395,-49.774,-64.3116480309695,40.229885057471265,-0.508812419843443,37.93103448275862,-0.3744183029901125,40.229885057471265,-0.4939234307979079,62.06896551724138,0.4193599806786621,32.18390804597701,-0.6400790288004337,BTPS 0.9 04/01/31,100.0,0.0,100.0,0.0,100.0,0.0,100.0,0.0,100.0,0.0,0.9786181093927465,0.013422847128567672,rising,98.85057471264368,100.0,-1.0,-1.0,-1.0,1,1,0.521577596222576,0.4435838155172058,0.4883180422326344,0.5929567149632267,Below Median,Top Decile,Below Median,Top Decile,Very Tight,4.138594599612588,"['Cpn', 'AMT_OUTSTANDING', 'GREEN_BOND_LOAN_INDICATOR']","[0.6460704855669014, 0.13487208993189026, 0.10213934990043892]",0.8830819253992306,0.4094938843387497,27.24183890211101
2026-06-01,IT0005425233,BTPS 1.7 09/01/51,2051-09-01,-0.7704429932853003,NO ACTION,-0.2708816363717367,0.9712493787265327,-0.9556308677563407,-0.20200722962850132,-0.612328994133407,121.218,-0.5292352193207182,-0.08309377481268887,-15.700726295061848,-0.15016254452025446,-0.12071909185148222,-80.3922737177458,-0.8899321106621162,-0.06569875709422446,-7.382445870741701,-0.20200722962850132,0.0,0.0,122.257,-1.0390000000000015,-0.8498490883262443,-0.470730035036709,-0.141598959096698,-30.080714114106673,-0.05620413669008816,-0.2146774996816485,-381.96025084303574,-0.835553349781472,-0.12007751797486865,-14.371017310764369,-0.20200722962850132,0.0,0.0,121.744,-0.5259999999999962,-0.4320541463700806,-0.8512397244772187,0.23891073034381172,28.06620986631182,-0.6177726986137625,0.3468910622420258,56.15189169175575,-1.1635864377322742,0.20795556997593356,17.871948438486918,-0.20200722962850132,0.0,0.0,101.231,19.98700000000001,19.743951949526938,-1.1375941425302647,0.5252651483968577,46.173334068969154,-1.0633345197860888,0.7924528834143522,74.52526568226558,-1.4152424582071461,0.45961159045080546,32.47581956984724,-0.20200722962850132,0.0,0.0,133.277,-12.058999999999983,-9.048072810083644,-1.1017286237252262,0.48939962959181915,44.421068365722135,-0.9800504511759557,0.709168814804219,72.36043886488174,-1.3786170053416955,0.42298613758535486,30.68191766663464,-0.20200722962850132,0.0,0.0,167.138,-45.92,-27.474302670399652,36.7816091954023,-0.6290794695226889,42.5287356321839,-0.26722176194970537,20.689655172413794,-1.0182741590678648,32.18390804597701,-0.26763294961551054,93.10344827586206,1.6504965180443538,BTPS 1.7 09/01/51,100.0,0.0,100.0,0.0,100.0,0.0,100.0,0.0,100.0,0.0,0.9919689205116334,-0.020719541785100715,falling,36.7816091954023,100.0,-1.0,-1.0,-1.0,1,1,0.6523543524132229,0.3165850809328919,1.0594745826402856,0.26491294523149117,Below Median,Top Decile,Top Decile,Top Decile,Moderate,10.648871406253946,"['Cpn', 'GREEN_BOND_LOAN_INDICATOR', 'YAS_RISK']","[0.6089118677279809, 0.14428941075609128, 0.07735411715560832]",0.8305553956396805,-0.2810499987649361,121.0293694485622
2026-06-01,IT0005433195,BTPS 0.95 03/01/37,2037-03-01,-0.8642325887172433,WEAK BUY,0.34144486286077447,0.9814489251287722,0.8669872435273106,1.5061951546522767,0.8554472402564623,73.157,0.8872555610870468,-0.03180832083058449,-3.585023511502284,0.39040473267496983,-0.04895986981419537,-12.540797911094218,0.8951720596811816,-0.02818481615387103,-3.148536142767405,1.5061951546522767,0.0,0.0,73.323,-0.16599999999999682,-0.22639553752213806,0.8173886340073063,0.038058606249156024,4.656121237820357,0.2886055542873226,0.05283930857345187,18.308485736902654,0.8367951024634734,0.030192141063837163,3.6080685240803274,1.5061951546522767,0.0,0.0,74.358,-1.2010000000000076,-1.6151590949709402,-0.44604699503507306,1.3014942352915355,291.78409911959795,-0.12648578787731865,0.46793065073809315,369.94718663351387,-0.761265874629851,1.6282531181571616,213.88757213898586,1.5061951546522767,0.0,0.0,59.303,13.854,23.36138137642929,-0.4665033153056171,1.3219505555620794,283.374304930418,-0.1531724595566419,0.4946173224174164,322.9152887911826,-0.7771599390808954,1.6441471826082061,211.55840371761937,1.5061951546522767,0.0,0.0,89.628,-16.471000000000004,-18.377069663679094,-1.0584872139945125,1.9139344542509749,180.81790794112572,-1.0356189463096788,1.3770638091704532,132.97012388393102,-1.2893568607796697,2.15634410430698,167.24183607933514,1.5061951546522767,0.0,0.0,120.43,-47.27300000000001,-39.25350825880151,75.86206896551724,0.8089728541096501,56.32183908045977,0.33683161060471073,70.11494252873564,0.8368064060171275,100.0,1.5263014232176297,68.96551724137932,0.47431190361325726,BTPS 0.95 03/01/37,100.0,0.0,100.0,0.0,100.0,0.0,100.0,0.0,100.0,0.0,0.9689644088428302,0.012484516285942049,rising,73.5632183908046,100.0,1.0,1.0,1.0,1,1,0.9113642107229709,0.3990538118078832,0.9611984909478185,1.9752292789031907,Top Quartile,Top Decile,Above Median,Top Decile,Tight,7.336696324077963,"['Cpn', 'GREEN_BOND_LOAN_INDICATOR', 'Issue_Age']","[0.7665039622514964, 0.12486648564401877, 0.07634668997774334]",0.9677171378732584,1.5221569240762027,72.76677610433093
2026-06-01,IT0005433690,BTPS 0 1/4 03/15/28,2028-03-15,-1.3243079599736127,NO ACTION,-0.5464989252808038,0.9642093768983351,-0.4490939441643561,0.5515094652884364,-0.5733932391722213,-5.564,-0.610825412160283,0.037432172988061674,6.128129516233416,-0.5980244046780162,0.051525479397212415,8.615949137286371,-0.48152375889831966,0.03242981473396356,6.734831555285396,0.5515094652884364,0.0,0.0,-7.585,2.021,26.644693438833627,-0.5147643926730663,-0.05862884649915501,-11.389452377574555,-0.46590255259240165,-0.08059637268840214,-17.29897604339053,-0.3995031467984677,-0.049590797365888395,-12.41311777441219,0.5515094652884364,0.0,0.0,-3.708,-1.8559999999999999,-50.05393729758916,-0.7055746087319176,0.13218136955969628,18.733861175059992,-0.7385333197440423,0.19203439446323856,26.00212972511247,-0.5724457052300713,0.12335176106571522,21.548202350704813,0.5515094652884364,0.0,0.0,-5.023,-0.5410000000000004,-10.770455881404635,-0.6790815262108587,0.10568828703863742,15.563416379770425,-0.7019574966658492,0.15545857138504537,22.14643620287515,-0.5477325739614699,0.0986386297971138,18.00853786782429,0.5515094652884364,0.0,0.0,5.591,-11.155000000000001,-199.51708066621882,0.3572715045663811,-0.9306647437386024,-260.4922883001591,0.0933506790976532,-0.639849604378457,-685.4256894762897,0.17301224309650698,-0.6221061872608631,-359.5734846096996,0.5515094652884364,0.0,0.0,35.231,-40.795,-115.79290962056345,37.93103448275862,-0.5909322018517504,33.33333333333333,-0.5391151931641016,39.08045977011494,-0.5027153611847281,67.81609195402298,0.5237015620057588,2.2988505747126435,-1.4522070833539371,BTPS 0 1/4,100.0,0.0,100.0,0.0,100.0,0.0,100.0,0.0,100.0,0.0,0.9477047777777359,0.016504599120599206,rising,18.39080459770115,100.0,-1.0,-1.0,-1.0,1,1,0.610873531715893,0.6387048188542825,0.49789477832263535,0.7232513264069381,Below Median,Top Decile,Bottom Decile,Top Decile,Very Tight,1.657842849350999,"['Cpn', 'GREEN_BOND_LOAN_INDICATOR', 'YAS_RISK']","[0.7215588982211804, 0.09075766597622732, 0.07874317426954895]",0.8910597384669566,0.5143747900388118,-6.243511496504508
2026-06-01,IT0005436693,BTPS 0.6 08/01/31,2031-08-01,-1.5933639918544955,WEAK SELL,-1.081787071351025,0.9809362463559491,-0.8985701891681188,0.3247846060775043,-0.9812334896050097,30.399,-1.0021822574324752,0.020948767827465575,2.090315156057883,-1.1178918262306365,0.03610475487961162,3.229718091631426,-0.9132796028526258,0.014709413684506956,1.6106144796731146,0.3247846060775043,0.0,0.0,29.516,0.8830000000000027,2.9915977764630806,-0.878125102385421,-0.1031083872195887,-11.74187889234775,-0.9225927466760186,-0.15919432467500627,-17.255102375674685,-0.8251053881599262,-0.07346480100819264,-8.903686871038179,0.3247846060775043,0.0,0.0,32.514,-2.115000000000002,-6.504890199143485,-0.882668096873186,-0.09856539273182363,-11.166755880756506,-0.9299644605587457,-0.1518226107922792,-16.325635612838028,-0.8283796312507727,-0.07019055791734607,-8.473235509671042,0.3247846060775043,0.0,0.0,22.859,7.539999999999999,32.98481996894665,-0.6281372523702934,-0.3530962372347163,-56.213228921063816,-0.5603760228069768,-0.5214110485440481,-93.04663619038995,-0.6027530206739885,-0.2958171684941303,-49.077674178320166,0.3247846060775043,0.0,0.0,45.813,-15.414000000000001,-33.64547180196768,-0.5055995261388577,-0.47563396346615194,-94.07325946112496,-0.38564779650120506,-0.6961392748498199,-180.51166455879857,-0.4963812539286439,-0.4021889352394749,-81.02419741960499,0.3247846060775043,0.0,0.0,78.337,-47.938,-61.194582373438536,19.54022988505747,-0.9905132865321841,17.24137931034483,-1.0671710756506427,22.988505747126435,-0.9601971789126413,54.02298850574713,0.28559773902959845,36.7816091954023,-0.5720937422086111,BTPS 0.6 08/01/31,100.0,0.0,100.0,0.0,100.0,0.0,100.0,0.0,100.0,0.0,0.9813530936075109,-0.0004168472515617694,falling,70.11494252873564,100.0,-1.0,-1.0,-1.0,1,1,1.045372575543896,1.2643073636259008,0.9962134002400514,0.4259236004576241,Bottom Quartile,Top Decile,Below Median,Top Decile,Very Tight,4.339635817212439,"['Cpn', 'GREEN_BOND_LOAN_INDICATOR', 'Issue_Age']","[0.6974034257611603, 0.09934040984454204, 0.07611081370835057]",0.872854649314053,0.275040247790488,30.049989959200875
2026-06-01,IT0005438004,BTPS 1 1/2 04/30/45,2045-04-30,-5.383909490573089,STRONG SELL,-1.9862110290025219,0.9837363207291911,-1.6826938222358507,0.8939102771835518,-1.6730183040717908,103.242,-1.7712616470915605,0.09824334301976978,5.5465177957437914,-2.176976688534416,0.19076565953189406,8.762870988023037,-1.695428817976129,0.012734995740278254,0.7511371477315448,0.8939102771835518,0.0,0.0,102.902,0.3400000000000034,0.3304114594147463,-1.7849218937054576,0.11190358963366687,6.269382957392004,-2.2051743318398715,0.21896330283734966,9.929523425102941,-1.697880386923547,0.015186564687696302,0.8944425482038314,0.8939102771835518,0.0,0.0,102.344,0.8980000000000103,0.8774329710703774,-2.1277398980440494,0.45472159397225864,21.371108012457547,-2.8537770826623707,0.8675660536598488,30.4006243476596,-1.7190231124096669,0.03632929017381614,2.1133683253132167,0.8939102771835518,0.0,0.0,83.674,19.567999999999998,23.385998037217533,-2.205007255745495,0.5319889516737044,24.126403569642807,-3.0061692104667967,1.0199581814642749,33.92883456194446,-1.7202406701419415,0.03754684790609075,2.1826508545881302,0.8939102771835518,0.0,0.0,116.352,-13.11,-11.267533002331929,-1.443365769179339,-0.22965253489245185,-15.910903404057871,-1.5853354066328753,-0.4008756223696466,-25.286486264280533,-1.6364266284094149,-0.04626719382643585,-2.827330766957384,0.8939102771835518,0.0,0.0,147.997,-44.75500000000001,-30.240477845480623,5.747126436781609,-1.6682887788646736,3.4482758620689653,-1.9593753858073255,2.2988505747126435,-1.7582867530930035,78.16091954022988,0.8832869316300049,85.0574712643678,1.2105744475711346,BTPS 1 1/2,100.0,0.0,100.0,0.0,100.0,0.0,100.0,0.0,100.0,0.0,0.9522897807297218,0.031446539999469336,rising,83.9080459770115,100.0,-1.0,-1.0,-1.0,1,1,1.7823764394381103,2.3213267159374493,1.8655438989851383,1.1722768771043128,Bottom Decile,Top Decile,Top Quartile,Top Decile,Moderate,9.739890235546511,"['GREEN_BOND_LOAN_INDICATOR', 'Cpn', 'AMT_OUTSTANDING']","[0.6114986766279221, 0.24929211547616653, 0.05776234663785908]",0.9185531387419478,0.8758187969535177,103.03266777075484
2026-06-01,IT0005441883,BTPS 2.15 03/01/2072,2072-03-01,-7.906336392849724,STRONG SELL,-1.7074786715851695,0.9728846646639848,-1.5377221846808267,-1.249499463229365,-1.7006748311068238,122.181,-1.7536939052152885,0.053019074108464626,3.023279812312963,-1.8109696827810922,0.10349101119592263,5.714673835153602,-1.5502597386266816,0.012537553945854985,0.8087389198462738,-1.249499463229365,0.0,0.0,124.455,-2.274000000000001,-1.8271664455564538,-1.6918884349083707,-0.008786396198453117,-0.51932479501797,-1.6985142721685673,-0.008964399416602209,-0.5277788659602538,-1.5363729990856034,-0.0013491855952232346,-0.0878162781593139,-1.249499463229365,0.0,0.0,125.97,-3.7890000000000015,-3.0078590138121903,-1.4124504063564722,-0.2882244247503516,-20.405985329654925,-1.2243063533300709,-0.48317231825509865,-39.464984641661644,-1.4003849631768217,-0.13733722150400496,-9.807104770086953,-1.249499463229365,0.0,0.0,107.436,14.74499999999999,13.724449903782293,-1.5132295957036552,-0.1874452354031686,-12.387098077955336,-1.3857666496988588,-0.32171202188631076,-23.215454032948237,-1.4619538960710337,-0.07576828860979301,-5.182672880119626,-1.249499463229365,0.0,0.0,139.172,-16.991,-12.20863391973898,-1.1099324254975167,-0.5907424056093071,-53.22327618478079,-0.7711527900912427,-0.9363258814939268,-121.4189822539892,-1.1834951520032513,-0.3542270326775754,-29.930585612026544,-1.249499463229365,0.0,0.0,187.541,-65.36,-34.85104590277054,4.597701149425287,-1.6953852340561983,5.747126436781609,-1.684408973690541,6.896551724137931,-1.6107330414010554,9.195402298850574,-1.3676971694202038,94.25287356321839,1.6740637718197047,BTPS 2.15 03/01/2072,100.0,0.0,100.0,0.0,100.0,0.0,100.0,0.0,100.0,0.0,0.9509308685940001,0.02195379606998471,rising,39.08045977011494,100.0,-1.0,-1.0,-1.0,1,1,1.8118407567524837,1.9955663317580983,1.7048189052918097,1.6385977050326133,Bottom Decile,Top Decile,Top Decile,Top Decile,Moderate,13.499085996243563,"['REL_SPRD_LOG', 'Cpn', 'AMT_OUTSTANDING']","[0.28593910206500356, 0.27505726821629495, 0.18544963582762683]",0.7464460061089254,-1.3868002685414793,122.85428910336807
2026-06-01,IT0005445306,BTPS 0 1/2 07/15/28,2028-07-15,-2.609144728665428,WEAK SELL,-1.1205601302955261,0.9610494944124552,-0.9603776975639248,-0.2404997800306289,-1.0568863013591556,-2.825,-1.228228453241604,0.17134215188244828,13.950348571977663,-1.3885650851808589,0.2680049548853327,19.30085638876191,-1.064873767262252,0.10449606969832714,9.81300055739774,-0.2404997800306289,0.0,0.0,-5.237,2.412,46.056902719005336,-1.2276070794501097,0.1707207780909541,13.90679310653266,-1.3901044638913516,0.2695443335958254,19.390221286122745,-1.0653180112997032,0.10494031373577839,9.850609079882993,-0.2404997800306289,0.0,0.0,-1.668,-1.1570000000000003,-69.36450797743102,-1.0510109132214238,-0.005875388137731807,-0.5590225570371165,-1.1141355270856834,-0.0064246032098427275,-0.5766446716750441,-0.9577122333392154,-0.0026654642247093685,-0.2783157721170824,-0.2404997800306289,0.0,0.0,-2.69,-0.13500000000000023,-5.018587341938345,-0.9966268962477561,-0.06025940511139949,-6.046335367190991,-1.0188487200143115,-0.10171141028121466,-9.982974634496129,-0.9178948047972613,-0.042482892766663505,-4.628296410634682,-0.2404997800306289,0.0,0.0,9.102,-11.927,-131.03713455170606,-0.6767147118007238,-0.3801715895584318,-56.17900384179659,-0.5528112536062117,-0.5677488766893144,-102.70211807654903,-0.6436810593095716,-0.3166966382543531,-49.20086256289156,-0.2404997800306289,0.0,0.0,37.605,-40.43,-107.51229886783347,17.24137931034483,-1.0646340545234936,14.942528735632186,-1.1054202728502298,19.54022988505747,-1.0231055341470983,29.88505747126437,-0.30805738052593973,3.4482758620689653,-1.3851762338308984,BTPS 0 1/2,100.0,0.0,100.0,0.0,100.0,0.0,100.0,0.0,100.0,0.0,0.970310593805994,-0.009261099393538808,falling,14.942528735632186,100.0,-1.0,-1.0,-1.0,1,1,1.1259704918486122,1.3096222552825485,1.0647372271392668,0.315392202410812,Bottom Quartile,Top Decile,Bottom Decile,Top Decile,Very Tight,1.961163097854524,"['Cpn', 'Issue_Age', 'GREEN_BOND_LOAN_INDICATOR']","[0.6455674159625423, 0.09254367091278645, 0.08935351265918609]",0.8274645995345149,-0.3216833768714491,-3.42813462545116
2026-06-01,IT0005449969,BTPS 0.95 12/01/31,2031-12-01,-1.3609360300592002,WEAK SELL,-0.954162809961894,0.9822925897520304,-0.7150480412520205,0.4195313248286342,-0.8630306031494518,33.716,-0.9360622605240891,0.07303165737463735,7.802008442637888,-1.071504383266637,0.11734157330474315,10.95110519771275,-0.7684560466434186,0.05340800539139812,6.9500402696651085,0.4195313248286342,0.0,0.0,32.762,0.9540000000000006,2.9119101389072997,-0.7969926804608847,-0.06603792268856712,-8.285888124065318,-0.8636831010100331,-0.09047970895186086,-10.476030826404545,-0.6681062546279729,-0.04694178662404758,-7.026095863685181,0.4195313248286342,0.0,0.0,35.674,-1.9579999999999984,-5.488591129256991,-0.834149734497775,-0.028880868651676828,-3.4623122337663035,-0.9156788075034801,-0.03848400245841388,-4.202783959045511,-0.6957316523643122,-0.019316388887708258,-2.776413656676939,0.4195313248286342,0.0,0.0,25.383,8.333000000000002,32.82905880596106,-0.5559365327324279,-0.30709407041702386,-55.23905100888972,-0.5112640642521527,-0.4428987457097413,-86.62817671231599,-0.4463462125253039,-0.2687018287267166,-60.20031427766449,0.4195313248286342,0.0,0.0,49.276,-15.560000000000002,-31.577238405800546,-0.46510385060170367,-0.3979267525477481,-85.5565361321558,-0.38114181618537524,-0.5730209937765187,-150.3432461117032,-0.36784664575932724,-0.34720139549269324,-94.38753623462553,0.4195313248286342,0.0,0.0,81.867,-48.151,-58.816128591640584,25.287356321839084,-0.874704124655324,21.839080459770116,-0.9412711421862284,29.88505747126437,-0.7734063378943695,59.77011494252874,0.3850996464410965,41.37931034482759,-0.49091764587129083,BTPS 0.95 12/01/31,100.0,0.0,100.0,0.0,100.0,0.0,100.0,0.0,100.0,0.0,0.9479368903876716,0.03435569936435878,rising,78.16091954022988,100.0,-1.0,-1.0,-1.0,1,1,0.9194432659964712,1.115150197927775,0.7927488014822044,0.5501747590005174,Below Median,Top Decile,Below Median,Top Decile,Very Tight,4.612414233206863,"['Cpn', 'Issue_Age', 'GREEN_BOND_LOAN_INDICATOR']","[0.6552738403049475, 0.1169698385081318, 0.10821874879141993]",0.8804624276044992,0.3750564641010944,33.19636392054118
2026-06-01,IT0005466013,BTPS 0.95 06/01/32,2032-06-01,-1.431130757764187,WEAK SELL,-0.9927061513377052,0.9805360886733543,-0.9388318617475244,0.2366116910861735,-0.946748646263034,38.121,-0.9484309694635873,0.0016823232005532818,0.17737961295873828,-0.998632765582672,0.005926614244966766,0.5934728350477748,-0.941793488663868,0.002961626916343607,0.31446669790620735,0.2366116910861735,0.0,0.0,37.475,0.6460000000000008,1.723815876791512,-0.8995043353172295,-0.0472443109458045,-5.252260446740007,-0.9230858554653862,-0.069620295872319,-7.542125654498996,-0.9042137337920402,-0.034618127955484246,-3.8285337060134372,0.2366116910861735,0.0,0.0,39.997,-1.8759999999999977,-4.690351775210547,-0.8313830475068448,-0.11536559875618924,-13.876347095904034,-0.8194701183802424,-0.17323603295746282,-21.14000583521936,-0.8470049738580009,-0.09182688788952353,-10.841363349630322,0.2366116910861735,0.0,0.0,29.197,8.924000000000003,30.564784042687688,-0.8339576454693602,-0.11279100079367377,-13.524787506170657,-0.8246889949453807,-0.1680171563923245,-20.37339595711626,-0.850114682120162,-0.08871717962736247,-10.435907113439521,0.2366116910861735,0.0,0.0,53.059,-14.937999999999995,-28.15356489414546,-0.9398066782328881,-0.006941968030145906,-0.7386591431051465,-0.9831645043942693,-0.009541646943435955,-0.9705035936243684,-0.9340932586813744,-0.004738603066150038,-0.5072944239111531,0.2366116910861735,0.0,0.0,85.67,-47.549,-55.502509623496856,21.839080459770116,-0.9567267951473856,19.54022988505747,-0.9792937255249486,21.839080459770116,-1.0011759477822584,52.87356321839081,0.19299956423988146,44.827586206896555,-0.3831152025894411,BTPS 0.95 06/01/32,100.0,0.0,100.0,0.0,100.0,0.0,100.0,0.0,100.0,0.0,0.9723534385451004,0.008182650128253921,rising,68.96551724137932,100.0,-1.0,-1.0,-1.0,1,1,1.0086336037461232,1.1601966138174806,1.0408501111204933,0.3102933497831516,Bottom Quartile,Top Decile,Below Median,Top Decile,Very Tight,4.945980929508664,"['Cpn', 'Issue_Age', 'GREEN_BOND_LOAN_INDICATOR']","[0.6101965915590578, 0.1535337398678593, 0.10204438944931433]",0.8657747208762314,0.181963448353521,37.628979596349616
2026-06-01,IT0005467482,BTPS 0.45 02/15/29,2029-02-15,-2.3636813415209,WEAK SELL,-1.0108878269766737,0.9716006330639546,-0.8294326541543616,0.17212841800416068,-0.9232378807664264,4.262,-0.9569022941362586,0.03366441336983217,3.5180616897164985,-1.060174544408195,0.04928671743152124,4.648924766830857,-0.8504437517775335,0.02101109762317188,2.4706040031684244,0.17212841800416068,0.0,0.0,2.61,1.6519999999999997,63.29501891457846,-1.0136014520560217,0.09036357128959527,8.915098751564438,-1.1558674248965959,0.1449795979199222,12.542926078100999,-0.8890436225872128,0.059610968432851186,6.70506668602719,0.17212841800416068,0.0,0.0,5.763,-1.5010000000000003,-26.04546238756644,-0.8423077961893254,-0.08093008457710105,-9.608136595959602,-0.8853898754175087,-0.125497951559165,-14.174315025067852,-0.7666626170107438,-0.06277003714361784,-8.187439289738354,0.17212841800416068,0.0,0.0,2.852,1.4099999999999997,49.43899000897969,-0.5699097880666255,-0.3533280926998009,-61.9971956787616,-0.4955821452701722,-0.5153056817065015,-103.97987018430412,-0.5233649658331088,-0.30606768832125286,-58.480735711067545,0.17212841800416068,0.0,0.0,16.068,-11.806000000000001,-73.47523022561909,-0.8007394933341575,-0.12249838743226893,-15.298157131277309,-0.8255417608000959,-0.18534606617657778,-22.451446157224083,-0.7328836166815571,-0.09654903747280452,-13.173856524803456,0.17212841800416068,0.0,0.0,44.795,-40.533,-90.48554524154804,22.988505747126435,-0.9336921457501458,18.39080459770115,-0.9972297490388339,25.287356321839084,-0.8898282427499391,51.724137931034484,0.1252799771938101,11.494252873563218,-1.211737887511155,BTPS 0.45 02/15/29,100.0,0.0,100.0,0.0,100.0,0.0,100.0,0.0,100.0,0.0,0.9628026035132985,0.008798029550656117,rising,37.93103448275862,100.0,-1.0,-1.0,-1.0,1,1,0.9835860388794869,1.1814459215622082,0.9195630287158919,0.22572977341146525,Bottom Quartile,Top Decile,Bottom Quartile,Top Decile,Very Tight,2.453197584810596,"['Cpn', 'Issue_Age', 'GREEN_BOND_LOAN_INDICATOR']","[0.6319435841259956, 0.14128056305087627, 0.08737282768855734]",0.8605969748654293,0.1138938299646564,3.421636297117028
2026-06-01,IT0005480980,BTPS 2.15 09/01/52,2052-09-01,0.6261736903109636,NO ACTION,0.010285033958074976,0.9882623504295202,0.04047121184869206,-1.0293352905981619,0.1898960532238356,124.007,0.23361030088348428,-0.04371424765964868,-18.712464999651342,0.08224233869156543,-0.07195730473349045,-87.4942239348646,0.08129230284562937,-0.04082109099693731,-50.215192024927156,-1.0293352905981619,0.0,0.0,124.887,-0.8799999999999955,-0.7046369917841984,0.19041426232188585,-0.0005182090980502541,-0.27214824379038527,0.03464656843724596,-0.02436153447917098,-70.31440210841053,0.05430859094116454,-0.013837379092472478,-25.47916693244089,-1.0293352905981619,0.0,0.0,123.625,0.382000000000005,0.30899898885266336,-0.5022722633457412,0.6921683165695768,137.80739119022002,-0.21454986342066434,0.22483489737873932,104.79376836448154,-0.16891581113680765,0.20938702298549972,123.95939088258274,-1.0293352905981619,0.0,0.0,104.523,19.48400000000001,18.64087329882985,-0.6430338630697163,0.832929916293552,129.53126595295976,-0.4218360060256844,0.43212103998375934,102.4381569063199,-0.2873644343076871,0.32783564615637917,114.08358015418175,-1.0293352905981619,0.0,0.0,139.318,-15.311000000000007,-10.98996540210239,0.22339156772491733,-0.033495514501081736,-14.994081174505089,0.0664422582111166,-0.05615722425304162,-84.52032985178228,0.07245678254520403,-0.03198557069651197,-44.144337022035515,-1.0293352905981619,0.0,0.0,176.701,-52.69399999999999,-29.820997049828748,48.275862068965516,0.15689973248264674,48.275862068965516,0.01014607314398265,48.275862068965516,-0.00443061319493452,13.793103448275861,-1.136483303555136,95.40229885057471,1.718751004835064,BTPS 2.15 09/01/52,100.0,0.0,100.0,0.0,100.0,0.0,100.0,0.0,100.0,0.0,0.8951289961929206,0.09313335423659952,rising,94.25287356321839,100.0,1.0,1.0,1.0,1,1,0.20230875560936246,0.012020336083418766,0.04486901975342257,1.3498736850386404,Below Median,Top Decile,Top Decile,Top Decile,Moderate,11.43936499813094,"['Cpn', 'AMT_OUTSTANDING', 'Issue_Age']","[0.34958823271699757, 0.2308945581568726, 0.18364150779183844]",0.7641242986657085,-1.1543912964527707,123.83899053996169
2026-06-01,IT0005494239,BTPS 2 1/2 12/01/32,2032-12-01,-1.3440076542032031,WEAK SELL,-0.9448675795238195,0.9897218086943362,-0.7577777362617127,-1.07711000892391,-1.0569788653817696,42.507,-0.9789280105299139,-0.0780508548518557,-7.973094365978528,-0.8355950176152088,-0.10927256190861068,-13.077215432992098,-0.700239906670302,-0.05753782959141074,-8.216873705944645,-1.07711000892391,0.0,0.0,42.168,0.33899999999999864,0.8039271483580105,-0.9569191910370195,-0.10005967434475005,-10.456439189046968,-0.8000590099645869,-0.1448085695592326,-18.09973588769017,-0.6783567744550958,-0.07942096180661695,-11.707845137925979,-1.07711000892391,0.0,0.0,44.449,-1.9420000000000002,-4.369052171169418,-0.5008500225095023,-0.5561288428722673,-111.03699845756047,-0.13241862015655007,-0.8124489593672695,-613.5458117991125,-0.2768753389789698,-0.4809023972827429,-173.6891344990305,-1.07711000892391,0.0,0.0,33.942,8.564999999999998,25.234223079007055,-0.7717936051287518,-0.2851852602530177,-36.950974284160495,-0.5331747275395026,-0.41169285198431693,-77.21537105906388,-0.5083922964227044,-0.2493854398390083,-49.05373993438365,-1.07711000892391,0.0,0.0,59.481,-16.974000000000004,-28.536843693189955,-0.9267256701815519,-0.1302531952002176,-14.055205114710978,-0.7549703067531505,-0.18989727277066903,-25.152945560475455,-0.6511262603076023,-0.1066514759541104,-16.379538166034454,-1.07711000892391,0.0,0.0,91.055,-48.54800000000001,-53.31722584665124,16.091954022988507,-1.0647247440337104,22.988505747126435,-0.9321014993538066,26.436781609195403,-0.8168970868745069,11.494252873563218,-1.186655759784944,45.97701149425287,-0.2757777414693066,BTPS 2 1/2,100.0,0.0,100.0,0.0,100.0,0.0,100.0,0.0,100.0,0.0,0.9746375424281093,0.015084266266226942,rising,96.55172413793103,100.0,-1.0,-1.0,-1.0,1,1,1.1260691063901538,1.1042866660917177,0.8401217226740754,1.4125256077572181,Bottom Quartile,Top Decile,Below Median,Top Decile,Very Tight,5.55629857318678,"['Cpn', 'Issue_Age', 'GREEN_BOND_LOAN_INDICATOR']","[0.32107812527703705, 0.28143741062418665, 0.1577726461189521]",0.7602881820201759,-1.2048230858089517,42.32523798986801
2026-06-01,IT0005495731,BTPS 2.8 06/15/29,2029-06-15,-0.2287220299430785,NO ACTION,0.15974367858094538,0.969860888954353,0.19321712005911848,-1.5399684078926885,0.30761131302673833,10.081,0.2668505436461021,0.04076076938063622,15.274755410360982,0.10040345698590308,0.05934022159504229,59.101765483231596,0.15808893413470848,0.03512818592441,22.22052030057021,-1.5399684078926885,0.0,0.0,8.856,1.2249999999999996,13.832429975347296,-0.6574468375749817,0.96505815060172,146.78877146667816,-0.2942172139109277,0.4539608924918731,154.2944653129168,-0.28014958206981644,0.47336670212893495,168.96926339659515,-1.5399684078926885,0.0,0.0,11.873,-1.7919999999999998,-15.093068293528955,-0.5234372381741108,0.8310485512008492,158.76756079162666,-0.08792344990141565,0.24766712848236103,281.68492090741,-0.16515619030133794,0.3583733103604564,216.99052757727634,-1.5399684078926885,0.0,0.0,7.03,3.0509999999999993,43.399715443243636,0.2440598126824234,0.06355150034431492,26.039312675814603,0.06575844113122555,0.09398523744971983,142.9249561583587,0.13872318479839438,0.0544939352607241,39.282497306899415,-1.5399684078926885,0.0,0.0,22.307,-12.225999999999999,-54.80790780705254,-0.561140459875709,0.8687517729024474,154.8189481138071,-0.1417240384030509,0.30146771698399627,212.71458188002663,-0.1960393776456553,0.3892564977047738,198.56035176378018,-1.5399684078926885,0.0,0.0,51.879,-41.798,-80.56824532458833,49.42528735632184,0.27223114262563497,51.724137931034484,0.15758538608408054,49.42528735632184,0.15103583584515184,8.045977011494253,-1.6727442931493397,17.24137931034483,-1.0693309822995583,BTPS 2.8 06/15/29,100.0,0.0,100.0,0.0,100.0,0.0,100.0,0.0,100.0,0.0,0.9514579559132861,0.018402933041066882,rising,33.33333333333333,100.0,1.0,1.0,-1.0,1,0,0.3277185644108486,0.18669580592264579,0.21421307592775196,2.0195196342653245,Below Median,Top Decile,Bottom Quartile,Top Decile,Very Tight,2.839737557489741,"['Issue_Age', 'Cpn', 'GREEN_BOND_LOAN_INDICATOR']","[0.3146686757831659, 0.23004891652360673, 0.17840493241528832]",0.723122524722061,-1.6934241303901416,9.283890259267244
2026-06-01,IT0005496770,BTPS 3 1/4 03/01/38,2038-03-01,-0.072983181592221,NO ACTION,0.7489422093351752,0.9677056843953995,0.5657568791694191,-0.15731463190474332,0.7179658916764164,79.628,0.7764778673586368,-0.05851197568222033,-7.535562491652938,0.8307722418850053,-0.08183003254983012,-9.849875506092005,0.6161209902301304,-0.05036411106071137,-8.17438636921962,-0.15731463190474332,0.0,0.0,79.923,-0.2950000000000017,-0.36910526377024283,0.7214830936809583,-0.003517202004541864,-0.4874961016546798,0.7630595571527576,-0.014117347817582448,-1.8500977414200066,0.5755960619248276,-0.009839182755408515,-1.7093901844232016,-0.15731463190474332,0.0,0.0,80.833,-1.2049999999999983,-1.4907277966312342,0.6234999691059967,0.09446592257041975,15.150910302494216,0.6162416744133878,0.13270053492178735,21.53384593710299,0.4791292918663657,0.08662758730305337,18.080210700036613,-0.15731463190474332,0.0,0.0,66.053,13.575000000000003,20.551678194699463,0.6590110274344984,0.05895486424191809,8.945960066378682,0.6663841838270596,0.08255802550811564,12.388953140377328,0.5112958508744321,0.054461028294987,10.651568389747233,-0.15731463190474332,0.0,0.0,98.19,-18.561999999999998,-18.90416539169934,0.5998843389316677,0.11808155274474874,19.68405292704166,0.5782723744768463,0.17066983485832887,29.513744636574874,0.45561726484717047,0.11013961432224861,24.17371342190508,-0.15731463190474332,0.0,0.0,131.835,-52.20700000000001,-39.60025789512647,63.2183908045977,0.6742756379063741,78.16091954022988,0.7388232715133294,56.32183908045977,0.5302108602611195,34.48275862068966,-0.22069730076871957,72.41379310344827,0.632675038795289,BTPS 3 1/4,50.0,0.008972415759635718,50.0,0.06757223026629819,50.0,-0.126582022005709,25.0,-1.4567709494993606,75.0,0.32060408954279995,0.9294086307324798,0.03829705366291969,rising,26.436781609195403,25.0,1.0,1.0,1.0,1,1,0.7648962874642324,0.8753045541671658,0.6272349017368937,0.20630292560585442,Above Median,Above Median,Above Median,Top Quartile,Tight,8.866335448797713,"['Issue_Age', 'GREEN_BOND_LOAN_INDICATOR', 'AMT_OUTSTANDING']","[0.47481761279178347, 0.27621594737680255, 0.0831104702986452]",0.8341440304672312,-0.2338717473136795,79.61667980609175
2026-06-01,IT0005508590,BTPS 4 04/30/35,2035-04-30,0.3433104049386841,WEAK SELL,-1.1338798885504418,0.9802815744203096,-1.4061930426294291,0.89608599233955,-1.1534790776099946,62.594,-1.0397963389156903,-0.11368273869430423,-10.933173482754935,-0.9596791056711399,-0.17420078287930185,-18.151982265184195,-1.3304412075025047,-0.0757518351269244,-5.693737846541258,0.89608599233955,0.0,0.0,62.619,-0.02499999999999858,-0.03992398472669027,-1.2093565692798438,0.05587749166984923,4.620431444886466,-1.2242407419924084,0.09036085344196665,7.380970882966244,-1.4427033211147995,0.03651027848537036,2.5306851171653078,0.89608599233955,0.0,0.0,63.459,-0.865000000000002,-1.3630848262085653,-1.548124915350371,0.3946458377403763,25.491859944769008,-1.8077159417249724,0.6738360531745307,37.275549431952385,-1.5921996664586822,0.18600662382925304,11.6823678951476,0.89608599233955,0.0,0.0,49.18,13.414000000000001,27.275315163221777,-1.869793608160193,0.7163145305501983,38.309817917499636,-2.3964244992067822,1.2625446106563405,52.684514192113795,-1.6324284320723503,0.2262353894429212,13.858824289762914,0.89608599233955,0.0,0.0,73.061,-10.467000000000006,-14.32638479978014,-1.3611289697399018,0.20764989212990725,15.255710165658737,-1.4670912571889476,0.33321136863850587,22.712381710032453,-1.530104222112676,0.12391117948324681,8.098218205184473,0.89608599233955,0.0,0.0,106.446,-43.852,-41.196475204216554,11.494252873563218,-1.1592707321580504,13.793103448275861,-1.1185600682136119,10.344827586206897,-1.4768612480444063,79.3103448275862,0.8855718425045923,60.91954022988506,0.21580629444499888,BTPS 4 04/30/35,100.0,0.0,100.0,0.0,100.0,0.0,100.0,0.0,100.0,0.0,0.973293608784581,0.006987965635728566,rising,67.81609195402298,100.0,-1.0,-1.0,-1.0,1,1,1.2288771296244203,1.3251893376496682,1.55899713709473,1.175130117114684,Bottom Quartile,Top Decile,Above Median,Top Decile,Tight,7.566549879776829,"['GREEN_BOND_LOAN_INDICATOR', 'Issue_Age', 'Cpn']","[0.7050774317506064, 0.11176724764115364, 0.10188316047702539]",0.9187278398687856,0.8781155181544299,62.0220688028308
2026-06-01,IT0005518128,BTPS 4.4 05/01/33,2033-05-01,1.4212019582707782,NO ACTION,0.5734860284165655,0.986439659870897,0.4144177437442559,-0.04292569821352821,0.5872993970937233,48.691,0.49701226023537853,0.09028713685834472,18.16597743463877,0.448354544612352,0.12513148380421346,27.90904709608723,0.33595108394401635,0.07846665980023954,23.356572195986182,-0.04292569821352821,0.0,0.0,48.045,0.6460000000000008,1.3445727960569123,-0.306595177028478,0.8938945741222013,291.55531852467476,-0.15486261422103728,0.7283486426376028,470.31919180061294,-0.18501554412370935,0.5994332878679652,323.9907534839792,-0.04292569821352821,0.0,0.0,50.658,-1.9669999999999987,-3.882901021776834,-0.48725978765330025,1.0745591847470235,220.53105754306537,-0.41975162346868944,0.9932376518852549,236.6250831896628,-0.3338208431871118,0.7482385869313677,224.14375249109088,-0.04292569821352821,0.0,0.0,38.855,9.836000000000006,25.314631315065096,0.3252580128727069,0.26204138422101636,80.56415700576554,0.19102146346137447,0.382464564955191,200.220717610854,0.19058456280014635,0.22383318094410953,117.44559260776519,-0.04292569821352821,0.0,0.0,65.439,-16.74799999999999,-25.593300627211086,0.283693195282861,0.30360620181086223,107.01920107961227,0.1364183302263901,0.4370676981901754,320.38778471050824,0.16017852645901762,0.25423921728523824,158.7223999579285,-0.04292569821352821,0.0,0.0,97.08,-48.388999999999996,-49.84445817368722,54.02298850574713,0.5462552682117773,64.36781609195403,0.5657376742833463,51.724137931034484,0.37617623988402954,41.37931034482759,-0.10056736657078684,51.724137931034484,-0.12443828420370862,BTPS 4.4 05/01/33,100.0,0.0,100.0,0.0,100.0,0.0,100.0,0.0,100.0,0.0,0.9848092537400451,0.001630406130851858,rising,89.65517241379311,100.0,1.0,1.0,-1.0,1,0,0.6256886764050256,0.6702452154083505,0.4594504854400786,0.05629290179750821,Above Median,Top Decile,Above Median,Top Decile,Very Tight,6.238448134359231,"['Cpn', 'Issue_Age', 'GREEN_BOND_LOAN_INDICATOR']","[0.4047411731114742, 0.2845595375631685, 0.15402828849518999]",0.8433289991698327,-0.1131208813586119,48.29664624681113
2026-06-01,IT0005519787,BTPS 3.85 12/15/29,2029-12-15,-0.8074788225673064,NO ACTION,-0.1604064674007558,0.9528736462371021,-0.28040461105427944,-1.8836795834386966,-0.6478376672566085,14.941,0.3206462052477492,-0.9684838725043577,-302.0412611937592,0.1493781436289815,-0.3097846110297373,-207.38280900108452,0.2597138710724689,-0.5401184821267484,-207.9667362777722,-1.8836795834386966,0.0,0.0,14.551,0.39000000000000057,2.6802281611709002,0.42492980391672064,-1.072767471173329,-252.45756735336394,0.3016165004177436,-0.4620229678184994,-153.18225357709704,0.34365954066794424,-0.6240641517222236,-181.59371695309468,-1.8836795834386966,0.0,0.0,18.278,-3.336999999999998,-18.256920878511355,0.5718565614136932,-1.2196942286703019,-213.28673825590246,0.514056202304942,-0.6744626697056978,-131.2040694307574,0.4687060104691228,-0.7491106215234022,-159.8252612103479,-1.8836795834386966,0.0,0.0,12.297,2.644,21.50117913190113,0.6257287614954242,-1.2735664287520327,-203.53330177040547,0.5925902124866039,-0.7529966798873597,-127.0686979490928,0.5180829125577197,-0.798487523611999,-154.12349815932012,-1.8836795834386966,0.0,0.0,30.297,-15.356,-50.68488627564284,0.6662260077920967,-1.3140636750487054,-197.23992158150352,0.6537898972544959,-0.8141963646552517,-124.53486290027959,0.5577522597538568,-0.8381568708081362,-150.2740403330004,-1.8836795834386966,0.0,0.0,61.442,-46.501,-75.68275771041262,35.63218390804598,-0.6638690571297858,45.97701149425287,-0.15823921998217186,44.827586206896555,-0.33102152063068224,4.597701149425287,-2.0337057915132943,22.988505747126435,-0.9503934398818988,BTPS 3.85 12/15/29,100.0,0.0,100.0,0.0,100.0,0.0,100.0,0.0,100.0,0.0,0.975748706741465,-0.022875060504362832,falling,9.195402298850574,100.0,-1.0,1.0,1.0,0,0,0.6901840774177066,0.18747042119362392,0.3108748035364758,2.4702636001635843,Below Median,Top Decile,Bottom Quartile,Top Decile,Very Tight,3.348196574874152,"['Issue_Age', 'Cpn', 'GREEN_BOND_LOAN_INDICATOR']","[0.32490741434602705, 0.2084192680453971, 0.1621972251545514]",0.6955239075459755,-2.056251379026363,14.299610241899426
2026-06-01,IT0005521981,BTPS 3.4 04/01/28,2028-04-01,1.629715433030504,NO ACTION,0.7733498445798442,0.9677002185418816,0.6617300447418236,-0.17148103207182203,0.7580622283725106,-2.043,0.7628642604191964,-0.0048020320466858335,-0.6294739749768462,0.7808361525923342,-0.007486308012489951,-0.9587552896674009,0.6661889385992078,-0.004458893857384183,-0.6693136934738825,-0.17148103207182203,0.0,0.0,-3.807,1.7639999999999998,46.33569727781534,0.6739696781936549,0.08409255017885564,12.477200629636167,0.6566272838477748,0.11672256073206944,17.77607507724604,0.585517512094579,0.07621253264724459,13.016268475554508,-0.17148103207182203,0.0,0.0,-0.655,-1.3880000000000001,-211.90839371132225,0.7104058310238599,0.04765639734865068,6.708334109410859,0.7041473012195592,0.06920254336028508,9.827850260541169,0.6148705255321189,0.04685951920970477,7.621038332752729,-0.17148103207182203,0.0,0.0,-1.503,-0.5400000000000003,-35.928143473531996,0.6921787820092412,0.06588344636326937,9.518270008248066,0.6808669595920948,0.09248288498774948,13.583106409634716,0.6004243675735089,0.0613056771683147,10.210391093058034,-0.17148103207182203,0.0,0.0,9.966,-12.009,-120.49969885560938,0.9603734331616673,-0.20231120478915676,-21.065889131953025,1.0822492716170258,-0.30889942703718154,-28.542354546601718,0.8198315616259716,-0.15810151688414797,-19.284633863341625,-0.17148103207182203,0.0,0.0,39.801,-41.844,-105.13303683195572,67.81609195402298,0.7135599843918801,79.3103448275862,0.7629011358620059,58.620689655172406,0.6278933934922095,33.33333333333333,-0.23557469025891853,4.597701149425287,-1.3660385469645178,BTPS 3.4 04/01/28,100.0,0.0,100.0,0.0,100.0,0.0,100.0,0.0,100.0,0.0,0.9558643557711064,0.011835862770775196,rising,25.287356321839084,100.0,1.0,1.0,1.0,1,1,0.8076135522191727,0.9038302721996351,0.7336370000473222,0.22488078937088085,Above Median,Top Decile,Bottom Decile,Top Decile,Very Tight,1.7653836207458085,"['Issue_Age', 'GREEN_BOND_LOAN_INDICATOR', 'YAS_RISK']","[0.44687880026555415, 0.2086240578360852, 0.17750366773149504]",0.8330065258331344,-0.2488260355690314,-3.0573022644759025
2026-06-01,IT0005530032,BTPS 4.45 09/01/43,2043-09-01,-0.4579621624253605,NO ACTION,0.5506761357997346,0.9674211567221964,1.1327274453376834,-0.7928418078286956,0.7781291612475187,103.029,0.6769704948571884,0.10115866639033033,14.942846943039335,0.4087415629497137,0.14193457285002092,34.72477042786218,1.0460175906202875,0.0867098547173959,8.289521578411016,-0.7928418078286956,0.0,0.0,102.927,0.10199999999998965,0.09909936167388511,0.8685921560341028,-0.09046299478658404,-10.414898766544052,0.677671337817893,-0.1269952020181584,-18.739939710758602,1.2140570111570552,-0.08132956581937179,-6.698990607694914,-0.7928418078286956,0.0,0.0,103.468,-0.43900000000000716,-0.4242857694722799,0.9651807897280396,-0.18705162848052082,-19.379957468406605,0.81732200968005,-0.26664587388031535,-32.62433501849086,1.3032019813390006,-0.17047453600131712,-13.081205916986033,-0.7928418078286956,0.0,0.0,87.892,15.137,17.222272787372884,1.1062808940478304,-0.3281517328003116,-29.662604823026385,1.03060061959462,-0.4799244837948854,-46.567454939714196,1.413390956109855,-0.28066351077217155,-19.857457526041465,-0.7928418078286956,0.0,0.0,123.981,-20.951999999999998,-16.89936361080332,1.4976463164678007,-0.7195171552202819,-48.04319568006843,1.6712662302795567,-1.1205900944798222,-67.05036381829734,1.6246536761423724,-0.491926230804689,-30.278836345284994,-0.7928418078286956,0.0,0.0,160.063,-57.03399999999999,-35.63221981122231,68.96551724137932,0.733220542161488,63.2183908045977,0.543235965505316,90.80459770114942,1.1072796777838572,22.988505747126435,-0.8881205851821631,83.9080459770115,1.2053617528108542,BTPS 4.45 09/01/43,100.0,0.0,100.0,0.0,100.0,0.0,100.0,0.0,100.0,0.0,0.9769568312406475,-0.009535674518451054,falling,24.137931034482758,100.0,1.0,1.0,1.0,1,1,0.8289921756814214,0.6435868128791363,1.2558153758803972,1.0397353540307444,Above Median,Top Decile,Top Quartile,Top Decile,Moderate,12.143370419811106,"['Cpn', 'Issue_Age', 'GREEN_BOND_LOAN_INDICATOR']","[0.3724581245996111, 0.2740791312649079, 0.1365765129143601]",0.7831137687788792,-0.9047448322744266,102.8665116603932
2026-06-01,IT0005534141,BTPS 4 1/2 10/01/53,2053-10-01,5.708932630539039,WEAK BUY,1.033545334438731,0.9801868992718108,1.4784809343379421,-1.0111048726035197,1.1285194901794091,130.416,1.1419953336684714,-0.013475843489062278,-1.1800261326612207,1.063327424666178,-0.029782090227446822,-2.800839069556843,1.4904755233491345,-0.011994589011192325,-0.8047491382995193,-1.0111048726035197,0.0,0.0,131.278,-0.8619999999999948,-0.6566218253891228,1.2856926587210804,-0.1571731685416713,-12.224785313430813,1.2845740870273321,-0.251028752588601,-19.541788454983912,1.5798837492569768,-0.10140281491903469,-6.418371878620024,-1.0111048726035197,0.0,0.0,131.135,-0.7189999999999941,-0.5482899301827622,1.2608975375819176,-0.13237804740250847,-10.498715590047428,1.2451227396440325,-0.21157740520530144,-16.992493733311772,1.564203580083224,-0.08572264574528177,-5.480274197601149,-1.0111048726035197,0.0,0.0,112.647,17.76899999999999,15.774055233093279,1.2922146409665585,-0.16369515078714936,-12.66779870238336,1.2937455012260566,-0.2602001667873255,-20.112159967282828,1.5833554341422464,-0.1048744998043043,-6.623560123047301,-1.0111048726035197,0.0,0.0,153.075,-22.658999999999992,-14.802547769733621,1.4124677419424587,-0.2839482517630496,-20.10299005924612,1.4901157605415667,-0.4565704261028356,-30.639929804709066,1.6501072141400597,-0.17162627980211753,-10.400916818696992,-1.0111048726035197,0.0,0.0,189.093,-58.67699999999999,-31.030762638964383,86.20689655172413,1.076515122692872,87.35632183908046,1.0195811315337726,100.0,1.459191344733647,14.942528735632186,-1.1173379295803336,96.55172413793103,1.875596829805183,BTPS 4 1/2,100.0,0.0,100.0,0.0,100.0,0.0,100.0,0.0,100.0,0.0,0.972106993999276,0.00807990527253477,rising,66.66666666666666,100.0,1.0,1.0,1.0,1,1,1.2022860394575656,1.2079262283474543,1.639140199109498,1.325966254930107,Top Quartile,Top Decile,Top Decile,Top Decile,Moderate,15.405313405343437,"['Cpn', 'Issue_Age', 'YAS_RISK']","[0.350764832879225, 0.2567151148991254, 0.1581081797151375]",0.7655881274934878,-1.1351469632070543,130.259075342169
2026-06-01,IT0005542359,BTPS 4 10/30/31,2031-10-30,-1.6208032246879256,WEAK SELL,-1.0968537259669402,0.9452829254782695,-1.4166245507681063,0.49780764653213405,-1.131349347435528,32.655,-1.3509588435637314,0.21960949612820335,16.25582419100992,-1.4428651881050667,0.3460114621381265,23.980858543996195,-1.54877892516851,0.13215437440040367,8.532810680694404,0.49780764653213405,0.0,0.0,31.25,1.4050000000000011,4.495999998561284,-1.2377051586996575,0.10635581126412941,8.592984335346005,-1.256902726292686,0.16004900032574576,12.733602665057472,-1.4809741222671076,0.06434957149900122,4.345084096809543,0.49780764653213405,0.0,0.0,34.2,-1.5450000000000017,-4.517543858328208,-1.2559880076106287,0.12463866017510061,9.923554876917631,-1.2833947949754825,0.18654106900854228,14.534971490094655,-1.4916195256830764,0.07499497491497009,5.02775494158614,0.49780764653213405,0.0,0.0,24.077,8.578,35.627362198103015,-1.1802508740629216,0.048901526627393554,4.143316246377538,-1.1631922662133143,0.06633854024637409,5.703144837097291,-1.4432462860494626,0.02662173528135625,1.844573261973844,0.49780764653213405,0.0,0.0,46.328,-13.673000000000002,-29.51346916993752,-1.3298670044811298,0.19851765704560176,14.927632228178606,-1.401330933019297,0.3044772070523567,21.727715966674683,-1.5350567204561174,0.11843216968801107,7.71516565728622,0.49780764653213405,0.0,0.0,76.826,-44.17099999999999,-57.49485850395766,13.793103448275861,-1.1375891507608853,16.091954022988507,-1.0820341651058,9.195402298850574,-1.4874785506448711,66.66666666666666,0.46730453350544554,39.08045977011494,-0.5168832286912778,BTPS 4 10/30/31,100.0,0.0,100.0,0.0,100.0,0.0,100.0,0.0,100.0,0.0,0.976378885110768,-0.03109595963249845,falling,3.4482758620689653,100.0,-1.0,-1.0,-1.0,1,1,1.2053008725218566,1.28191608060966,1.5705621860110357,0.6528265846925823,Bottom Quartile,Top Decile,Below Median,Top Decile,Very Tight,4.974466165592162,"['GREEN_BOND_LOAN_INDICATOR', 'Issue_Age', 'Cpn']","[0.6605661723076917, 0.1329795325571165, 0.09320199476558669]",0.8867476996303948,0.4576862546277715,32.31373857723822
2026-06-01,IT0005542797,BTPS 3.7 06/15/30,2030-06-15,0.8137940671218793,WEAK BUY,0.7364309588291145,0.9819176199948161,1.0208766687971031,-1.1988404166659077,0.8443926667002409,21.763,1.0139051144140971,-0.1695124477138562,-16.718768219246545,0.9893295632059267,-0.2528986043768122,-25.562624551623703,1.1634296443704466,-0.14255297557334345,-12.25282293930195,-1.1988404166659077,0.0,0.0,21.292,0.4710000000000001,2.2120984396899783,1.0450624480842836,-0.20066978138404268,-19.201702236236947,1.0369758193776524,-0.3005448605485379,-28.98282216750528,1.1851646952398358,-0.16428802644273266,-13.862041766548097,-1.1988404166659077,0.0,0.0,24.647,-2.883999999999997,-11.701221239217247,0.60697051502167,0.23742215167857095,39.11592769189155,0.3971413218412717,0.33928963698784276,85.4329705283481,0.8081002283406765,0.21277644045642663,26.33045139218545,-1.1988404166659077,0.0,0.0,16.248,5.515000000000001,33.942639073151994,0.8857195248867021,-0.0413268581864612,-4.665907949263824,0.7984340565931811,-0.06200309776406665,-7.7655877120356545,1.0602992137502116,-0.039422544953108485,-3.718058456524511,-1.1988404166659077,0.0,0.0,36.731,-14.968,-40.750319882183895,1.0016319108984504,-0.15723924419820945,-15.698306026146607,0.9738521376908886,-0.23742117886177416,-24.37959185331429,1.1559597631481129,-0.13508309435100974,-11.68579543067729,-1.1988404166659077,0.0,0.0,71.093,-49.33,-69.38798474260645,74.71264367816092,0.7981421465284657,77.01149425287356,0.726481060172596,82.75862068965517,0.9934367391750882,10.344827586206897,-1.314495625059051,26.436781609195403,-0.783440371080814,BTPS 3.7 06/15/30,100.0,0.0,100.0,0.0,100.0,0.0,100.0,0.0,100.0,0.0,0.9734270881499603,0.00849053184485582,rising,77.01149425287356,100.0,1.0,1.0,1.0,1,1,0.899587046416585,0.8606823918564016,1.1318103245664433,1.5721632647780488,Above Median,Top Decile,Below Median,Top Decile,Very Tight,3.77635618240717,"['Issue_Age', 'GREEN_BOND_LOAN_INDICATOR', 'Cpn']","[0.41889531732252, 0.17430458737299284, 0.15731381795009294]",0.7505137226456058,-1.3333237341984956,21.112539819033422
2026-06-01,IT0005544082,BTPS 4.35 11/01/33,2033-11-01,2.472943279174132,NO ACTION,0.14158069711673463,0.9778012782938516,0.46560452894839616,1.1824705810491798,0.5810103992693038,53.757,0.6501962670454011,-0.06918586777609737,-10.64076652214764,0.24781333026296729,-0.10623263314623266,-42.86800421377793,0.523833404820287,-0.058228875871890795,-11.115914759249854,1.1824705810491798,0.0,0.0,53.654,0.10299999999999443,0.1919707756752476,0.8901740742067342,-0.30916367493743047,-34.73069823336154,0.5918161769734802,-0.4502354798567456,-76.07691201540607,0.7283337433938196,-0.26272921444542346,-36.07264021764515,1.1824705810491798,0.0,0.0,55.885,-2.128,-3.807819628915126,0.6774174209298228,-0.09640702166051907,-14.231553139722259,0.28631418036779516,-0.14473348325106053,-50.55057978968417,0.545338106929516,-0.07973357798111985,-14.620943503830903,1.1824705810491798,0.0,0.0,43.28,10.476999999999997,24.207486131190496,0.7935613817053222,-0.21255098243601844,-26.784440959162264,0.4543765283915206,-0.31279583127478594,-68.84066514131074,0.6419035978851892,-0.1762990689367931,-27.465037861000134,1.1824705810491798,0.0,0.0,70.551,-16.794000000000004,-23.80405663650352,0.9247729774357352,-0.3437625781664314,-37.17264483683033,0.6462951617408602,-0.5047144646241256,-78.09349144054829,0.7632809410066754,-0.29767641205827927,-38.99958615050985,1.1824705810491798,0.0,0.0,102.782,-49.025,-47.69804050828959,52.87356321839081,0.540093628771904,50.57471264367817,0.13966780416846625,52.87356321839081,0.4282747073762155,90.80459770114942,1.186329622884461,55.172413793103445,-0.0004593562432431976,BTPS 4.35 11/01/33,100.0,0.0,100.0,0.0,100.0,0.0,100.0,0.0,100.0,0.0,0.987096104309043,-0.009294826015191493,falling,56.32183908045977,100.0,1.0,1.0,1.0,1,1,0.6189885933738707,0.1654683464541909,0.5161994872991122,1.5506958085183997,Above Median,Top Decile,Above Median,Top Decile,Tight,6.59814002909016,"['Cpn', 'Issue_Age', 'GREEN_BOND_LOAN_INDICATOR']","[0.4043100857021024, 0.37286090817375406, 0.16455237011684506]",0.9417233639927016,1.180427865747626,53.43654443730214
2026-06-01,IT0005548315,BTPS 3.8 08/01/28,2028-08-01,1.5094026191729668,WEAK BUY,0.7195944411038901,0.9881025859858158,1.0362030880891815,-0.7988966878560193,0.8411631659622327,1.846,0.8252086925230216,0.01595447343921108,1.9333864742859985,0.7010418257858524,0.018552615318037757,2.6464348304178857,1.0240604177321726,0.012142670357008889,1.185737679943299,-0.7988966878560193,0.0,0.0,0.169,1.677,992.3076335912643,0.6816155549513845,0.15954761101084824,23.407272253565363,0.4950021433180636,0.22459229778582657,45.37198399650492,0.8939133682417355,0.14228971984744598,15.917618340976148,-0.7988966878560193,0.0,0.0,3.052,-1.206,-39.51507195440671,0.5559729486255894,0.2851902173366433,51.29569935229525,0.3147835760526914,0.40481086505119873,128.59973740290184,0.7880845664310538,0.24811852165812764,31.483742872086832,-0.7988966878560193,0.0,0.0,0.791,1.0550000000000002,133.37547239727596,0.6480649749830282,0.19309819097920455,29.796115428804026,0.44220342550098685,0.2773910156029033,62.72927646720743,0.8615329139563777,0.17467017413280383,20.274346954806337,-0.7988966878560193,0.0,0.0,13.673,-11.827,-86.49893945257153,1.0576079490761916,-0.21644478311395887,-20.465502481942448,1.048287693423325,-0.3286932523194348,-31.35525211695631,1.2168294230204104,-0.18062633493122893,-14.844014290719349,-0.7988966878560193,0.0,0.0,44.552,-42.706,-95.85652718265027,72.41379310344827,0.7949780463532128,74.71264367816092,0.7098720201804656,83.9080459770115,1.0090361356614175,19.54022988505747,-0.8944793501062446,10.344827586206897,-1.2708640402850366,BTPS 3.8 08/01/28,100.0,0.0,100.0,0.0,100.0,0.0,100.0,0.0,100.0,0.0,0.9712098441458532,0.01689274183996259,rising,93.10344827586206,100.0,1.0,1.0,1.0,1,1,0.896146446865125,0.8410051985329182,1.148802190600416,1.0476757436099267,Above Median,Top Decile,Bottom Quartile,Top Decile,Very Tight,2.083823088694458,"['Issue_Age', 'Cpn', 'GREEN_BOND_LOAN_INDICATOR']","[0.42074252343186286, 0.19247346803987875, 0.1694115949313222]",0.7826275864030638,-0.9111364646024892,1.1933736401499595
2026-06-01,IT0005560948,BTPS 4.2 03/01/34,2034-03-01,3.3240914115601043,WEAK BUY,0.6513426887521592,0.979113538098403,0.9385598940056168,0.6652731284560546,0.89082346913014,57.139,0.941627558699086,-0.050804089568946,-5.395348570681171,0.7248003216120074,-0.07345763285984819,-10.134878483909244,0.985485227146796,-0.04692533314117919,-4.761647498346978,0.6652731284560546,0.0,0.0,57.082,0.05700000000000216,0.09985634699207548,0.9548749865348835,-0.06405151740474346,-6.707843187556281,0.7443313469088156,-0.09298865815665647,-12.492911563317094,0.9987796413046053,-0.06021974729898849,-6.02933261809344,0.6652731284560546,0.0,0.0,58.626,-1.4869999999999948,-2.536417288824673,0.9786809909804146,-0.08785752185027462,-8.977135732916187,0.7731270989692468,-0.12178441021708764,-15.752184706012157,1.0180631232265767,-0.07950322922095987,-7.80926316121359,0.6652731284560546,0.0,0.0,46.145,10.994,23.824899767293335,0.7665057331740373,0.12431773595610274,16.218761185182153,0.47382359798145723,0.17751909077070194,37.465227097263806,0.8268901057765907,0.11166978822902607,13.504791761133713,0.6652731284560546,0.0,0.0,73.301,-16.162,-22.048812427927476,1.0327548047654938,-0.14193133563535376,-13.742984647094763,0.8519946356195812,-0.20065194686742205,-23.55084599405028,1.0650049098506242,-0.12644501584500745,-11.872716593904787,0.6652731284560546,0.0,0.0,106.07,-48.93099999999999,-46.1308569768897,80.45977011494253,0.8436326795933954,70.11494252873564,0.6425424153985615,73.5632183908046,0.9096538292222093,71.26436781609196,0.6431748443368391,56.32183908045977,0.08230746854204994,BTPS 4.2 03/01/34,100.0,0.0,100.0,0.0,100.0,0.0,100.0,0.0,100.0,0.0,0.9722608885153968,0.006852649583006132,rising,59.77011494252874,100.0,1.0,1.0,1.0,1,1,0.9490528341571277,0.7612379362278721,1.0405485899792541,0.87244136839445,Top Quartile,Top Decile,Above Median,Top Decile,Tight,6.804242600244947,"['Issue_Age', 'Cpn', 'GREEN_BOND_LOAN_INDICATOR']","[0.41137798381700047, 0.32956981517245726, 0.1592467014861085]",0.9001945004755663,0.6344656100021551,56.678363404518585
2026-06-01,IT0005561888,BTPS 4 11/15/30,2030-11-15,1.0901800688564052,WEAK BUY,0.8893190457255016,0.9946569217585544,0.8861226441034645,-0.45538521026731293,0.8868346737577512,26.256,0.9209437781421667,-0.0341091043844155,-3.703711868584758,0.9488990952286285,-0.0595800495031269,-6.278860331391253,0.9160186224756675,-0.029895978372202925,-3.2636867103243183,-0.45538521026731293,0.0,0.0,25.562,0.6939999999999991,2.714967528865121,0.9050275484338566,-0.01819287467610542,-2.010201181894179,0.9219433098564088,-0.03262426413090724,-3.538640980227333,0.9030697314580983,-0.016947087354633794,-1.876608923611037,-0.45538521026731293,0.0,0.0,28.674,-2.4179999999999993,-8.432726508881657,0.6160723072107752,0.27076236654697594,43.9497700160971,0.5045142039000288,0.3848048418254728,76.27234896928458,0.646148596465282,0.23997404763818253,37.13914186876398,-0.45538521026731293,0.0,0.0,19.793,6.463000000000001,32.65295810000862,0.7729536153979845,0.1138810583597667,14.733232967389306,0.7270680295226283,0.1622510162028733,22.315795411582467,0.7877966304808538,0.09832601362261073,12.481141524365308,-0.45538521026731293,0.0,0.0,42.609,-16.353,-38.37921564965636,0.8385953719357968,0.04823930182195435,5.752392972949566,0.8230735147791725,0.06624553094632912,8.048555682082297,0.8484770753001624,0.037645568803302165,4.436839775111244,-0.45538521026731293,0.0,0.0,75.383,-49.126999999999995,-65.16986587623605,79.3103448275862,0.8397246612460741,81.60919540229885,0.8773034802849213,72.41379310344827,0.8562826251406929,28.735632183908045,-0.5337275722256968,31.03448275862069,-0.6734843262078627,BTPS 4 11/15/30,100.0,0.0,100.0,0.0,100.0,0.0,100.0,0.0,100.0,0.0,0.9743362297729973,0.020320691985557082,rising,100.0,100.0,1.0,1.0,1.0,1,1,0.9448033080902685,1.039365923202707,0.9824132415624298,0.5971936622695753,Top Quartile,Top Decile,Below Median,Top Decile,Very Tight,4.156998419934865,"['Issue_Age', 'Cpn', 'GREEN_BOND_LOAN_INDICATOR']","[0.4113280118891335, 0.24510824508623946, 0.15377391166553017]",0.8102101686409031,-0.5485200204601601,25.6159396957022
2026-06-01,IT0005566408,BTPS 4.1 02/01/29,2029-02-01,0.981318363302063,NO ACTION,0.48364798342023,0.9531816380965745,0.8721371836651749,-0.8051462896321184,0.6664170026272563,7.171,0.8996526694753485,-0.23323566684809216,-25.925078885343673,0.8206492428434053,-0.3370012594231753,-41.06520029787698,1.0860653679224017,-0.21392818425722682,-19.697542027024433,-0.8051462896321184,0.0,0.0,6.509,0.6619999999999999,10.17053309237896,0.6782481026305976,-0.01183110000334131,-1.744361655125611,0.4982257624427713,-0.01457777902254126,-2.9259383654657762,0.8810549713799433,-0.008917787714768366,-1.0121715333589025,-0.8051462896321184,0.0,0.0,8.974,-1.803,-20.09137506118634,1.3256250667387988,-0.6592080641115424,-49.72809248096571,1.4829827741732546,-0.9993347907530246,-67.38680997636408,1.3652480652364012,-0.4931108815712263,-36.11877507945515,-0.8051462896321184,0.0,0.0,6.303,0.8680000000000003,13.771220032093897,0.8910640122316146,-0.22464700960435824,-25.21109639706289,0.7994139925408738,-0.31576600912064373,-39.49968453354665,1.0729683955590152,-0.20083121189384034,-18.71734627537402,-0.8051462896321184,0.0,0.0,20.789,-13.618000000000002,-65.5057963030902,1.1278166790240547,-0.46139967639679835,-40.910875046197994,1.1666437922678223,-0.6829958088475923,-58.543645242869026,1.2496788015675226,-0.37754161790234775,-30.21109219486422,-0.8051462896321184,0.0,0.0,52.081,-44.910000000000004,-86.23106313507208,58.620689655172406,0.6237706645044679,58.620689655172406,0.4771134286696909,71.26436781609196,0.8420480711810793,18.39080459770115,-0.9010426095571343,13.793103448275861,-1.1405466712780334,BTPS 4.1 02/01/29,100.0,0.0,100.0,0.0,100.0,0.0,100.0,0.0,100.0,0.0,0.9633868616549449,-0.010205223558370391,falling,10.344827586206897,100.0,1.0,1.0,1.0,1,1,0.7099778654142072,0.5652495976655998,0.9669080497976666,1.0558714919307917,Above Median,Top Decile,Bottom Quartile,Top Decile,Very Tight,2.5604323961047726,"['Issue_Age', 'Cpn', 'GREEN_BOND_LOAN_INDICATOR']","[0.380948531497869, 0.25924705380515534, 0.14193018335539517]",0.7821257686584195,-0.9177336484557403,6.4998689018846125
2026-06-01,IT0005580094,BTPS 3 1/2 02/15/31,2031-02-15,0.8071835921195927,WEAK BUY,0.7327742509270018,0.9794240537079518,1.0879821986765907,0.009441830064115113,0.8629334924068969,28.442,1.0824926162516335,-0.21955912384473664,-20.282736207174725,1.066726210871233,-0.3339519599442312,-31.306248352223015,1.2666999295950647,-0.17871773091847398,-14.108923931551304,0.009441830064115113,0.0,0.0,28.292,0.14999999999999858,0.5301852111797684,1.0961651196932887,-0.2332316272863918,-21.27705224044583,1.0831793396115397,-0.3504050886845379,-32.349683255151014,1.2738242876771582,-0.18584208900056742,-14.58930319820825,0.009441830064115113,0.0,0.0,31.388,-2.9460000000000015,-9.385752513895202,0.9165595813360423,-0.05362608892914544,-5.850802221269241,0.8070595962049499,-0.07428534527794817,-9.204443476890313,1.1354998572010386,-0.04751765852444789,-4.184734837669071,0.009441830064115113,0.0,0.0,22.445,5.997,26.7186455661757,1.0203595665205827,-0.1574260741136858,-15.428489890839009,0.9619766790157722,-0.22920242808877045,-23.826193576818834,1.2195113407279883,-0.13152914205139754,-10.785397116056453,0.009441830064115113,0.0,0.0,46.016,-17.573999999999998,-38.19106396944735,1.12363351476849,-0.26070002236159306,-23.201516919433935,1.1256620985795835,-0.3928878476525818,-34.902822495139965,1.2910017237919518,-0.20301952511536103,-15.72573605451704,0.009441830064115113,0.0,0.0,79.459,-51.017,-64.205439275072,78.16091954022988,0.8163075022991987,75.86206896551724,0.7228737579514997,86.20689655172413,1.0617374783801286,44.827586206896555,-0.045571594487767535,34.48275862068966,-0.6199869048652694,BTPS 3 1/2,100.0,0.7071067767855506,100.0,0.7071067767154575,100.0,0.7071067774537159,100.0,0.7071066477319066,100.0,0.7071067804583746,0.9747866994839026,0.004637354224049206,rising,62.06896551724138,50.0,1.0,1.0,1.0,1,1,0.9193398075351232,0.856408720216477,1.2062078829341927,0.012382046995347085,Top Quartile,Top Decile,Below Median,Top Decile,Very Tight,4.326685007198705,"['Issue_Age', 'GREEN_BOND_LOAN_INDICATOR', 'YAS_RISK']","[0.5787688782539667, 0.18523418380830922, 0.08353083781553232]",0.8475338998778082,-0.0578408452274809,28.084579170439014
2026-06-01,IT0005582421,BTPS 4.15 10/01/39,2039-10-01,-0.4716441417149326,NO ACTION,0.5436298489970989,0.9528148152416832,0.9767895614507535,0.005955315686785443,0.7283147489606706,87.3,0.8356767457408778,-0.10736199678020719,-12.847311600168215,0.6930064341938911,-0.1493765851967922,-21.554862360702558,1.0717755180510433,-0.09498595660028986,-8.862486044350712,0.005955315686785443,0.0,0.0,87.754,-0.45400000000000773,-0.5173553341708323,0.9183829703152905,-0.19006822135461987,-20.695965128770947,0.8072447741717281,-0.26361492517462926,-32.656132358304525,1.1456022956823442,-0.1688127342315907,-14.735718791264338,0.005955315686785443,0.0,0.0,88.682,-1.382000000000005,-1.5583771225774874,1.143779430055665,-0.41546468109499435,-36.32384588717338,1.156507449629275,-0.6128776006321762,-52.99383030600059,1.3130822978015808,-0.33629273635082735,-25.61094109278368,0.005955315686785443,0.0,0.0,74.48,12.819999999999993,17.212674541190555,0.9561539226863108,-0.22783917372564022,-23.828712714230743,0.8654061661632592,-0.3217763171661603,-37.18211471435779,1.1796116447716913,-0.20282208332093787,-17.193970786953034,0.005955315686785443,0.0,0.0,107.235,-19.935000000000002,-18.590012587439738,1.2983088836875953,-0.5699941347269247,-43.90281369081334,1.4098253005600188,-0.8661954515629199,-61.43991351799784,1.41038819548634,-0.4335986340355865,-30.743211858189785,0.005955315686785443,0.0,0.0,143.019,-55.71900000000001,-38.959159269820155,64.36781609195403,0.684414920663427,62.06896551724138,0.5362848808920375,78.16091954022988,0.948564401134165,43.67816091954023,-0.04923309153309689,77.01149425287356,0.8204299411467875,BTPS 4.15 10/01/39,100.0,0.0,100.0,0.0,100.0,0.0,100.0,0.0,100.0,0.0,0.9859215285265902,-0.033106713284907,falling,8.045977011494253,100.0,1.0,1.0,1.0,1,1,0.7759216058087295,0.6353516688968123,1.0829324877032867,0.007809820575585192,Above Median,Top Decile,Top Quartile,Top Decile,Tight,10.157548855843146,"['Issue_Age', 'Cpn', 'GREEN_BOND_LOAN_INDICATOR']","[0.42688602733549885, 0.27622103558520633, 0.14414688395462655]",0.8472539468753317,-0.0615212679453271,87.35394583579694
2026-06-01,IT0005584849,BTPS 3.35 07/01/29,2029-07-01,1.164188937090577,WEAK BUY,0.9302584355885151,0.9653237414829607,1.2700399866173857,1.0274794863446308,1.1896261067198577,11.958,1.345866560635834,-0.1562404539159763,-11.608911115324226,1.1705277963774283,-0.24026936078891326,-20.52658292095627,1.37560553270217,-0.10556554608478419,-7.674114621362792,1.0274794863446308,0.0,0.0,11.118,0.8399999999999999,7.555315697467783,1.3460504343152755,-0.1564243275954178,-11.620985547461377,1.177361348687085,-0.24710291309857002,-20.987856555282463,1.3782709969268794,-0.10823101030949367,-7.852665387688562,1.0274794863446308,0.0,0.0,14.686,-2.7279999999999998,-18.575514082408063,1.3786992884837586,-0.18907318176390087,-13.713881045115233,1.2194053221014,-0.289146886512885,-23.7121225322673,1.39559651438749,-0.1255565277701043,-8.996620841056444,1.0274794863446308,0.0,0.0,9.506,2.452,25.79423519272645,1.2971175004678417,-0.107491393747984,-8.286943386433371,1.090968722673623,-0.16071028708510804,-14.730970950125894,1.3438174038000807,-0.07377741718269504,-5.49013701006191,1.0274794863446308,0.0,0.0,26.942,-14.984,-55.615767182979816,1.4370554586554396,-0.2474293519355819,-17.217801075353456,1.3148564872428778,-0.3845980516543628,-29.25019212825326,1.432814292636209,-0.16277430601882337,-11.36046071841535,1.0274794863446308,0.0,0.0,58.165,-46.207,-79.44124472114824,89.65517241379311,1.1363842702144153,83.9080459770115,0.9176897391648969,95.40229885057471,1.2470378778661584,83.9080459770115,1.0235597691293428,19.54022988505747,-1.0233956392711743,BTPS 3.35 07/01/29,100.0,0.0,100.0,0.0,100.0,0.0,100.0,0.0,100.0,0.0,0.953286285141567,0.012037456341393749,rising,20.689655172413794,100.0,1.0,1.0,1.0,1,1,1.2673869372483415,1.0872126514886324,1.4080489969072585,1.3474399772377852,Top Quartile,Top Decile,Bottom Quartile,Top Decile,Very Tight,2.907888205128017,"['Issue_Age', 'GREEN_BOND_LOAN_INDICATOR', 'YAS_RISK']","[0.615787270508017, 0.18744336749206367, 0.12604756798558747]",0.929278205985668,1.0168166815449753,11.342150972222212
2026-06-01,IT0005584856,BTPS 3.85 07/01/34,2034-07-01,3.728647540227016,MODERATE BUY,0.893635810279028,0.9810702478747098,1.1715412114246548,1.3482391545926908,1.2003690679360852,60.048,1.2275193527810218,-0.027150284844936534,-2.211800943280102,0.9398649612517932,-0.04622915097276514,-4.918701344001913,1.1946419013721354,-0.0231006899474806,-1.9336915713050562,1.3482391545926908,0.0,0.0,60.011,0.036999999999999034,0.06165536317314075,1.3053310853425937,-0.10496201740650846,-8.041026355766114,1.0532857188364881,-0.15964990855746009,-15.157321910533938,1.2481650811436138,-0.07662386971895896,-6.138921066022878,1.3482391545926908,0.0,0.0,61.607,-1.5589999999999975,-2.5305565921842357,1.2060151754319697,-0.005646107495884456,-0.46816222250652156,0.9044556401316787,-0.01081982985265062,-1.1962808625359764,1.1771189421171018,-0.005577730692446936,-0.47384596793851075,1.3482391545926908,0.0,0.0,48.44,11.608000000000004,23.963666386464983,1.0130195740786752,0.18734949385741007,18.494163074626183,0.6245396794871887,0.26909613079183936,43.087114449490784,1.0049826043460588,0.16655860707859604,16.57328243304742,1.3482391545926908,0.0,0.0,76.439,-16.39099999999999,-21.4432423211393,1.4845983112420975,-0.2842292433060123,-19.14519498231753,1.337176372535496,-0.4435405622564679,-33.16993689459617,1.36098661317344,-0.1894454017487852,-13.919710783567552,1.3482391545926908,0.0,0.0,110.013,-49.965,-45.41735976244468,90.80459770114942,1.1469096759116333,82.75862068965517,0.8815619211499652,91.95402298850574,1.146784751655303,94.25287356321839,1.3604178601751675,58.620689655172406,0.15349868477517156,BTPS 3.85 07/01/34,100.0,0.0,100.0,0.0,100.0,0.0,100.0,0.0,100.0,0.0,0.9848009726921326,-0.00373072481742287,falling,71.26436781609196,100.0,1.0,1.0,1.0,1,1,1.2788321204331272,1.0444110169707872,1.2988468433781346,1.7680852609899496,Top Decile,Top Decile,Above Median,Top Decile,Tight,6.945597155540639,"['Issue_Age', 'Cpn', 'GREEN_BOND_LOAN_INDICATOR']","[0.5582369102960841, 0.21762898792185775, 0.17916801174052727]",0.955033909958469,1.3554159363379938,59.65159431583897
2026-06-01,IT0005595803,BTPS 3.45 07/15/31,2031-07-15,0.8880096313151427,NO ACTION,0.2807145547072334,0.9765320706496988,0.843236641006521,1.0329529076051454,0.7350866577394085,32.444,0.6312947743229933,0.10379188341641521,16.44111213871704,0.12505969493123095,0.15565485977600244,124.4644386947782,0.7573494604325537,0.08588718057396727,11.34049523067779,1.0329529076051454,0.0,0.0,31.384,1.0600000000000023,3.377517205143546,0.7579443144376146,-0.022857656698206053,-3.0157435000474675,0.31492012254932367,-0.03420556784209028,-10.86166437350045,0.8629972739316809,-0.01976063292515995,-2.2897676844512866,1.0329529076051454,0.0,0.0,34.222,-1.7779999999999987,-5.195488280873268,0.9886179604379763,-0.25353130269856783,-25.645022676074632,0.6474161186274235,-0.36670156392019015,-56.64078290691153,1.0650954040064016,-0.2218587629998806,-20.829942564990443,1.0329529076051454,0.0,0.0,25.321,7.123000000000001,28.130800510196757,1.320955256974773,-0.5858685992353644,-44.3518879013299,1.1428262699143032,-0.8621117152070699,-75.43681225739023,1.3296674085331055,-0.48643076752658454,-36.582889882585604,1.0329529076051454,0.0,0.0,50.805,-18.360999999999997,-36.140143679531505,1.3939497972488062,-0.6588631395093977,-47.265915607806186,1.261465547066132,-0.9807509923588986,-77.74694971774667,1.3776128576121363,-0.5343762166056153,-38.79001344781774,1.0329529076051454,0.0,0.0,84.508,-52.06399999999999,-61.60836843120079,65.51724137931035,0.6910496916363597,55.172413793103445,0.2769218279929905,66.66666666666666,0.8126327840868894,85.0574712643678,1.0293078927864625,37.93103448275862,-0.5220469779608511,BTPS 3.45 07/15/31,100.0,0.0,100.0,0.0,100.0,0.0,100.0,0.0,100.0,0.0,0.973905388701433,0.0026266819482658743,rising,52.87356321839081,100.0,1.0,1.0,1.0,1,1,0.7831361656422176,0.32807701995373334,0.9348670270508352,1.3546178398780586,Above Median,Top Decile,Below Median,Top Decile,Very Tight,4.657957173019156,"['Issue_Age', 'GREEN_BOND_LOAN_INDICATOR', 'YAS_RISK']","[0.6606313262217922, 0.1923106869628599, 0.0767756863897026]",0.9297176995743548,1.022594516302384,31.91509853530589
2026-06-01,IT0005596470,BTPS 4.05 10/30/37,2037-10-30,-0.1948704767861784,WEAK BUY,0.686169651260283,0.9759449201097026,0.5600392938725888,0.9194212679510343,0.8434644884702861,77.661,0.6573633943524013,0.18610109411788478,28.31023036659935,0.4187377954859216,0.26743185577436135,63.86618362868425,0.3936945820712842,0.16634471180130456,42.252221684362226,0.9194212679510343,0.0,0.0,77.242,0.41899999999999693,0.5424509980913905,0.6519820470815724,0.19148244138871373,29.369280842763512,0.4090412473299033,0.27712840393037963,67.75072170944061,0.38739289813261957,0.1726463957399692,44.5662251723167,0.9194212679510343,0.0,0.0,78.311,-0.6500000000000057,-0.8300238790425397,0.7963825325619778,0.047081955908308326,5.911977396797872,0.6184040201046674,0.06776563115561551,10.958148371728091,0.5166185525824165,0.04342074129017226,8.404796969184652,0.9194212679510343,0.0,0.0,64.453,13.207999999999998,20.492451860969627,0.4118969496158208,0.4315675388544653,104.77560680637006,0.055055108874926775,0.6311145423853561,1146.3321763396984,0.18769697655671116,0.37234231731587764,198.3741583423756,0.9194212679510343,0.0,0.0,94.31,-16.649,-17.653483191850974,-0.6286457552830022,1.4721102437532883,234.17166312900832,-0.6103353867212447,1.2965050379815275,212.4250117142843,-0.5256766801761437,1.0857159740487323,206.5368304013881,0.9194212679510343,0.0,0.0,125.892,-48.230999999999995,-38.311409776768066,73.5632183908046,0.7972327648195525,73.5632183908046,0.6768988317634036,55.172413793103445,0.524391439671748,80.45977011494253,0.9100782788637723,71.26436781609196,0.5845371486850964,BTPS 4.05 10/30/37,100.0,0.0,100.0,0.0,100.0,0.0,100.0,0.0,100.0,0.0,0.9815439479261653,-0.005599027816462709,falling,51.724137931034484,100.0,1.0,1.0,1.0,1,1,0.8985981970987715,0.8019409417618107,0.6208960145154168,1.2057320742891646,Above Median,Top Decile,Above Median,Top Decile,Tight,9.102863921683024,"['GREEN_BOND_LOAN_INDICATOR', 'Issue_Age', 'Cpn']","[0.6456195201175235, 0.18161545521453398, 0.0933665927833487]",0.9206015681154064,0.9027486242291244,77.15105271202476
2026-06-01,IT0005607970,BTPS 3.85 02/01/35,2035-02-01,3.099452940007368,NO ACTION,0.5168042338117065,0.9891035824137924,0.7963606683139476,0.46374038461808237,0.7477259456141018,63.669,0.8685355889783267,-0.12080964336422495,-13.909578779077725,0.703088155263834,-0.18628392145212747,-26.495101276839776,0.9138878964441868,-0.11752722813023919,-12.860136051862378,0.46374038461808237,0.0,0.0,63.897,-0.22800000000000153,-0.35682426399411415,0.9276349471347026,-0.17990900152060085,-19.394374924841916,0.7755844984574678,-0.2587802646457613,-33.365837226486136,0.963067356738361,-0.16670668842441339,-17.30997167820172,0.46374038461808237,0.0,0.0,65.273,-1.6039999999999992,-2.4573713476541026,1.0002339837877572,-0.2525080381736554,-25.244896668372576,0.8834159598500951,-0.36661172603838865,-41.49933197388294,1.0252944289473158,-0.22893376063336823,-22.32858698311265,0.46374038461808237,0.0,0.0,51.972,11.696999999999996,22.50634956851643,0.820648784085169,-0.07292283847106718,-8.885998370637838,0.6233513385575243,-0.10654710474581786,-17.092624407146115,0.8635731458320811,-0.06721247751813353,-7.7830670238205935,0.46374038461808237,0.0,0.0,80.935,-17.266000000000005,-21.33316858944423,1.3742784728408928,-0.626552527226791,-45.591380135093786,1.4746715009705467,-0.9578672671588402,-64.9546193869593,1.2664860343177733,-0.4701253660038257,-37.12045372415228,0.46374038461808237,0.0,0.0,114.571,-50.902,-44.42834573806388,66.66666666666666,0.7034330215141704,60.91954022988506,0.5098217058638566,64.36781609195403,0.7649219085210786,64.36781609195403,0.4315274893458577,62.06896551724138,0.2421144956999337,BTPS 3.85 02/01/35,100.0,0.0,100.0,0.0,100.0,0.0,100.0,0.0,100.0,0.0,0.9811453186201847,0.007958263793607645,rising,95.40229885057471,100.0,1.0,1.0,1.0,1,1,0.7966016303441281,0.6040000067158902,0.8828972725357639,0.6081506653889955,Above Median,Top Decile,Above Median,Top Decile,Tight,7.336386049217936,"['Issue_Age', 'Cpn', 'GREEN_BOND_LOAN_INDICATOR']","[0.5421695756446246, 0.18588350948927448, 0.15595915115780806]",0.8840122362917071,0.4217242848454117,63.322082743576686
2026-06-01,IT0005611055,BTPS 3 10/01/29,2029-10-01,0.2566966071426151,NO ACTION,0.428262077856347,0.9707863612795838,0.8663784646611733,-0.6295978345000364,0.639221410513867,13.802,0.8723565682689851,-0.23313515775511806,-26.724754941119095,0.7616114415232893,-0.3333493636669423,-43.76895370995466,1.0782828705255654,-0.21190440586439208,-19.652023572989293,-0.6295978345000364,0.0,0.0,13.286,0.516,3.883787442508063,0.8290555708659446,-0.18983416035207756,-22.897639764247973,0.6994715065993337,-0.27120942874298665,-38.77347716194981,1.0360138730361932,-0.1696354083750199,-16.373854747764387,-0.6295978345000364,0.0,0.0,16.696,-2.894000000000002,-17.333493041846264,1.004532866125557,-0.36531145561169,-36.36630162077738,0.9573236178580741,-0.5290615400017271,-55.26464871502805,1.187402368909962,-0.3210239042487887,-27.03581447625946,-0.6295978345000364,0.0,0.0,11.261,2.5410000000000004,22.564603478763342,1.0832546836141812,-0.44403327310031415,-40.99066228080096,1.075184017553171,-0.646921939696824,-60.168484940112435,1.2406293859898057,-0.37425092132863236,-30.16621422467952,-0.6295978345000364,0.0,0.0,29.853,-16.051000000000002,-53.766790589298644,1.1584748988220888,-0.5192534883082217,-44.822160959548704,1.2118570082916296,-0.7835949304352825,-64.6606751958186,1.2956827396680615,-0.42930427500688817,-33.13344066029056,-0.6295978345000364,0.0,0.0,61.027,-47.225,-77.38378093673558,55.172413793103445,0.5971258098495801,57.47126436781609,0.42247584056958803,68.96551724137932,0.8361867842565326,25.287356321839084,-0.7166836538167738,20.689655172413794,-0.9782678968394533,BTPS 3 10/01/29,100.0,0.0,100.0,0.0,100.0,0.0,100.0,0.0,100.0,0.0,0.9783773024841647,-0.0075909412045808144,falling,35.63218390804598,100.0,1.0,1.0,1.0,1,1,0.6810046123891201,0.5005189218237697,0.9605235590709994,0.8256566705830476,Above Median,Top Decile,Bottom Quartile,Top Decile,Very Tight,3.1091882435717366,"['Issue_Age', 'GREEN_BOND_LOAN_INDICATOR', 'Cpn']","[0.5487230925058765, 0.1415194128402421, 0.10597909421261172]",0.7962215995587303,-0.7324217717711062,13.142193373921833
2026-06-01,IT0005611741,BTPS 4.3 10/01/54,2054-10-01,6.876702837366679,MODERATE BUY,1.2686406649045094,0.9630614204201827,1.4236908363855838,-0.807230574728923,1.231152618450125,132.659,1.2028393231653283,0.028313295284796647,2.3538717519561723,1.2252930068563148,0.043347658048194626,3.537738112587141,1.4065463072365274,0.017144529149056398,1.2189096753486677,-0.807230574728923,0.0,0.0,133.249,-0.5900000000000034,-0.44278005835370277,1.3446361656390866,-0.1134835471889617,-8.439721409029069,1.4489214838329234,-0.18028081892841397,-12.442414561157882,1.4886327332678537,-0.06494189688226992,-4.362519713204021,-0.807230574728923,0.0,0.0,133.101,-0.4420000000000073,-0.3320786470175276,1.320837894388633,-0.08968527593850806,-6.790028938488107,1.4101778579387911,-0.1415371930342817,-10.03683267566536,1.4757002957331529,-0.052009459347569065,-3.5243917173094226,-0.807230574728923,0.0,0.0,114.543,18.115999999999985,15.815894466199065,1.3883484085518258,-0.15719579010170093,-11.322502910736954,1.5242808001497816,-0.2556401352452722,-16.771196851855137,1.5084920870902252,-0.0848012507046414,-5.621590651234901,-0.807230574728923,0.0,0.0,155.816,-23.15700000000001,-14.861760023690657,1.8164188060760829,-0.585266187625958,-32.22088333627146,2.3033790949564996,-1.0347384300519902,-44.92262814338292,1.5906936875016318,-0.16700285111604796,-10.498743496522632,-0.807230574728923,0.0,0.0,196.645,-63.98600000000002,-32.53883902298361,91.95402298850574,1.1770698292845825,91.95402298850574,1.2515000953833586,98.85057471264368,1.403425386280102,17.24137931034483,-0.9032315016417897,97.70114942528735,1.9304891976329215,BTPS 4.3 10/01/54,100.0,0.0,100.0,0.0,100.0,0.0,100.0,0.0,100.0,0.0,0.9739247249315779,-0.010863304511395167,falling,17.24137931034483,100.0,1.0,1.0,1.0,1,1,1.3116278615346681,1.4826870988861818,1.5783963301957784,1.0586048302608704,Top Decile,Top Decile,Top Decile,Top Decile,Moderate,15.282765106551466,"['Issue_Age', 'Cpn', 'YAS_RISK']","[0.3878770769086571, 0.25094189490323876, 0.143139437183629]",0.7819584089955248,-0.9199338545614794,132.4601777468421
2026-06-01,IT0005619546,BTPS 3.15 11/15/31,2031-11-15,0.793929862832961,NO ACTION,0.22905613602362584,0.9753600046851285,0.7689902995620713,-0.12273922851061585,0.5093302258220148,35.471,0.45517141467396816,0.05415881114804666,11.89855254794163,0.14411322985900712,0.08494290616461872,58.94177817924462,0.7231344428073497,0.04585585675472159,6.341262897473652,-0.12273922851061585,0.0,0.0,34.617,0.8539999999999992,2.4669959839191717,0.5855811351856551,-0.07625090936364032,-13.021407876694083,0.34375248938124725,-0.1146963533576214,-33.365969284317714,0.8337018476841811,-0.06471154812210977,-7.7619532121305985,-0.12273922851061585,0.0,0.0,37.367,-1.8960000000000008,-5.073995770312311,0.8273253280861191,-0.3179951022641043,-38.43652401602175,0.6918195951367564,-0.46276345911313055,-66.8907697436029,1.0476629389071452,-0.2786726393450739,-26.599455448507303,-0.12273922851061585,0.0,0.0,27.927,7.543999999999997,27.013284625268263,1.1411882280474195,-0.6318580022254047,-55.368429252873995,1.1611386846510736,-0.9320825486274478,-80.273145053317,1.2918655316425518,-0.5228752320804805,-40.474431372762446,-0.12273922851061585,0.0,0.0,54.209,-18.738000000000007,-34.56621593562579,1.2649269197683375,-0.7555966939463227,-59.73441438903549,1.3564810297530305,-1.1274248937294047,-83.11394414585189,1.3683577734985624,-0.599367473936491,-43.80195597704369,-0.12273922851061585,0.0,0.0,88.449,-52.978,-59.896663607288204,50.57471264367817,0.46986504925883443,52.87356321839081,0.22596136479929763,60.91954022988506,0.7370640490954112,36.7816091954023,-0.18438661230810582,42.5287356321839,-0.44796797777602504,BTPS 3.15 11/15/31,100.0,0.0,100.0,0.0,100.0,0.0,100.0,0.0,100.0,0.0,0.9668412076457463,0.008518797039382187,rising,49.42528735632184,100.0,1.0,1.0,1.0,1,1,0.5426229899513975,0.26770273663623384,0.8525527001820185,0.16096062789428336,Above Median,Top Decile,Below Median,Top Decile,Very Tight,4.886464609566588,"['Issue_Age', 'GREEN_BOND_LOAN_INDICATOR', 'Cpn']","[0.6177610128431968, 0.15585158376370054, 0.06330769890457448]",0.8369202955114718,-0.197373374911181,34.9682762901005
2026-06-01,IT0005631590,BTPS 3.65 08/01/35,2035-08-01,3.196614042661736,NO ACTION,0.5749950883927333,0.9852311189557199,0.7806558189158918,0.10423117897998484,0.7107573621441813,67.188,0.8280566689470827,-0.11729930680290146,-14.165613270827503,0.766669453662491,-0.19167436526975767,-25.00091295590429,0.90489606805651,-0.12424024914061826,-13.729780927712183,0.10423117897998484,0.0,0.0,67.476,-0.2879999999999967,-0.4268184242653905,0.7557232003663006,-0.0449658382221193,-5.950040650508043,0.641710540607731,-0.06671545221499775,-10.396502309618407,0.8228590024737894,-0.04220318355789765,-5.1288474596663605,0.10423117897998484,0.0,0.0,68.371,-1.1829999999999927,-1.7302657556960792,0.8864579985082804,-0.17570063636409916,-19.820525583582445,0.8252413746736189,-0.25024628628088563,-30.324010759573994,0.9400571609466574,-0.1594013420307656,-16.956558277221063,0.10423117897998484,0.0,0.0,54.769,12.419000000000004,22.67523598702273,0.7831014684682444,-0.07234410632406307,-9.238152182469248,0.678388272935574,-0.10339318454284074,-15.241003882825007,0.8464203899415905,-0.06576457102569877,-7.769728970407261,0.10423117897998484,0.0,0.0,84.726,-17.537999999999997,-20.699667159939136,,,,,,,,,,,,,,,,62.06896551724138,0.6672130881791589,65.51724137931035,0.567226345391217,62.06896551724138,0.7489373417511359,48.275862068965516,0.053975082629328645,63.2183908045977,0.3282340865986465,BTPS 3.65 08/01/35,100.0,0.0,100.0,0.0,100.0,0.0,100.0,0.0,100.0,0.0,0.9762365104985328,0.008994608457187137,rising,88.50574712643679,100.0,1.0,1.0,1.0,1,1,0.7572165668240102,0.6720088856264086,0.8654858542540387,0.13668911087646862,Above Median,Top Decile,Above Median,Top Decile,Tight,7.591954192316308,"['Issue_Age', 'GREEN_BOND_LOAN_INDICATOR', 'Cpn']","[0.5960946346271784, 0.15079408748383852, 0.10825637908703852]",0.8551451011980554,0.0422203721959257,66.70096949938606
2026-06-01,IT0005631608,BTPS 4.1 04/30/46,2046-04-30,-2.285882886664865,NO ACTION,-0.3907120510169015,0.9835324832212395,-0.2687884521490646,0.08261693712666081,-0.44467329353564916,109.059,-0.500216813557341,0.05554352002169188,11.103888834983335,-0.4703050138962073,0.07959296287930584,16.92368969821411,-0.3165529129165412,0.04776446076747659,15.088933732597262,0.08261693712666081,0.0,0.0,109.047,0.012000000000000455,0.011004429281777594,-0.5076367590620142,0.06296346552636506,12.403251569563368,-0.4822686726311427,0.09155662161424122,18.984567091259205,-0.3237266314472403,0.05493817929817568,16.97054621534116,0.08261693712666081,0.0,0.0,109.148,-0.08899999999999864,-0.08154066038025852,-0.5899097938148455,0.14523650027919638,24.620119777629874,-0.5997169660443297,0.20900491502742818,34.85059175846625,-0.39694463021240406,0.12815617806333945,32.28565524773515,0.08261693712666081,0.0,0.0,90.832,18.227000000000004,20.066716573446953,-0.5566770709746348,0.11200377743898565,20.120062647969718,-0.5550205994616723,0.16430854844477077,29.604044542442765,-0.36826620957247586,0.09947775742341125,27.01245787324616,0.08261693712666081,0.0,0.0,126.229,-17.17,-13.602262553485946,,,,,,,,,,,,,,,,44.827586206896555,-0.46481896157473607,36.7816091954023,-0.3854331511215472,45.97701149425287,-0.31919846757716774,47.12643678160919,0.03127605600331659,86.20689655172413,1.3529324072920244,BTPS 4.1 04/30/46,100.0,0.0,100.0,0.0,100.0,0.0,100.0,0.0,100.0,0.0,0.983451195241117,8.128798012252414e-05,rising,81.60919540229885,100.0,-1.0,-1.0,-1.0,1,1,0.473739707280141,0.4566334135802936,0.2979963736706841,0.10834412303202386,Below Median,Top Decile,Top Quartile,Top Decile,Moderate,12.790843892886272,"['GREEN_BOND_LOAN_INDICATOR', 'Issue_Age', 'AMT_OUTSTANDING']","[0.5763204982404829, 0.1887421413519687, 0.08834692540863963]",0.8534095650010912,0.0194040180563156,109.0863933607652
2026-06-01,IT0005635583,BTPS 3.85 10/01/40,2040-10-01,-0.2955136890817869,NO ACTION,0.6343379006367528,0.9742759456236324,0.9812813622738747,-0.02439248441626982,0.779062893571611,92.033,0.8319256158379855,-0.05286272226637456,-6.3542606002942605,0.7166728657409484,-0.08233496510419558,-11.488500247629956,1.0340641353162667,-0.052782773042391984,-5.104400271633871,-0.02439248441626982,0.0,0.0,92.37,-0.3370000000000033,-0.3648370682727288,0.946422776361958,-0.16735988279034708,-17.683416460594444,0.8882213042639744,-0.2538834036272216,-28.583349616824087,1.1392018908464683,-0.15792052857259353,-13.862382818642846,-0.02439248441626982,0.0,0.0,93.221,-1.1880000000000024,-1.2743909632728285,1.0626261721165484,-0.28356327854493746,-26.685139451404595,1.052662929612176,-0.4183250289754231,-39.739693802609146,1.2183102364785823,-0.23702887420470753,-19.45554302689471,-0.02439248441626982,0.0,0.0,78.292,13.741,17.550963059118306,1.0999935617656018,-0.32093066819399085,-29.17568578867824,1.1096683553726057,-0.4753304547358529,-42.83536140784241,1.2417564495663034,-0.26047508729242863,-20.976342445071904,-0.02439248441626982,0.0,0.0,112.74,-20.706999999999994,-18.367039203621864,,,,,,,,,,,,,,,,70.11494252873564,0.7341353654886756,68.96551724137932,0.6257673785129144,79.3103448275862,0.9531362049353115,42.5287356321839,-0.08110399994870728,80.45977011494253,0.9362594449045616,BTPS 3.85 10/01/40,100.0,0.0,100.0,0.0,100.0,0.0,100.0,0.0,100.0,0.0,0.9226748214279477,0.051601124195684744,rising,44.827586206896555,100.0,1.0,1.0,1.0,1,1,0.8299869421410311,0.7413640817508016,1.0879123904700871,0.031988384277686154,Above Median,Top Decile,Top Quartile,Top Decile,Tight,10.41278016348386,"['Issue_Age', 'Cpn', 'GREEN_BOND_LOAN_INDICATOR']","[0.5459924239451873, 0.16060354903863466, 0.13822116829201153]",0.8448171412758336,-0.0935569118142291,91.83574601264064
2026-06-01,IT0005637399,BTPS 2.95 07/01/30,2030-07-01,0.407279016398494,NO ACTION,0.5115595543092011,0.9730481693281526,0.7481108298018482,-0.14063181114517034,0.6486863387548967,21.804,0.8975593171108613,-0.24887297835596467,-27.72774688410377,0.8760063899546565,-0.36444683564545544,-41.60321610256726,0.9763699976376047,-0.2282591678357565,-23.378346943291046,-0.14063181114517034,0.0,0.0,21.566,0.23799999999999955,1.103588982146159,0.7634958214563875,-0.11480948270149083,-15.037342441344945,0.6736804407842572,-0.16212088647505607,-24.064953389448206,0.8509615512133175,-0.10285072141146934,-12.086412136503883,-0.14063181114517034,0.0,0.0,24.52,-2.716000000000001,-11.076672099887169,0.6988864102676042,-0.050200071512707556,-7.182865492433792,0.5836776925049386,-0.07211813819573754,-12.35581518468702,0.7934072681390383,-0.045296438337190104,-5.709102951945981,-0.14063181114517034,0.0,0.0,16.904,4.899999999999999,28.98722194215142,1.0753707006051398,-0.42668436185024317,-39.677885741386476,1.1427817855422717,-0.6312222312330706,-55.23558685440414,1.098783910179811,-0.35067308037796274,-31.914653458031744,-0.14063181114517034,0.0,0.0,38.594,-16.790000000000003,-43.504171621624046,,,,,,,,,,,,,,,,57.47126436781609,0.6063990639949464,59.77011494252874,0.5046478870834735,59.77011494252874,0.7158126973604114,35.63218390804598,-0.20317719549793042,27.586206896551722,-0.7824369885213236,BTPS 2.95 07/01/30,100.0,0.0,100.0,0.0,100.0,0.0,100.0,0.0,100.0,0.0,0.9829206259424279,-0.009872456614275271,falling,40.229885057471265,100.0,1.0,1.0,1.0,1,1,0.6910882229848472,0.5978704391785428,0.8294043609473306,0.18442501960063296,Above Median,Top Decile,Below Median,Top Decile,Very Tight,3.748768087171328,"['Issue_Age', 'GREEN_BOND_LOAN_INDICATOR', 'Cpn']","[0.586692770383202, 0.13442209197446206, 0.11436873113898935]",0.8354835934966535,-0.216261083517044,21.223280085467145
2026-06-01,IT0005641029,BTPS 2.65 06/15/28,2028-06-15,2.5096628929780174,WEAK BUY,1.1665077238655042,0.9738255617962435,1.2100094543713857,-0.691523947224786,1.1190743161375571,1.314,0.9657636217554857,0.15331069438207146,15.874556603813698,0.9320829658028149,0.23442475806268925,25.150631880254675,1.1070271050969678,0.10298234927441796,9.302604052783064,-0.691523947224786,0.0,0.0,-0.886,2.2,248.30699494010165,0.9633158450271863,0.1557584711103709,16.168992786480725,0.9271978964207898,0.2393098274447144,25.810005155049232,1.104608443115287,0.1054010112560988,9.541934154028985,-0.691523947224786,0.0,0.0,2.454,-1.1400000000000001,-46.454767536859144,0.8920485886365624,0.2270257275009947,25.449928159518276,0.8277156463447414,0.3387920775207628,40.93097368930965,1.050542298409146,0.15946715596223981,15.179508210737714,-0.691523947224786,0.0,0.0,0.69,0.6240000000000001,90.43478129804666,1.419419469827186,-0.3003451536896289,-21.159717614006247,1.6610743032921162,-0.4945665794266121,-29.773898462520965,1.3642444027814182,-0.1542349484100325,-11.305521720670173,-0.691523947224786,0.0,0.0,15.322,-14.008,-91.42409601134048,,,,,,,,,,,,,,,,85.0574712643678,1.0672612227047427,89.65517241379311,1.15074706973309,93.10344827586206,1.1859381483112754,24.137931034482758,-0.7817177406528263,9.195402298850574,-1.2838835408130604,BTPS 2.65 06/15/28,100.0,0.0,100.0,0.0,100.0,0.0,100.0,0.0,100.0,0.0,0.9616392594258704,0.012186302370373103,rising,43.67816091954023,100.0,1.0,1.0,1.0,1,1,1.1922234743095235,1.3633221768566373,1.3414952414322716,0.9068667784530491,Top Quartile,Top Decile,Bottom Decile,Top Decile,Very Tight,1.9323932258195955,"['Issue_Age', 'Cpn', 'GREEN_BOND_LOAN_INDICATOR']","[0.5084589546940604, 0.17053492514608032, 0.11225530334144236]",0.7912491831815831,-0.7977920090436207,0.7942868044815174
2026-06-01,IT0005647265,BTPS 3 1/4 07/15/32,2032-07-15,2.785396537121976,MODERATE BUY,1.3225539295939557,0.9688719609020624,1.3452406300682125,0.8536479506382388,1.3842738802494694,43.387,1.2658823878122976,0.11839149243717184,9.352487453951209,1.1319735114380678,0.1905804181558879,16.836119798436016,1.2698343180815284,0.07540631198668413,5.938279531362831,0.8536479506382388,0.0,0.0,42.516,0.8710000000000022,2.0486405113254733,1.3388946474770413,0.04537923277242806,3.3893056872703373,1.2489404586172475,0.07361347097670823,5.894073642934213,1.3167761047055762,0.028464525362636328,2.1616829956701364,0.8536479506382388,0.0,0.0,44.791,-1.4039999999999964,-3.134558281097856,1.5362579301287342,-0.15198404987926484,-9.893133562357958,1.5705487303875196,-0.24799480079356395,-15.790328209258462,1.4207456629521082,-0.07550503288389576,-5.314465095431683,0.8536479506382388,0.0,0.0,34.319,9.067999999999998,26.422681305858937,1.4826565343561324,-0.09838265410666303,-6.635566037270438,1.4779550410900697,-0.15540111149611402,-10.514603362361902,1.3975297986245476,-0.05228916855633514,-3.7415422722037164,0.8536479506382388,0.0,0.0,61.562,-18.174999999999997,-29.52308241617831,,,,,,,,,,,,,,,,94.25287356321839,1.3270902350990934,94.25287356321839,1.304684939419829,97.70114942528735,1.323577911833704,77.01149425287356,0.8410039022978102,47.12643678160919,-0.25424172555829005,BTPS 3 1/4,75.0,0.6969954098557644,75.0,0.6586569333202413,100.0,0.8087227240641981,50.0,0.2382696001225299,25.0,-0.844822607126686,0.9732588436151235,-0.004386882713061091,falling,29.88505747126437,50.0,1.0,1.0,1.0,1,1,1.4747580130362712,1.5456966682821736,1.491421325096494,1.1194767296709458,Top Decile,Top Quartile,Below Median,Below Median,Very Tight,5.404448316843258,"['Issue_Age', 'GREEN_BOND_LOAN_INDICATOR', 'YAS_RISK']","[0.7075880169529813, 0.16195152721757738, 0.04578069260019931]",0.915320236770758,0.8333172136374595,42.89920835166164
2026-06-01,IT0005648149,BTPS 3.6 10/01/35,2035-10-01,3.3526219936428703,WEAK BUY,0.6684299686176026,0.9902083966963061,0.8311680113224202,0.391091114770223,0.823619547241391,68.466,0.8939869678720239,-0.07036742063063295,-7.8711907860369505,0.7755314312974215,-0.1071014626798189,-13.810073580078717,0.9020167085545092,-0.07084869723208898,-7.854477170403749,0.391091114770223,0.0,0.0,68.627,-0.16100000000000136,-0.2346015416330908,0.7905805671356982,0.03303898010569273,4.179078143482115,0.6272431589458419,0.041186809671760694,6.566322554134804,0.8048095317669615,0.02635847955545878,3.2751201604281013,0.391091114770223,0.0,0.0,69.436,-0.9700000000000131,-1.3969698713352094,1.0338955215965941,-0.21027597435520318,-20.338222569787522,0.9777053381062267,-0.3092753694886241,-31.632778739287577,1.0126663808456835,-0.18149836952326326,-17.92281951528903,0.391091114770223,0.0,0.0,55.958,12.507999999999996,22.352478640703293,1.5664965295482445,-0.7428769823068535,-47.42282945106848,1.8657494152676697,-1.197319446650067,-64.1736468163882,1.270541817844877,-0.43937380652245683,-34.58160895558496,0.391091114770223,0.0,0.0,86.699,-18.233000000000004,-21.0302310267673,,,,,,,,,,,,,,,,71.26436781609196,0.777789703147129,71.26436781609196,0.6593988294904543,65.51724137931035,0.8003492013464463,58.620689655172406,0.35523206701147286,64.36781609195403,0.3595102551603271,BTPS 3.6 10/01/35,100.0,0.0,100.0,0.0,100.0,0.0,100.0,0.0,100.0,0.0,0.9655676409932891,0.024640755703017048,rising,97.70114942528735,100.0,1.0,1.0,1.0,1,1,0.8774560759382736,0.7812082005528436,0.9214869586279482,0.5128781740048635,Above Median,Top Decile,Above Median,Top Decile,Tight,7.674909369651317,"['Issue_Age', 'GREEN_BOND_LOAN_INDICATOR', 'Cpn']","[0.6376970319806311, 0.15067087110093533, 0.08981089068832541]",0.8781787937698918,0.345034504094303,67.87962940925419
2026-06-01,IT0005654642,BTPS 2.7 10/01/30,2030-10-01,1.245898258764349,WEAK BUY,0.975457475315222,0.9866563690924135,0.9928892944376553,0.3637771470819093,1.0230502841335591,25.186,1.021926860205045,0.0011234239285140557,0.10993192969753754,0.9779771189912523,-0.002519643676030303,-0.25763830271053717,0.9941726661014042,-0.0012833716637489223,-0.1290894121916121,0.3637771470819093,0.0,0.0,24.35,0.8359999999999985,3.4332648856536836,0.9719056622543736,0.05114462187918556,5.262303054632204,0.8999780733331971,0.07547940198202485,8.386804454445837,0.9545526793538727,0.03833661508378261,4.016186378326825,0.3637771470819093,0.0,0.0,27.417,-2.2310000000000016,-8.137287081687541,0.639518273659623,0.38353201047393615,59.972016480777754,0.4184699754344179,0.5569874998808041,133.10094373974988,0.6572546974015708,0.33563459703608445,51.06613817389027,0.3637771470819093,0.0,0.0,18.673,6.513000000000002,34.879237382916926,1.1564844987882767,-0.1334342146547176,-11.537916300714242,1.1879754185414242,-0.2125179432262022,-17.889085760563926,1.0820013576538634,-0.08911206321620813,-8.235854951776313,0.3637771470819093,0.0,0.0,42.768,-17.582,-41.11017582278569,,,,,,,,,,,,,,,,83.9080459770115,0.9731817716872677,85.0574712643678,0.9622780958951044,80.45977011494253,0.9649508847217909,55.172413793103445,0.3265472542835299,29.88505747126437,-0.6996701637360305,BTPS 2.7 10/01/30,100.0,0.0,100.0,0.0,100.0,0.0,100.0,0.0,100.0,0.0,0.9795669900983631,0.007089378994050377,rising,90.80459770114942,100.0,1.0,1.0,1.0,1,1,1.089922757188121,1.1400377224001634,1.1007816996348407,0.47705854695698047,Top Quartile,Top Decile,Below Median,Top Decile,Very Tight,3.932811911290912,"['Issue_Age', 'Cpn', 'GREEN_BOND_LOAN_INDICATOR']","[0.5815562583898879, 0.1715899520745687, 0.12283938217779593]",0.8759855926422525,0.3162014243146117,24.53886065074003
2026-06-01,IT0005660052,BTPS 2.35 01/15/29,2029-01-15,1.2425038552222674,NO ACTION,0.6003448758797575,0.9783533068701278,0.7963030811239077,-0.21482780035333784,0.7092130154343345,6.901,0.7592494437225094,-0.050036428288174895,-6.590248836249043,0.6774302184561841,-0.07708534257642663,-11.379082204834393,0.8459267854555331,-0.04962370433162544,-5.866193694089449,-0.21482780035333784,0.0,0.0,5.628,1.2729999999999997,22.61904757885741,0.7099151694515543,-0.000702154017219847,-0.09890674795294514,0.6010412149392885,-0.000696339059531037,-0.11585545726940352,0.7968295925757021,-0.000526511451794387,-0.06607578961580637,-0.21482780035333784,0.0,0.0,8.665,-1.7639999999999993,-20.357761084411116,0.9705715987029411,-0.2613585832686066,-26.92831532728252,0.9805431258684582,-0.38019824998870067,-38.7742503191318,1.0224891101182236,-0.22618602899431595,-22.121118410351748,-0.21482780035333784,0.0,0.0,6.379,0.5220000000000002,8.18310078667017,1.1971110477295752,-0.48789803229524076,-40.756288160981626,1.3384089630818625,-0.738064087202105,-55.14488486300383,1.1685795845083111,-0.37227650338440343,-31.857179873232482,-0.21482780035333784,0.0,0.0,22.375,-15.474,-69.15754186853295,,,,,,,,,,,,,,,,60.91954022988506,0.665700016007424,66.66666666666666,0.5922336325889253,63.2183908045977,0.7648632956518332,31.03448275862069,-0.28109696460241507,12.643678160919542,-1.147154312523459,BTPS 2.35 01/15/29,100.0,0.0,100.0,0.0,100.0,0.0,100.0,0.0,100.0,0.0,0.9794700154255593,-0.001116708555431556,falling,58.620689655172406,100.0,1.0,1.0,1.0,1,1,0.7555712726970688,0.7016357168531581,0.8828334276284974,0.2817258838402284,Above Median,Top Decile,Bottom Quartile,Top Decile,Very Tight,2.450018495519401,"['Issue_Age', 'Cpn', 'GREEN_BOND_LOAN_INDICATOR']","[0.5074507691566132, 0.22026267621267123, 0.10181251029698926]",0.8295259556662737,-0.2945836070179964,6.272737345188313
2026-06-01,IT0005668220,BTPS 3 1/4 11/15/32,2032-11-15,2.873975362429426,MODERATE BUY,1.371191826115789,0.9745954319847555,1.2404319441953828,0.9566184969492508,1.398018037249716,46.356,1.2238921954935145,0.1741258417562015,14.227220418156689,1.0946016874164508,0.27659013869933813,25.268564753020566,1.1313782597424604,0.1090536844529224,9.639011758441027,0.9566184969492508,0.0,0.0,45.387,0.9690000000000012,2.1349725687674974,1.4456108073654972,-0.047592770115781224,-3.292225649121456,1.4432795299955765,-0.07208770387978758,-4.994715291260107,1.2647172849094008,-0.024285340714018,-1.9202189146751332,0.9566184969492508,0.0,0.0,47.967,-1.610999999999997,-3.3585590086187196,1.6942256434322271,-0.2962076061825112,-17.48336212371962,1.886089397835266,-0.514897571719477,-27.299743563612072,1.3398109807215828,-0.09937903652619995,-7.41739224520597,0.9566184969492508,0.0,0.0,37.241,9.115000000000002,24.47571224605255,1.5423013552850864,-0.14428331803537042,-9.355066479416648,1.6109940037642754,-0.23980217764848644,-14.885354979573181,1.3059661664609215,-0.06553422226553862,-5.018064284262849,0.9566184969492508,0.0,0.0,65.94,-19.583999999999996,-29.699727020063733,,,,,,,,,,,,,,,,95.40229885057471,1.3405560594171906,95.40229885057471,1.352665690644528,94.25287356321839,1.2169024898069525,81.60919540229885,0.9491423782281706,48.275862068965516,-0.1815821446039627,BTPS 3 1/4,100.0,0.7111874895138339,100.0,0.7087764054429628,75.0,0.6829624869673052,75.0,0.41091619894604603,50.0,-0.7493464375283938,0.9946235690209545,-0.02002813703619899,falling,47.12643678160919,100.0,1.0,1.0,1.0,1,1,1.4894005674886381,1.6025408036507267,1.3752235938711508,1.2545126427197584,Top Decile,Top Decile,Below Median,Above Median,Very Tight,5.648724468746025,"['Issue_Age', 'GREEN_BOND_LOAN_INDICATOR', 'REL_SPRD_LOG']","[0.7097065736946648, 0.150628012328851, 0.06325376912755246]",0.9235883551510684,0.9420146394608806,46.0410010570425
2026-06-01,IT0005668238,BTPS 4.65 10/01/55,2055-10-01,9.976610095838709,STRONG BUY,1.8927135493494132,0.9470690138375262,1.3402716782419029,-0.7976179728127103,1.5264410326245312,136.701,1.4803528557490473,0.046088176875483944,3.113323717731561,1.7996964094156187,0.09301713993379446,5.168490581539199,1.332620808708015,0.0076508695338879384,0.5741220177923911,-0.7976179728127103,0.0,0.0,137.196,-0.49500000000000455,-0.36079769086848357,1.568220286973002,-0.04177925434847074,-2.66411896524446,1.9638760359834797,-0.07116248663406655,-3.623573228035858,1.3455696997255842,-0.005298021483681303,-0.39373816498602543,-0.7976179728127103,0.0,0.0,136.668,0.03299999999998704,0.024146105889873582,1.6573759150797827,-0.13093488245525142,-7.900131797132777,2.1352335773732074,-0.24252002802379424,-11.358009234115954,1.3574655678395648,-0.017193889597661993,-1.266616986710369,-0.7976179728127103,0.0,0.0,118.9,17.800999999999988,14.971404540372454,1.628455831011676,-0.10201479838714467,-6.264511190169462,2.0755705947054373,-0.1828570453560241,-8.809965073771844,1.353779987677004,-0.013508309435101173,-0.9978216149064493,-0.7976179728127103,0.0,0.0,160.748,-24.046999999999997,-14.959439618846924,,,,,,,,,,,,,,,,96.55172413793103,1.4663783629669864,98.85057471264368,1.8671411480590214,96.55172413793103,1.318520458544524,20.689655172413794,-0.8931364583679119,100.0,2.029408034351477,BTPS 4.65 10/01/55,100.0,0.0,100.0,0.0,100.0,0.0,100.0,0.0,100.0,0.0,0.9677109255137091,-0.0206419116761829,falling,5.747126436781609,100.0,1.0,1.0,1.0,1,1,1.6262180312791108,2.212054239739099,1.4859124216694846,1.0459988324971028,Top Decile,Top Decile,Top Decile,Top Decile,Moderate,16.05660272596836,"['Issue_Age', 'Cpn', 'AMT_OUTSTANDING']","[0.35399146185181535, 0.25189782420038437, 0.17684097599677973]",0.7827302620489794,-0.9097866316789116,136.4191409908188
2026-06-01,IT0005671273,BTPS 2.85 02/01/31,2031-02-01,1.5597274708079605,WEAK BUY,1.1490579744014051,0.9827504382847946,1.085193333330367,0.43104980471782944,1.149958051754058,28.822,1.2099554650230029,-0.05999741326894492,-4.958646372322444,1.2522867454961633,-0.10322877109475814,-8.243221501920166,1.1269851798165504,-0.041791846486183504,-3.708287106504598,0.43104980471782944,0.0,0.0,28.215,0.6069999999999993,2.1513379400491424,1.1221235892677057,0.02783446248635224,2.480516629764932,1.1102622276948326,0.03879574670657249,3.49428679003995,1.0697764198825113,0.015416913447855674,1.4411341488939744,0.43104980471782944,0.0,0.0,31.06,-2.2379999999999995,-7.205408883707208,0.9308192478519869,0.21913880390207108,23.542573067060154,0.8140853488469565,0.3349726255544486,41.14711337259433,0.9247225149131444,0.16047081841722255,17.35340213890593,0.43104980471782944,0.0,0.0,22.158,6.663999999999998,30.07491649513722,,,,,,,,,,,,,,,,,,,,,,,,,,,,,,,88.50574712643679,1.0975195323334017,88.50574712643679,1.133533083359431,85.0574712643678,1.0588989408552407,60.91954022988506,0.397196220703118,35.63218390804598,-0.6106872616309669,BTPS 2.85 02/01/31,100.0,0.0,100.0,0.0,100.0,0.0,100.0,0.0,100.0,0.0,0.9629664449635834,0.01978399332121117,rising,80.45977011494253,100.0,1.0,1.0,1.0,1,1,1.2251259491902315,1.342928286667753,1.203115965282278,0.5652801314054954,Top Quartile,Top Decile,Below Median,Top Decile,Very Tight,4.223678352619231,"['Issue_Age', 'Cpn', 'GREEN_BOND_LOAN_INDICATOR']","[0.6230698805152787, 0.13263348066994735, 0.12568395376518904]",0.881387314950415,0.3872155635543763,28.394427041907715
2026-06-01,IT0005676504,BTPS 3.45 02/01/36,2036-02-01,2.695980893569584,NO ACTION,0.2751603810727128,0.9794862501603382,0.511723641429015,1.0497373382410884,0.640604098913952,70.025,0.8079904023839739,-0.16738630347002192,-20.716372484686914,0.5189123999714532,-0.24375201889874043,-46.97363451225803,0.6551980120429989,-0.14347437061398383,-21.897863819339793,1.0497373382410884,0.0,0.0,70.407,-0.3819999999999908,-0.5425596885902465,0.7527391559604897,-0.1121350570465377,-14.896934040020913,0.43996399190388086,-0.16480361083116807,-37.45843071660504,0.606479249269145,-0.09475560784012993,-15.623882662420781,1.0497373382410884,0.0,0.0,71.263,-1.2379999999999995,-1.7372268916917293,1.5850835931751306,-0.9444794942611786,-59.585468701415,1.7405191456611155,-1.4653587645884028,-84.19090130793784,1.1762798144908047,-0.6645561730617896,-56.49643556111037,1.0497373382410884,0.0,0.0,58.165,11.860000000000007,20.3902690586452,,,,,,,,,,,,,,,,,,,,,,,,,,,,,,,56.32183908045977,0.5984804974511464,54.02298850574713,0.27144269664739273,54.02298850574713,0.47521524237480034,86.20689655172413,1.0469347075733586,66.66666666666666,0.3976632651663214,BTPS 3.45 02/01/36,100.0,0.0,100.0,0.0,100.0,0.0,100.0,0.0,100.0,0.0,0.9792497695279121,0.00023648063242609485,rising,63.2183908045977,100.0,1.0,1.0,1.0,1,1,0.6824776812858547,0.3215857400975123,0.5673301373186788,1.3766289974092938,Above Median,Top Decile,Above Median,Top Decile,Tight,7.822778908654726,"['Issue_Age', 'GREEN_BOND_LOAN_INDICATOR', 'AMT_OUTSTANDING']","[0.7160670704976532, 0.15068134616612852, 0.06431700480208294]",0.9310654214658646,1.0403124411789626,69.67899408193766
2026-06-01,IT0005689960,BTPS 2.4 03/15/29,2029-03-15,1.2992257192620755,NO ACTION,0.6256880341819028,0.9744862541548311,0.6303203459457117,0.021936538336310776,0.6778236548531994,8.793,0.7139911901059298,-0.03616753525273042,-5.065543559551504,0.6761454525219308,-0.05045741834002804,-7.462509347001858,0.6628982420254924,-0.03257789607978068,-4.914464019212388,0.021936538336310776,0.0,0.0,7.524,1.2689999999999992,16.866028685717655,0.8091864701191921,-0.1313628152659927,-16.233935995401595,0.8144767972215122,-0.18878876303960945,-23.17914535634712,0.7512205380640091,-0.12090019211829739,-16.093834550968094,0.021936538336310776,0.0,0.0,8.955,-0.1620000000000008,-1.809045224110511,1.3231689454071816,-0.6453452905539822,-48.77270494571033,1.6329809540555231,-1.0072929198736205,-61.68430263706194,1.0682133390099966,-0.43789299306428486,-40.993027607276886,0.021936538336310776,0.0,0.0,9.453,-0.6600000000000001,-6.981910497215795,,,,,,,,,,,,,,,,,,,,,,,,,,,,,,,59.77011494252874,0.634946320816414,67.81609195402298,0.6172343801684913,57.47126436781609,0.5959242599523241,45.97701149425287,-0.03244979647701727,16.091954022988507,-1.1008518783147734,BTPS 2.4 03/15/29,100.0,0.0,100.0,0.0,100.0,0.0,100.0,0.0,100.0,0.0,0.9705354266568974,0.00395082749793374,rising,45.97701149425287,100.0,1.0,1.0,1.0,1,1,0.7221301222848605,0.7312548004117395,0.6988141634838714,0.02876764851209903,Above Median,Top Decile,Bottom Quartile,Top Decile,Very Tight,2.5997756223809176,"['Issue_Age', 'Cpn', 'GREEN_BOND_LOAN_INDICATOR']","[0.5464797718634172, 0.2019429148037463, 0.10011448774713141]",0.8485371744142949,-0.0446512228135127,8.185399532843185
2026-06-01,IT0005689994,BTPS 3.15 03/15/33,2033-03-15,3.239118600393589,STRONG BUY,1.571688942239255,0.9799709817997162,1.1024941705666749,1.3578996856120253,1.5318460710910526,49.457,1.5165035102323867,0.015342560858665921,1.011706247560497,1.544528564615893,0.027160377623361986,1.7584898116965217,1.0962089401108788,0.006285230455796098,0.5733606220931112,1.3578996856120253,0.0,0.0,49.015,0.44200000000000017,0.9017647657040165,1.633805888383366,-0.10195981729231329,-6.24063221911498,1.752360250058377,-0.180671307819122,-10.31016920077286,1.1313864864838947,-0.028892315917219857,-2.5537087464815027,1.3578996856120253,0.0,0.0,51.194,-1.7370000000000019,-3.3929757386816894,1.0112402045706361,0.5206058665204165,51.48191883779675,0.7523067729902747,0.8193821692489803,108.91596191544278,0.7589454482708056,0.3435487222958693,45.26658912731577,1.3578996856120253,0.0,0.0,39.821,9.636000000000003,24.19828732975107,,,,,,,,,,,,,,,,,,,,,,,,,,,,,,,98.85057471264368,1.4716739440944013,96.55172413793103,1.5504538956848364,88.50574712643679,1.0765079214299864,95.40229885057471,1.3705632380384012,52.87356321839081,-0.10569216126298292,BTPS 3.15 03/15/33,100.0,0.0,100.0,0.0,100.0,0.0,100.0,0.0,100.0,0.0,0.9827313675605027,-0.002760385760786521,falling,65.51724137931035,100.0,1.0,1.0,1.0,1,1,1.63197637426528,1.8368660114608704,1.2222967995653942,1.7807541131371651,Top Decile,Top Decile,Above Median,Top Decile,Very Tight,5.871242711297953,"['Issue_Age', 'GREEN_BOND_LOAN_INDICATOR', 'Cpn']","[0.7495658176285576, 0.14749755182277044, 0.0587462420737158]",0.9558096115250438,1.3656137539810829,49.205408302985056
2026-06-01,IT0005692410,BTPS 2.2 02/28/28,2028-02-28,2.7681906681136907,WEAK BUY,1.2820171564569043,0.9656646432868065,1.104666030305327,-0.5419946759873608,1.1470685149549171,-2.007,1.0934355413687487,0.053632973586168475,4.904996322739955,1.203283993716758,0.07873316274014619,6.543190343838331,1.0728614479203695,0.031804582384957536,2.9644631326963147,-0.5419946759873608,0.0,0.0,-3.975,1.968,49.509433837712116,1.2185956546469734,-0.07152713969205626,-5.8696368095792995,1.4024655693734054,-0.1204484129165011,-8.588332910838007,1.1490575270847454,-0.04439149677941834,-3.863296253383731,-0.5419946759873608,0.0,0.0,-0.128,-1.879,-1467.9686353149505,1.1636167740468568,-0.016548259091939688,-1.4221399449385492,1.583706763793723,-0.3016896073368187,-19.049587482291948,1.1987634988307136,-0.09409746852538659,-7.849543953600175,-0.5419946759873608,0.0,0.0,-0.483,-1.524,-315.5279437778894,,,,,,,,,,,,,,,,,,,,,,,,,,,,,,,87.35632183908046,1.0946885114932576,93.10344827586206,1.2646958575221807,89.65517241379311,1.0787184639272442,27.586206896551722,-0.6246838306864443,5.747126436781609,-1.3651575281317943,BTPS 2.2 02/28/28,100.0,0.0,100.0,0.0,100.0,0.0,100.0,0.0,100.0,0.0,0.9462862244227205,0.019378418864085978,rising,22.988505747126435,100.0,1.0,1.0,1.0,1,1,1.2220475355834326,1.4983204866544895,1.2247046646394517,0.7107736004283162,Top Quartile,Top Decile,Bottom Decile,Top Decile,Very Tight,1.6526566378523455,"['Issue_Age', 'Cpn', 'GREEN_BOND_LOAN_INDICATOR']","[0.4972109505951048, 0.2172174504291863, 0.08882737783153816]",0.8032557788558292,-0.6399464167742704,-3.0994829114226694
2026-06-01,IT0005694630,BTPS 3.95 10/01/41,2041-10-01,0.4090771258270678,WEAK BUY,0.9972056447894222,0.9700276636231459,0.9483579430538539,-0.04887568232243028,0.956092526763626,96.897,1.0544966847870116,-0.09840415802338565,-9.331860261853302,1.1568348607304362,-0.15962921594101398,-13.798790128121105,1.0145503046341355,-0.06619236158028163,-6.5243054608042526,-0.04887568232243028,0.0,0.0,97.417,-0.519999999999996,-0.5337877371984533,1.1369172077227767,-0.18082468095915072,-15.904823864075087,1.2800256478309073,-0.28282000304148514,-22.09486984196421,1.0643385437944468,-0.11598060074059291,-10.896965098850679,-0.04887568232243028,0.0,0.0,98.029,-1.1319999999999908,-1.154760325908165,,,,,,,,,,,,,,,,,,,,,,,,,,,,,,,,,,,,,,,,,,,,,,81.60919540229885,0.9075799746864678,86.20689655172413,0.9837324264430092,74.71264367816092,0.9196263902609739,40.229885057471265,-0.10681597101543204,81.60919540229885,1.0552948783036349,BTPS 3.95 10/01/41,100.0,0.0,100.0,0.0,100.0,0.0,100.0,0.0,100.0,0.0,0.9798186259227286,-0.009790962299582762,falling,34.48275862068966,100.0,1.0,1.0,1.0,1,1,1.01858825422224,1.1654552667023665,1.0514113449156266,0.06409573052432437,Top Quartile,Top Decile,Top Quartile,Top Decile,Tight,10.899266506031324,"['Issue_Age', 'Cpn', 'GREEN_BOND_LOAN_INDICATOR']","[0.5655924884900936, 0.1579551791550202, 0.11930357186687676]",0.8428512395119906,-0.1194017838059436,96.8775778479169
2026-06-01,IT0005704868,BTPS 3.3 06/15/33,2033-06-15,4.30825796313966,MODERATE BUY,1.2407708768018737,0.9792791132584565,0.8577486128966051,1.4654350310825832,1.3093610284332473,52.575,1.150765123732679,0.15859590470056828,13.781778753249045,0.9929460505517108,0.2478248262501629,24.95853864533829,0.7552269611425074,0.10252165175409766,13.574945767495949,1.4654350310825832,0.0,0.0,51.919,0.6560000000000059,1.2635066158316903,1.1349127894759328,0.17444823895731454,15.371069833547502,0.9653872211993104,0.2753836556025633,28.52571970114535,0.7414553959815091,0.11629321691509598,15.684451954484254,1.4654350310825832,0.0,0.0,53.57,-0.9949999999999974,-1.8573828631963023,,,,,,,,,,,,,,,,,,,,,,,,,,,,,,,,,,,,,,,,,,,,,,93.10344827586206,1.253694442129994,90.80459770114942,1.2240068552298216,67.81609195402298,0.8274032271367474,97.70114942528735,1.4834956132120511,54.02298850574713,-0.029386141250994806,BTPS 3.3 06/15/33,100.0,0.0,100.0,0.0,100.0,0.0,100.0,0.0,100.0,0.0,0.9847811365448704,-0.005502023286413915,falling,60.91954022988506,100.0,1.0,1.0,1.0,1,1,1.39494842472311,1.450115089796768,0.9509559436820366,1.9217763188150556,Top Decile,Top Decile,Above Median,Top Decile,Tight,6.075951734186447,"['Issue_Age', 'AMT_OUTSTANDING', 'GREEN_BOND_LOAN_INDICATOR']","[0.6111342104427783, 0.23646942423600276, 0.11684063013568655]",0.9644442648144675,1.479129857919942,52.05237842933326
2026-06-01,IT0005706285,BTPS 3.8 07/01/36,2036-07-01,3.618547869439837,STRONG BUY,2.650098904275652,0.9767327804155871,1.0932802201602725,0.47106538535190906,1.9324781819086416,73.584,1.8138974934145244,0.11858068849411718,6.537342284825797,2.426885628440383,0.22321327583526918,9.19751933505673,1.0877683033992993,0.005511916760973179,0.5067179005930336,0.47106538535190906,0.0,0.0,73.307,0.277000000000001,0.3778629598295043,1.4541802008073803,0.4782979811012613,32.89124535917759,2.063982936424331,0.5861159678513208,28.397326095485198,1.06545738062951,0.027822839530762478,2.6113516857134718,0.47106538535190906,0.0,0.0,74.17,-0.5859999999999985,-0.7900768503721058,,,,,,,,,,,,,,,,,,,,,,,,,,,,,,,,,,,,,,,,,,,,,,100.0,1.8641928610684526,100.0,2.614293490052956,87.35632183908046,1.067129862350712,65.51724137931035,0.439220120335231,70.11494252873564,0.4847617658791711,BTPS 3.8 07/01/36,100.0,0.0,100.0,0.0,100.0,0.0,100.0,0.0,100.0,0.0,0.0,0.9767327804155871,rising,54.02298850574713,100.0,1.0,1.0,1.0,1,1,2.0587961128573253,3.097226476212373,1.2120816144027269,0.6177566954394521,Top Decile,Top Decile,Above Median,Top Decile,Tight,8.197772050081653,"['Issue_Age', 'GREEN_BOND_LOAN_INDICATOR', 'Cpn']","[0.6321009484179836, 0.1267943359413902, 0.1257051198635804]",0.8846004042229543,0.4294566777718002,72.92197358085015
2026-06-01,IT0005707614,BTPS 3.15 06/01/31,2031-06-01,2.7989829542394133,STRONG BUY,1.8345753263969635,0.9655872809841619,1.003394843249241,0.7283051528257195,1.5283235385141811,33.218,1.1432540425979183,0.3850694959162628,33.68188330854678,1.1937973498514483,0.6407779765455153,53.675606773435256,0.8382347822144739,0.1651600610347671,19.703317324546056,0.7283051528257195,0.0,0.0,32.209,1.0090000000000003,3.132664782162544,,,,,,,,,,,,,,,,,,,,,,,,,,,,,,,,,,,,,,,,,,,,,,,,,,,,,,,,,,,,,97.70114942528735,1.46822274626291,97.70114942528735,1.8097884290557358,81.60919540229885,0.9756435467255712,72.41379310344827,0.7093703467822987,40.229885057471265,-0.5031050730572979,BTPS 3.15 06/01/31,100.0,0.0,100.0,0.0,100.0,0.0,100.0,0.0,100.0,0.0,,,stable,21.839080459770116,100.0,1.0,1.0,,1,0,1.628223588622177,2.144106872522824,1.1124288348604892,0.9551017724323613,Top Decile,Top Decile,Below Median,Top Decile,Very Tight,4.519965275706284,"['Issue_Age', 'AMT_OUTSTANDING', 'GREEN_BOND_LOAN_INDICATOR']","[0.5888205836053809, 0.20651900113590124, 0.10991613234339956]",0.9052557170846818,0.701003266049232,32.59649393645953
2026-06-01,ES0000011868,SPGB 6 01/31/29,2029-01-31,-2.289049093436073,STRONG SELL,-1.744100992564087,0.9836927550238415,-1.7046127306880552,0.8729290229080459,-1.580458078402695,-11.158,-1.5144589070527852,-0.06599917134990974,-4.357937386531918,-1.651176289030573,-0.0929247035335139,-5.627788116149148,-1.6823387988959027,-0.022273931792152535,-1.323986088555529,0.8729290229080459,0.0,0.0,-14.923,3.7650000000000006,25.229511475420825,-1.6535097869063757,0.07305170850368081,4.417978571421619,-1.8718721705380827,0.12777117797399584,6.825849505240638,-1.7268035507944162,0.022190820106360976,1.285080747468003,0.8729290229080459,0.0,0.0,-9.375,-1.7829999999999995,-19.01866664638008,-1.0992089391758895,-0.48124913922680546,-43.78140658221648,-0.9573837565801502,-0.7867172359839367,-82.17365527244652,-1.4481023644398714,-0.2565103662481838,-17.713551940511284,0.8729290229080459,0.0,0.0,-8.237,-2.9209999999999994,-35.461939983656734,-1.5163510151514101,-0.06410706325128479,-4.227719188232395,-1.6354677013318055,-0.10863329123228138,-6.642337875556,-1.6790420353595021,-0.02557069532855305,-1.5229335917599416,0.8729290229080459,0.0,0.0,4.608,-15.765999999999998,-342.144096479722,-1.8070200405458208,0.22656196214312585,12.5378775999022,-2.1541603804410396,0.41005938787695273,19.03569435667684,-1.759909705634742,0.05529697494668673,3.1420347564103834,0.8729290229080459,0.0,0.0,19.109,-30.267000000000003,-158.39133384353377,4.0,-1.5251557023380364,4.0,-1.6949897717738769,4.0,-1.71488217395683,72.0,0.7625427951342358,10.0,-1.1818984453773662,SPGB 6 01/31/29,100.0,0.0,100.0,0.0,100.0,0.0,100.0,0.0,100.0,0.0,0.9874337307652825,-0.003740975741441055,falling,48.0,100.0,-1.0,-1.0,-1.0,1,1,1.6860425211832684,2.101718027747287,1.9279263782796299,1.0048764614776218,Bottom Decile,Top Decile,Bottom Quartile,Top Decile,Very Tight,2.692420398338413,"['Issue_Age', 'Cpn', 'AMT_OUTSTANDING']","[0.677463991994066, 0.2600970314424868, 0.03477234222899361]",0.9723333656655464,0.7702845525960356,-11.811479309684367
2026-06-01,ES00000120N0,SPGB 4.9 07/30/40,2040-07-30,0.7628582499144656,NO ACTION,-0.22113967887683536,0.9930142116601647,-0.38903785629260096,0.5959032917515533,-0.4172193845869889,56.754,-0.49893467946093395,0.08171529487394508,16.377954189201212,-0.3460400138788486,0.12490033500201322,36.094187487902225,-0.46007064374916695,0.071032787456566,15.43953887902041,0.5959032917515533,0.0,0.0,57.458,-0.7040000000000006,-1.2252427858217765,-0.30967612398424116,-0.10754326060274771,-34.72765537954578,-0.06835706723578466,-0.1527826116410507,-223.50664747419833,-0.2983907109892142,-0.09064714530338674,-30.37867431094257,0.5959032917515533,0.0,0.0,58.287,-1.5330000000000013,-2.630089041702253,0.6284712732974331,-1.045690657884422,-166.38638640701961,0.4417922540488742,-0.6629319329257095,-150.0551247435087,0.5134165319280051,-0.902454388220606,-175.7743108220994,0.5959032917515533,0.0,0.0,55.467,1.286999999999999,2.3202985554797793,0.5865565830982432,-1.003775967685232,-171.13028469822487,0.38233893630691435,-0.6034786151837497,-157.83864579134982,0.4805597121450537,-0.8695975684376547,-180.9551504974386,0.5959032917515533,0.0,0.0,83.852,-27.098000000000006,-32.31646233455178,0.4124006762858612,-0.8296200608728501,-201.1684481770691,0.1258083373366099,-0.3469480162134453,-275.7750368385011,0.3347541113712994,-0.7237919676639004,-216.215998984249,0.5959032917515533,0.0,0.0,100.438,-43.684000000000005,-43.4934984723418,44.0,-0.3993264635678293,38.0,-0.214912723189579,40.0,-0.3983368243469619,56.00000000000001,0.48341736555247766,74.0,0.7018066193340504,SPGB 4.9 07/30/40,100.0,0.0,100.0,0.0,100.0,0.0,100.0,0.0,100.0,0.0,0.9781902084605978,0.014824003199566893,rising,94.0,100.0,-1.0,-1.0,-1.0,1,1,0.4450922379330216,0.2664829913676073,0.44000395620248495,0.6859769528607439,Below Median,Top Decile,Above Median,Top Decile,Tight,11.705718921268726,"['Issue_Age', 'Cpn', 'AMT_OUTSTANDING']","[0.7019863853490739, 0.21634153370398157, 0.0412382176922335]",0.9595661367452888,0.4883252868138301,56.5115939355092
2026-06-01,ES00000121S7,SPGB 4.7 07/30/41,2041-07-30,0.3898322254422837,NO ACTION,-0.42677170957698085,0.9928426373362327,-0.848257624186531,1.2187658250607245,-0.6553202293409552,60.052,-0.7012923779476032,0.045972148606648,6.55534687053851,-0.5023016266062956,0.07552991702931477,15.036765068021305,-0.8884005684238804,0.04014294423734943,4.518563496274101,1.2187658250607245,0.0,0.0,61.003,-0.9510000000000005,-1.558939724020305,-0.5565188807078931,-0.09880134863306211,-17.753458199305076,-0.28316665447641454,-0.14360505510056631,-50.71396923295942,-0.7663926136817915,-0.08186501050473949,-10.681863052315869,1.2187658250607245,0.0,0.0,61.542,-1.490000000000002,-2.421110785736393,0.6548325911845001,-1.3101528205254553,-200.0744645510277,0.17647243045842376,-0.6032441400354046,-341.8347581460045,0.7068451286603541,-1.555102752846885,-220.0061467203677,1.2187658250607245,0.0,0.0,58.189,1.8629999999999995,3.2016360475001044,-0.36587805957472674,-0.2894421697662285,-79.10891464543299,-0.007283250337599165,-0.41948845923938166,-5759.624670750966,-0.6013882134901742,-0.2468694106963567,-41.04992433400887,1.2187658250607245,0.0,0.0,86.887,-26.835,-30.884942507983364,-0.7306093404120403,0.07528911107108505,10.304975022373364,-0.5396134387029639,0.112841729125983,20.911585765183176,-0.9091507859765198,0.060893161789988826,6.6978065750449485,1.2187658250607245,0.0,0.0,103.736,-43.684000000000005,-42.110742650371066,36.0,-0.6297700468367079,32.0,-0.41475446989567244,28.000000000000004,-0.8578953501568295,86.0,1.1110008447278918,76.0,0.7932846983689522,SPGB 4.7 07/30/41,100.0,0.0,100.0,0.0,100.0,0.0,100.0,0.0,100.0,0.0,0.9865927658376146,0.006249871498618109,rising,90.0,100.0,-1.0,-1.0,-1.0,1,1,0.6990997020162011,0.5142785879800545,0.9593840406119183,1.4029881668694222,Below Median,Top Decile,Top Quartile,Top Decile,Tight,12.118843543415636,"['Issue_Age', 'Cpn', 'YAS_RISK']","[0.7135120511399649, 0.2216455202605332, 0.05311430511636996]",0.988271876516868,1.122280341609405,59.95280515592348
2026-06-01,ES0000012411,SPGB 5 3/4 07/30/32,2032-07-30,-3.762020321204318,MODERATE SELL,-1.54714241884772,0.9897091684498608,-1.6356300314810153,1.280885649440692,-1.4598942000298116,12.587,-1.5559089904372252,0.09601479040741356,6.170977247411803,-1.716900450741044,0.16975803189332384,9.887470810046457,-1.6766595003668092,0.04102946888579395,2.447096064055234,1.280885649440692,0.0,0.0,11.289,1.298,11.497918317390452,-1.3807515813326046,-0.07914261869720707,-5.731850623530636,-1.417237837059994,-0.12990458178772601,-9.166039564721483,-1.5962905002063186,-0.03933953127469669,-2.464434325905509,1.280885649440692,0.0,0.0,13.81,-1.2230000000000008,-8.855901514224552,-1.115946853464987,-0.3439473465648246,-30.82112220799445,-0.9897500453138225,-0.5573923735338976,-56.31647813923726,-1.4394310452222796,-0.19619898625873566,-13.630314946097801,1.280885649440692,0.0,0.0,14.211,-1.6240000000000006,-11.42776721453257,-1.3007868292661324,-0.1591073707636792,-12.23162519490458,-1.2889693233791706,-0.2581730954685495,-20.029421087290046,-1.5514655976693748,-0.08416443381164052,-5.424834001836049,1.280885649440692,0.0,0.0,35.114,-22.526999999999997,-64.15389871158116,-1.5692775679647157,0.10938336793490411,6.9703008231832095,-1.7371892554987258,0.19004683665100575,10.939903925577484,-1.681618497619042,0.04598846613802676,2.7347740245283445,1.280885649440692,0.0,0.0,47.87,-35.283,-73.70587004936164,8.0,-1.4084691270604506,10.0,-1.5035772507468608,6.0,-1.6458485874904585,90.0,1.1735915022571262,40.0,-0.5232729187904215,SPGB 5 3/4,100.0,0.0,100.0,0.0,100.0,0.0,100.0,0.0,100.0,0.0,0.9855940200865247,0.004115148363336041,rising,76.0,100.0,-1.0,-1.0,-1.0,1,1,1.5574242248594004,1.8643743263997459,1.8499065658894576,1.4744977027794552,Bottom Decile,Top Decile,Below Median,Top Decile,Very Tight,6.064801861242586,"['Issue_Age', 'Cpn', 'AMT_OUTSTANDING']","[0.7024651396228078, 0.2559968531094173, 0.0326727875843524]",0.9911347803165776,1.1855064542148104,12.257073427024975
2026-06-01,ES00000124C5,SPGB 5.15 10/31/28,2028-10-31,0.3717815648314619,NO ACTION,-0.20444826105484853,0.9783420763599054,-0.1692351512690464,0.865439995046709,-0.3429539892788162,-10.564,-0.38431049256484057,0.04135650328602436,10.761221202651553,-0.26339860243774676,0.05895034138289823,22.380657527886907,-0.20184263599462293,0.032607484725576535,16.154903521451654,0.865439995046709,0.0,0.0,-14.277,3.712999999999999,26.006864168938243,-0.6048143251014556,0.2618603358226394,43.295986987264975,-0.5899325835794246,0.38548432252457604,65.3437912602259,-0.38452212136459,0.21528697009554362,55.98818703400359,0.865439995046709,0.0,0.0,-8.768,-1.7959999999999994,-20.483576618974013,-0.43316623641735125,0.09021224713853504,20.826241168296495,-0.3357176250537906,0.13126936399894207,39.101122578177744,-0.24328766330937437,0.07405251204032798,30.438250747772095,0.865439995046709,0.0,0.0,-6.96,-3.604,-51.781609121003434,0.7198948392477638,-1.06284882852658,-147.63945451716697,0.5967776458424048,-0.8012259068972534,-134.25869736464105,0.38849966818320963,-0.557734819452256,-143.5612050080613,0.865439995046709,0.0,0.0,5.526,-16.09,-291.16901865514114,0.45807107034702477,-0.801025059625841,-174.86916201280417,0.22767128112233487,-0.4321195421771834,-189.7997503536764,0.18121912381892485,-0.3504542750879712,-193.38701587556812,0.865439995046709,0.0,0.0,22.239,-32.803,-147.5021358210791,48.0,-0.3274494241336381,40.0,-0.19869131020644734,48.0,-0.17837197493965676,70.0,0.7549970046756428,12.0,-1.165422405672475,SPGB 5.15 10/31/28,100.0,0.0,100.0,0.0,100.0,0.0,100.0,0.0,100.0,0.0,0.9830836925716778,-0.0047416162117723815,falling,36.0,100.0,-1.0,-1.0,-1.0,1,1,0.3658654516910146,0.2463691023814206,0.19140588732552766,0.9962554308786653,Below Median,Top Decile,Bottom Quartile,Top Decile,Very Tight,2.40385140545456,"['Issue_Age', 'Cpn', 'YAS_RISK']","[0.5840780939503567, 0.31545459259854114, 0.07245553380218005]",0.971988220351078,0.7626621530868284,-11.270716485669638
2026-06-01,ES00000124H4,SPGB 5.15 10/31/44,2044-10-31,-2.510209169557257,STRONG SELL,-2.025430682532124,0.9900069535231131,-1.7066074111470537,-0.5626665978037255,-1.8244513658518986,67.67,-1.8359858030487255,0.011534437196826897,0.6282421745772381,-2.050488550623862,0.025057868091737934,1.2220437886331863,-1.7095717279402878,0.0029643167932340564,0.1733952853482183,-0.5626665978037255,0.0,0.0,69.085,-1.414999999999992,-2.0482014906204995,-1.824154260754552,-0.00029710509734659496,-0.016287279102972962,-2.0252080075414867,-0.00022267499063755025,-0.010995166358657216,-1.70657970725179,-2.770389526363104e-05,-0.0016233578181887877,-0.5626665978037255,0.0,0.0,68.867,-1.1970000000000027,-1.738132922627949,-1.3196206025062682,-0.5048307633456304,-38.255750066440584,-1.1788401590452329,-0.8465905234868913,-71.81554766432524,-1.4906832514604413,-0.21592415968661238,-14.484912071466393,-0.5626665978037255,0.0,0.0,64.715,2.9549999999999983,4.566174765577348,-1.1967737622669,-0.6276776035849987,-52.447473209248805,-0.9749704520270811,-1.0504602305050432,-107.74277492684338,-1.412198116177894,-0.2944092949691597,-20.84759139045006,-0.5626665978037255,0.0,0.0,95.602,-27.932000000000002,-29.216961985186824,-1.8222032074210095,-0.0022481584308891023,-0.12337583478043428,-2.0208856284425063,-0.004545054089617917,-0.2249040719157559,-1.7060533332417758,-0.0005540779052779499,-0.032477173558073676,-0.5626665978037255,0.0,0.0,114.225,-46.55499999999999,-40.75727729999936,2.0,-1.7613022288715647,2.0,-1.9683976472496527,2.0,-1.7168783258546527,26.0,-0.6839338287664557,82.0,1.0045885207121548,SPGB 5.15 10/31/44,100.0,0.0,100.0,0.0,100.0,0.0,100.0,0.0,100.0,0.0,0.988996562136333,0.0010103913867800518,rising,78.0,100.0,-1.0,-1.0,-1.0,1,1,1.946336079832048,2.440732616734543,1.9301823728547671,0.6477163720700579,Bottom Decile,Top Decile,Top Quartile,Top Decile,Tight,14.338529528633616,"['Issue_Age', 'Cpn', 'AMT_OUTSTANDING']","[0.514715124382076, 0.28584373117469447, 0.10561250468772546]",0.9061713602444958,-0.6908775043949074,67.68687151174609
2026-06-01,ES00000127A2,SPGB 1.95 07/30/30,2030-07-30,-2.961032893899948,WEAK SELL,-1.171163228544796,0.965663088437406,-1.4073222306114528,0.043733051349753485,-1.1958820612139365,-0.308,-1.2750873424925093,0.07920528127857285,6.2117533456625,-1.295475833198174,0.12431260465337801,9.595902949952686,-1.4510112734425777,0.04368904283112496,3.0109374978443375,0.043733051349753485,0.0,0.0,-3.239,2.931,90.49089197131556,-1.4075966537045892,0.21171459249065272,15.040856372410744,-1.512506368897874,0.341343140353078,22.568046331269446,-1.52409414914867,0.11677191853721713,7.661726005330519,0.043733051349753485,0.0,0.0,0.741,-1.049,-141.56545018130296,-1.365850218518184,0.16996815730424752,12.44412848168914,-1.4409215581912838,0.2697583296464878,18.72123615896054,-1.5012384355559762,0.09391620494452346,6.255915256003323,0.043733051349753485,0.0,0.0,1.576,-1.8840000000000001,-119.54314644959933,-1.3196259497358078,0.12374388852187135,9.377194166947517,-1.3657020841242467,0.19453885557945072,14.244604033077824,-1.4753907012747847,0.06806847066333188,4.613589481291946,0.043733051349753485,0.0,0.0,19.22,-19.528,-101.60249734568028,-1.3253215788711978,0.12943951765726136,9.766649750835759,-1.3804829032450612,0.20931967470026525,15.162786347584959,-1.4806267374796562,0.07330450686820345,4.950910618964801,0.043733051349753485,0.0,0.0,33.36,-33.668,-100.92326136063451,14.000000000000002,-1.1529475502341366,12.0,-1.1381850603402817,10.0,-1.4173723681854928,46.0,-0.07293801310131821,26.0,-0.8809472150775831,SPGB 1.95 07/30/30,100.0,0.0,100.0,0.0,100.0,0.0,100.0,0.0,100.0,0.0,0.9759417823898016,-0.010278693952395557,falling,10.0,100.0,-1.0,-1.0,-1.0,1,1,1.2757744308946115,1.4113029471123748,1.5916891868101783,0.05034351331744953,Bottom Quartile,Top Decile,Below Median,Top Decile,Very Tight,3.7894993146096567,"['Issue_Age', 'Cpn', 'AMT_OUTSTANDING']","[0.6443506462282558, 0.15219764486325316, 0.13757008730753084]",0.9341183783990398,-0.0736785202712452,-0.9023555355484458
2026-06-01,ES00000128C6,SPGB 2.9 10/31/46,2046-10-31,-4.035405440570671,WEAK SELL,-1.1112370168857548,0.9928979996435002,-0.9645031687137348,1.383556429922116,-1.0424574253566286,71.663,-1.0317200276656289,-0.010737397690999684,-1.040727842728938,-1.101107569490739,-0.010129447395015756,-0.9199325827636764,-0.9605969194815288,-0.0039062492322059494,-0.4066481072674574,1.383556429922116,0.0,0.0,73.663,-2.0,-2.7150672654229306,-0.9416033202963585,-0.10085410506027004,-10.71089086192244,-0.9535481641661422,-0.15768885271961264,-16.537061995583834,-0.9016984381505384,-0.06280473056319635,-6.965158994341655,1.383556429922116,0.0,0.0,73.021,-1.358000000000004,-1.8597389789430854,-0.7212280858432751,-0.3212293395133534,-44.53921600735274,-0.6282270320741165,-0.48300998481163837,-76.88462171525788,-0.7307377004771891,-0.23376546823654565,-31.990338651592403,1.383556429922116,0.0,0.0,67.337,4.325999999999993,6.42440263058579,-0.7196453281072565,-0.3228120972493721,-44.857109489294004,-0.621930573072119,-0.48930644381363586,-78.67541123265454,-0.727108490197622,-0.23739467851611273,-32.64914087121672,1.383556429922116,0.0,0.0,97.559,-25.896,-26.543937512013866,-1.1448658497782267,0.10240842442159814,8.945015134038131,-1.2860642386547172,0.17482722176896237,13.593972614652786,-1.0273356031721945,0.06283243445845976,6.116057270169631,1.383556429922116,0.0,0.0,120.279,-48.616,-40.41935832186672,22.0,-1.0044570109199458,18.0,-1.0799462792970453,20.0,-0.9742266468688351,100.0,1.277040469209524,86.0,1.115344120950591,SPGB 2.9 10/31/46,100.0,0.0,100.0,0.0,100.0,0.0,100.0,0.0,100.0,0.0,0.9852168661278401,0.007681133515660132,rising,92.0,100.0,-1.0,-1.0,-1.0,1,1,1.1121000738285143,1.3390892393538325,1.0908583911296537,1.5926876676904822,Bottom Quartile,Top Decile,Top Quartile,Top Decile,Tight,12.50392956977251,"['Issue_Age', 'YAS_RISK', 'AMT_OUTSTANDING']","[0.7526194033953543, 0.13876174946449701, 0.10448539498010967]",0.995866547839961,1.2900056924659855,71.61547695950975
2026-06-01,ES00000128E2,SPGB 3.45 07/30/66,2066-07-30,1.1220408830799755,NO ACTION,0.6985145074118656,0.9855007665199793,0.9583964976563053,-0.6478466522787627,0.7858174706405097,108.654,0.7426382504875635,0.043179220152946174,5.814300508109798,0.6395575642037686,0.05895694320809697,9.218394963345828,0.9255119739780902,0.03288452367821515,3.5531170041547115,-0.6478466522787627,0.0,0.0,110.308,-1.6540000000000106,-1.4994379372756887,0.8534575643135295,-0.06764009367301982,-7.925419576646851,0.8022961020725264,-0.10378159466066084,-12.935572427562644,1.0145799972514362,-0.056183499595130915,-5.537611543059645,-0.6478466522787627,0.0,0.0,108.741,-0.0870000000000033,-0.08000662123026515,1.2272971231314804,-0.44147965249097076,-35.971700786469206,1.3928411746619067,-0.6943266672500411,-49.84966519485705,1.2519469718722849,-0.2935504742159796,-23.447516425733564,-0.6478466522787627,0.0,0.0,102.099,6.554999999999993,6.420239178990948,1.1797250588357464,-0.39390758819523675,-33.38977856798267,1.3179485093417431,-0.6194340019298775,-46.99986326015658,1.226542499915315,-0.26814600225900964,-21.861941195786475,-0.6478466522787627,0.0,0.0,135.518,-26.864000000000004,-19.823196917027765,0.8804551498831127,-0.09463767924260302,-10.748722201272228,0.8424908779661203,-0.14397637055425472,-17.08936827813437,1.0366877056720054,-0.07829120801570011,-7.552053220284366,-0.6478466522787627,0.0,0.0,169.126,-60.47200000000001,-35.75559050437215,68.0,0.7650210380532446,74.0,0.6788454054820309,78.0,0.9500915069642427,22.0,-0.7697594998977458,98.0,2.1413797854684966,SPGB 3.45 07/30/66,100.0,0.0,100.0,0.0,100.0,0.0,100.0,0.0,100.0,0.0,0.9731435252453726,0.01235724127460669,rising,56.00000000000001,100.0,1.0,1.0,1.0,1,1,0.8383149717755429,0.8417405523703293,1.0839517125608842,0.7457718032484104,Above Median,Top Decile,Top Decile,Top Decile,Moderate,17.383854150688904,"['Issue_Age', 'AMT_OUTSTANDING', 'YAS_RISK']","[0.48043258178410764, 0.23653395273349304, 0.1852791497603242]",0.9022456842779248,-0.7775745253496226,108.46620854207288
2026-06-01,ES00000128Q6,SPGB 2.35 07/30/33,2033-07-30,-1.0167601357463063,MODERATE SELL,-1.6971792148584983,0.9960399620517325,-1.2860345771462243,0.6470923637626907,-1.438149904510282,21.501,-1.571490444411845,0.13334053990156303,8.484972945729272,-1.9393581504515984,0.2421789355931001,12.487581743885121,-1.3306655524163211,0.04463097527009685,3.3540339910091777,0.6470923637626907,0.0,0.0,20.458,1.0430000000000028,5.098250070828907,-1.432696326810201,-0.005453577700080814,-0.3806513327327148,-1.689715825057377,-0.007463389801121378,-0.4416949670633789,-1.284206120058809,-0.0018284570874151918,-0.1423803425803192,0.6470923637626907,0.0,0.0,23.05,-1.5489999999999995,-6.720173532876278,-1.4974035417755147,0.059253637265232806,3.9570920741422078,-1.8036488439469167,0.1064696290884184,5.903013153332556,-1.3090288102152376,0.02299423306901338,1.7565872281736734,0.6470923637626907,0.0,0.0,21.572,-0.07099999999999795,-0.32913035401022117,-1.0367000520900411,-0.4014498524202408,-38.72381869167608,-1.0407273838679783,-0.6564518309905201,-63.076251750301715,-1.07482007965447,-0.21121449749175425,-19.65114901784678,0.6470923637626907,0.0,0.0,43.833,-22.331999999999997,-50.9479159421103,-0.48264036029772545,-0.9555095442125565,-197.97547056064397,-0.21547792591822418,-1.481701288940274,-687.6348070749077,-0.6356856358268468,-0.6503489413193775,-102.3066897276653,0.6470923637626907,0.0,0.0,58.531,-37.03,-63.26561991709255,10.0,-1.3874241224517705,6.0,-1.6493892396811243,16.0,-1.2959952430651018,60.0,0.5349944217896431,50.0,-0.2760213734547287,SPGB 2.35 07/30/33,100.0,0.0,100.0,0.0,100.0,0.0,100.0,0.0,100.0,0.0,0.9898214792466912,0.0062184828050413365,rising,96.0,100.0,-1.0,-1.0,-1.0,1,1,1.5342272749750006,2.045175232050115,1.454512183338623,0.7449035003794802,Bottom Quartile,Top Decile,Above Median,Top Decile,Very Tight,6.13602544213947,"['Issue_Age', 'Cpn', 'YAS_RISK']","[0.7596844314737357, 0.15929604023968214, 0.042944805454868624]",0.9619252771682864,0.5404259819372711,21.26000261174713
2026-06-01,ES0000012932,SPGB 4.2 01/31/37,2037-01-31,2.056316419415282,WEAK BUY,0.49188411188010356,0.9772780887301434,0.9775121853883765,1.1438455249889845,0.8801541909758732,43.237,0.9092814358855509,-0.029127244909677663,-3.20332555354306,0.5321531662857402,-0.040269054405636606,-7.567192342381904,0.9990935197989322,-0.021581334410555764,-2.160091499631572,1.1438455249889845,0.0,0.0,43.49,-0.2530000000000001,-0.581742929275295,0.992975369085862,-0.11282117810998882,-11.361931069615498,0.6577251456735697,-0.1658410337934661,-25.21433646910311,1.0743095954403425,-0.09679741005196607,-9.01019683355529,1.1438455249889845,0.0,0.0,44.893,-1.6559999999999988,-3.6887710770746476,0.9215859671751679,-0.04143177619929472,-4.495703843746712,0.5526231869120257,-0.06073907503192216,-10.991046950494091,1.0100088545328973,-0.03249666914452087,-3.217463755582951,1.1438455249889845,0.0,0.0,42.426,0.8109999999999999,1.911563663340507,-0.5496151476536719,1.4297693386295451,260.14008506120626,-0.23185208746030955,0.7237361993404131,312.1542600943295,-0.8320508454571661,1.8095630308455426,217.48226313057359,1.1438455249889845,0.0,0.0,66.871,-23.633999999999993,-35.34267469675304,-0.7548762565170909,1.635030447492964,216.5958210657224,-0.5384174520529493,1.0303015639330528,191.35738280192152,-1.0030946948163073,1.9806068802046837,197.44963966960472,1.1438455249889845,0.0,0.0,81.071,-37.833999999999996,-46.667735682714195,74.0,0.8563239139014124,68.0,0.47803340637352293,80.0,0.9692212959850444,80.0,1.035512691137909,66.0,0.32687963500574,SPGB 4.2 01/31/37,100.0,0.0,100.0,0.0,100.0,0.0,100.0,0.0,100.0,0.0,0.97331281991151,0.003965268818633461,rising,28.000000000000004,100.0,1.0,1.0,1.0,1,1,0.938953972561409,0.5927418824417017,1.1055716605726185,1.3167433015330312,Above Median,Top Decile,Above Median,Top Decile,Very Tight,9.116820985364171,"['Issue_Age', 'Cpn', 'AMT_OUTSTANDING']","[0.8090250986157853, 0.14255388670810523, 0.033240054455404]",0.9848190397792944,1.0460257904086103,42.84348017053947
2026-06-01,ES0000012B39,SPGB 1.4 04/30/28,2028-04-30,0.2144841377118602,NO ACTION,-0.29546623417221923,0.9530940803836887,-0.5637386198265731,-1.3901786127494125,-0.738411497978273,-14.967,-0.5378245050724814,-0.20058699290579163,-37.2959928906846,-0.00720002335790361,-0.28826621081431564,-4003.678823208235,-0.3918082458189881,-0.17193037400758504,-43.881253509628785,-1.3901786127494125,0.0,0.0,-18.382,3.415000000000001,18.577956686661977,-0.7367281452781292,-0.0016833527001437476,-0.22849034451632283,-0.2915074428866947,-0.00395879128552451,-1.3580411911675008,-0.5613560848338802,-0.0023825349926929196,-0.4244248908347513,-1.3901786127494125,0.0,0.0,-12.326,-2.641,-21.42625343061313,-1.4260859940506108,0.6876744960723378,48.22110967494866,-1.3447108451658845,1.0492446109936653,78.02752591479822,-1.069196188915904,0.5054575690893309,47.27453853669068,-1.3901786127494125,0.0,0.0,-12.712,-2.255000000000001,-17.739144101841458,0.14776285040575235,-0.8861743483840253,-599.7273915452214,0.0,-0.29546623417221923,-2954662341.7221923,-0.00017213042127215352,-0.563566489405301,-327387.65552008495,-1.3901786127494125,0.0,0.0,-2.392,-12.575000000000001,-525.71070014335,0.4258408746920856,-1.1642523726703586,-273.4007969930363,0.2442371961264623,-0.5397034302986815,-220.97510811650508,0.5348039390717136,-1.098542558898287,-205.41033042203276,-1.3901786127494125,0.0,0.0,17.589,-32.556,-185.0929557194309,32.0,-0.710189121800202,36.0,-0.2871463561810079,34.0,-0.5731664613979407,10.0,-1.517717916950308,4.0,-1.2875503565489674,SPGB 1.4 04/30/28,100.0,0.0,100.0,0.0,100.0,0.0,100.0,0.0,100.0,0.0,0.9591700816290254,-0.006076001245336693,falling,4.0,100.0,-1.0,-1.0,-1.0,1,1,0.7877419848935605,0.3560497434482921,0.6375914810749443,1.6003108254411356,Below Median,Top Decile,Bottom Decile,Top Decile,Very Tight,1.808611347196632,"['Issue_Age', 'Cpn', 'AMT_OUTSTANDING']","[0.38907185698435587, 0.28526710621644713, 0.1936950179454786]",0.8680339811462816,-1.5331266311672995,-15.665557248250323
2026-06-01,ES0000012B47,SPGB 2.7 10/31/48,2048-10-31,-4.054479522450819,WEAK SELL,-1.1179301255660874,0.9880538317481431,-0.9196782661767908,-0.11836030655903293,-1.0526022830068864,76.568,-1.1007255961473035,0.04812331314041707,4.37196271910631,-1.2009184136568527,0.0829882880907653,6.910401777171684,-0.9495430652712442,0.029864799094453387,3.14517580847212,-0.11836030655903293,0.0,0.0,78.443,-1.875,-2.3902706420725535,-0.9962096595351511,-0.05639262347173535,-5.6607183403519,-1.0313198480193924,-0.08661027754669504,-8.398003478089382,-0.8864612957554094,-0.03321697042138139,-3.747142735471699,-0.11836030655903293,0.0,0.0,77.632,-1.0640000000000072,-1.3705688374162077,-0.8126248558360283,-0.23997742717085813,-29.531144967360724,-0.7548537739362241,-0.3630763516298633,-48.09889800599301,-0.7554495750525624,-0.16422869112422844,-21.739199328940234,-0.11836030655903293,0.0,0.0,71.166,5.402000000000001,7.590703424726598,-0.7032984594193331,-0.3493038235875533,-49.66651269352971,-0.5901060852759181,-0.5278240402901693,-89.44561740942069,-0.6596495052300955,-0.26002876094669536,-39.41923020378382,-0.11836030655903293,0.0,0.0,102.428,-25.86,-25.247002770214493,-0.8372881153558802,-0.2153141676510062,-25.715660013629027,-0.7840450133622088,-0.3338851122038786,-42.584941203004384,-0.7704650862855805,-0.1492131798912103,-19.366637192335958,-0.11836030655903293,0.0,0.0,127.981,-51.413,-40.172369332934394,20.0,-1.0142756125762895,16.0,-1.0864509202570025,22.0,-0.9293686778316506,44.0,-0.23625994702333725,88.0,1.2513962669985574,SPGB 2.7 10/31/48,100.0,0.0,100.0,0.0,100.0,0.0,100.0,0.0,100.0,0.0,0.9759071409266475,0.012146690821495554,rising,70.0,100.0,-1.0,-1.0,-1.0,1,1,1.1229226711523062,1.347154728241862,1.0401611797050356,0.13625103864484114,Bottom Quartile,Top Decile,Top Quartile,Top Decile,Tight,12.781913749540765,"['Issue_Age', 'YAS_RISK', 'AMT_OUTSTANDING']","[0.6252177811765959, 0.2220165757023573, 0.07941365767252888]",0.926648014551482,-0.238658589066066,76.49008329537948
2026-06-01,ES0000012B88,SPGB 1.4 07/30/28,2028-07-30,0.4187827990426331,NO ACTION,-0.17725164919505718,0.9706886817476499,-0.17937477693562334,-1.6963590949822347,-0.622732569255997,-12.644,0.20725147408174233,-0.8299840433377392,-400.4719421021777,0.0578349972662727,-0.23508664646132987,-406.4781134702545,0.10525504300538985,-0.2846298199410132,-270.41915025821896,-1.6963590949822347,0.0,0.0,-15.929,3.285,20.622763500142653,-0.6494653848642058,0.026732815608208838,4.116126250852564,-0.21703948191023748,0.0397878327151803,18.33207052089655,-0.20139937367040095,0.022024596734777607,10.935781596443135,-1.6963590949822347,0.0,0.0,-10.091,-2.553000000000001,-25.29977204905385,-0.8300052160713032,0.20727264681530622,24.97245081171333,-0.4806621180705266,0.3034104688754694,63.12343976285783,-0.34847935362629345,0.1691045766906701,48.52642490245607,-1.6963590949822347,0.0,0.0,-9.202,-3.442,-37.40491193500879,0.1509413951300141,-0.7736739643860111,-512.5657626677076,0.0,-0.17725164919505718,-1772516491.9505715,-0.00017213042127215352,-0.1792026465143512,-104102.59553799531,-1.6963590949822347,0.0,0.0,2.506,-15.15,-604.549079790307,-0.71537909942003,0.09264653016403301,12.95068991309281,-0.31109997474889295,0.13384832555383577,43.024214759082234,-0.25364892013806223,0.07427414320243889,29.282261573904982,-1.6963590949822347,0.0,0.0,18.661,-31.305,-167.7562830674903,38.0,-0.5982303974579507,42.0,-0.17226051340867726,46.0,-0.18851908042025597,4.0,-1.8262190741388735,6.0,-1.223116282080175,SPGB 1.4 07/30/28,100.0,0.0,100.0,0.0,100.0,0.0,100.0,0.0,100.0,0.0,0.969792017806985,0.0008966639406648991,rising,18.0,100.0,-1.0,1.0,-1.0,0,1,0.6643349832805823,0.21359599481307037,0.20287385974914338,1.9527719665940062,Below Median,Top Decile,Bottom Decile,Top Decile,Very Tight,2.031203873433185,"['Issue_Age', 'Cpn', 'AMT_OUTSTANDING']","[0.3675101516924017, 0.3224066424849998, 0.16400630892422283]",0.8539231031016243,-1.8447598632385829,-13.267424591866504
2026-06-01,ES0000012E51,SPGB 1.45 04/30/29,2029-04-30,-1.2898786627565766,WEAK SELL,-1.1659448900481213,0.9624541909743695,-0.9162706870593349,-0.39840291943501527,-1.1202736031081373,-8.194,-1.2451220757049768,0.12484847259683951,10.0270065104621,-1.3636634341702367,0.19771854412211542,14.499071964374863,-0.9849209395232077,0.0686502524638728,6.970128160752985,-0.39840291943501527,0.0,0.0,-12.18,3.985999999999999,32.72577994029081,-0.4703952793624871,-0.6498783237456502,-138.1557890654924,-0.1831169631116619,-0.9828279269364594,-536.7213700813776,-0.4113117880847535,-0.5049588989745815,-122.76791021455975,-0.39840291943501527,0.0,0.0,-6.373,-1.8210000000000006,-28.573670126198547,-0.8225205290080656,-0.2977530741000717,-36.20007768549496,-0.7053441206107877,-0.46060076943733363,-65.30156691578048,-0.7059427142160243,-0.21032797284331062,-29.793914665936626,-0.39840291943501527,0.0,0.0,-5.945,-2.2490000000000006,-37.83010927194263,-0.44290765288726447,-0.6773659502208729,-152.93615509047677,-0.14338502353957003,-1.0225598665085514,-713.1566253923951,-0.38795740437731,-0.5283132826820249,-136.17816366004828,-0.39840291943501527,0.0,0.0,9.397,-17.591,-187.19804172906453,-0.6284200097901029,-0.49185359331803435,-78.26828837857795,-0.41142104369238436,-0.7545238463557369,-183.39456369189296,-0.540107197166491,-0.37616348989284387,-69.64607857507988,-0.39840291943501527,0.0,0.0,25.26,-33.454,-132.43863811067354,18.0,-1.079770640553958,14.000000000000002,-1.1331136622875153,24.0,-0.9259585850062035,38.0,-0.5184251245824204,14.000000000000002,-1.0996846714963933,SPGB 1.45 04/30/29,100.0,0.0,100.0,0.0,100.0,0.0,100.0,0.0,100.0,0.0,0.9802233936408244,-0.017769202666454986,falling,8.0,100.0,-1.0,-1.0,-1.0,1,1,1.1951148568954584,1.4050146208399237,1.0363071889725095,0.4586234452264105,Bottom Quartile,Top Decile,Bottom Quartile,Top Decile,Very Tight,2.693760356144992,"['Cpn', 'Issue_Age', 'YAS_RISK']","[0.4039673379813107, 0.343117767361357, 0.16665664187007753]",0.9137417472127451,-0.5236884640333026,-8.958870227410266
2026-06-01,ES0000012E69,SPGB 1.85 07/30/35,2035-07-30,-1.0059532822866402,MODERATE SELL,-1.6868295182719062,0.9772481374840353,-1.493148898138926,1.2488515371220146,-1.489031506716972,32.674,-1.3687345913023974,-0.12029691541457455,-8.788914615010679,-1.4843044846147402,-0.202525033657166,-13.644439829694955,-1.4413426139954868,-0.05180628414343924,-3.594307368766294,1.2488515371220146,0.0,0.0,32.888,-0.21399999999999864,-0.6506932617821981,-1.2796950323515097,-0.2093364743654622,-16.358309396963435,-1.3390451107877925,-0.34778440748411366,-25.972568219322117,-1.3931378362363507,-0.10001106190257536,-7.178834612293501,1.2488515371220146,0.0,0.0,34.517,-1.8430000000000035,-5.339397976261157,-1.4525438145801823,-0.036487692136789596,-2.5119856295788776,-1.622634290604838,-0.06419522766706809,-3.956235095186837,-1.4786320570206573,-0.014516841118268786,-0.9817750772522628,1.2488515371220146,0.0,0.0,31.964,0.7100000000000009,2.221248904323226,-1.5038630720247812,0.014831565307809269,0.9862310927827451,-1.7115220351295843,0.02469251685767815,1.442722688144435,-1.499160643411186,0.006011745272259894,0.40100740761710807,1.2488515371220146,0.0,0.0,55.667,-22.993000000000002,-41.30454307914842,-0.49374141874923677,-0.9952900879677351,-201.5812386837862,-0.14263498512457595,-1.5441945331473304,-1082.6196837589866,-0.8035712411259066,-0.6895776570130194,-85.81412737785634,1.2488515371220146,0.0,0.0,72.87,-40.196000000000005,-55.16124604704801,6.0,-1.4366693855128374,8.0,-1.6393309747469094,8.0,-1.503262348455701,88.0,1.1413145894776053,57.99999999999999,0.033889050152596294,SPGB 1.85 07/30/35,100.0,0.0,100.0,0.0,100.0,0.0,100.0,0.0,100.0,0.0,0.9721626145488111,0.005085522935224129,rising,26.0,100.0,-1.0,-1.0,-1.0,1,1,1.5885080851013373,2.032703394702109,1.6887596200570671,1.4376214796403375,Bottom Decile,Top Decile,Above Median,Top Decile,Very Tight,7.2369554928265245,"['Issue_Age', 'Cpn', 'AMT_OUTSTANDING']","[0.4286299357284893, 0.3989672595355396, 0.16206123538812436]",0.9896584306521532,1.1529018483117703,32.30137511585597
2026-06-01,ES0000012F43,SPGB 0.6 10/31/29,2029-10-31,-1.2399183812822745,NO ACTION,-0.1459965943553643,0.9670449482670298,-0.2804108829629618,-1.1546209927811575,-0.5416331191536627,-4.187,-0.6792055161125171,0.13757239695885437,20.254899536265572,-0.34531269287578836,0.19931609852042406,57.720465207478796,-0.3933042561632371,0.11289337320027532,28.703826251765097,-1.1546209927811575,0.0,0.0,-7.716,3.529,45.73613265197494,-0.5742114260652535,0.032578306911590804,5.673573332992378,-0.1898932610570796,0.0438966667017153,23.116494048133227,-0.3051781653288627,0.024767282365900922,8.115679418821966,-1.1546209927811575,0.0,0.0,-2.489,-1.6980000000000004,-68.22016846838022,-0.7625054588720215,0.22087233971835873,28.966656468063945,-0.47126510004809313,0.3252685056927288,69.02028152678962,-0.4627025137992347,0.18229163083627292,39.39715507481622,-1.1546209927811575,0.0,0.0,-1.837,-2.3500000000000005,-127.92596555293436,-0.48773151562147854,-0.053901603532184206,-11.051490564097033,-0.06757459606539577,-0.07842199828996853,-116.05246831047025,-0.23148580392696516,-0.04892507903599663,-21.13523857294889,-1.1546209927811575,0.0,0.0,14.41,-18.597,-129.05621087504773,-0.531126594783581,-0.010506524370081705,-1.9781581783806166,-0.12919733992014662,-0.01679925443521768,-13.00278561874593,-0.271102374154301,-0.009308508808660798,-3.4335768892990464,-1.1546209927811575,0.0,0.0,30.319,-34.506,-113.80982218615065,42.0,-0.5197390846613539,48.0,-0.14188555318826768,44.0,-0.28962971891136285,14.000000000000002,-1.2803749033955374,18.0,-0.9885407470898281,SPGB 0.6 10/31/29,100.0,0.0,100.0,0.0,100.0,0.0,100.0,0.0,100.0,0.0,0.9831816395411512,-0.01613669127412143,falling,14.000000000000002,100.0,-1.0,-1.0,-1.0,1,1,0.5778175848214526,0.1759322858335579,0.3171462516314553,1.3291475333337943,Below Median,Top Decile,Bottom Quartile,Top Decile,Very Tight,3.065662481033371,"['Cpn', 'Issue_Age', 'YAS_RISK']","[0.5325592568376056, 0.21644855193044094, 0.12988226883357426]",0.8788900776016207,-1.2933739796775596,-4.660086303314211
2026-06-01,ES0000012F76,SPGB 0 1/2 04/30/30,2030-04-30,-1.5397181335664225,NO ACTION,-0.3245696647273754,0.9612058294988387,-0.423889356534551,-0.5320829553053736,-0.56686685053232,-0.728,-0.7794051059409874,0.21253825540866744,27.269291804951372,-0.6320631352040164,0.30749347047664094,48.64916943976992,-0.5980083382679819,0.17411898173343093,29.116480102281784,-0.5320829553053736,0.0,0.0,-4.117,3.3890000000000002,82.31722107768468,-0.8799826594113597,0.31311580887903967,35.582042665509526,-0.7819339520356317,0.45736428730825623,58.49142120871515,-0.6812862474311789,0.25739689089662793,37.78101907811185,-0.5320829553053736,0.0,0.0,0.19,-0.9179999999999999,-483.1578693074805,-0.8566382558297787,0.2897714052974587,33.82657731461167,-0.7463032130567021,0.4217335483293267,56.509678010232115,-0.6625584142328019,0.23866905769825092,36.022341422134,-0.5320829553053736,0.0,0.0,1.145,-1.873,-163.58078459754773,-0.8755926622322838,0.3087258116999638,35.259067542545935,-0.7736933116935131,0.44912364696613766,58.049311577753436,-0.6772691826179176,0.25337982608336657,37.41198165296014,-0.5320829553053736,0.0,0.0,17.908,-18.636000000000003,-104.06522218892943,-0.517850220863183,-0.049016629669137,-9.465406549579637,-0.25218879617007695,-0.07238086855729847,-28.70106316633443,-0.3833862616587712,-0.0405030948757798,-10.564565783886268,-0.5320829553053736,0.0,0.0,32.666,-33.394,-102.22861687925409,40.0,-0.5441613057759023,34.0,-0.315430278571304,38.0,-0.4332140338950322,28.000000000000004,-0.6531183795484732,24.0,-0.8925969401214457,SPGB 0 1/2,100.0,0.7071067580024627,100.0,0.7071067644524072,100.0,0.7071067583265058,50.0,-0.7071065748093671,50.0,-0.707106780122944,0.9776441581169669,-0.016438328618128217,falling,6.0,50.0,-1.0,-1.0,-1.0,1,1,0.6047370866126873,0.39112065099770993,0.47942119475141515,0.6125098642712241,Below Median,Top Decile,Bottom Quartile,Above Median,Very Tight,3.45396602097452,"['Cpn', 'AMT_OUTSTANDING', 'YAS_RISK']","[0.5535651433300975, 0.23339786192403775, 0.12061785714513044]",0.9075808623992656,-0.6597491996422004,-1.4008098843367387
2026-06-01,ES0000012G00,SPGB 1 10/31/50,2050-10-31,-3.772620721085005,MODERATE SELL,-1.0190256749139635,0.9849032634142879,-1.328033682366253,-0.5967634224385664,-1.2006098882749683,81.245,-1.1782086159822482,-0.022401272292720043,-1.9012992944305227,-0.9869295388991454,-0.03209613601481809,-3.2521202805832696,-1.3145695892680114,-0.013464093098241703,-1.0242206350838237,-0.5967634224385664,0.0,0.0,83.477,-2.2319999999999993,-2.673790385055309,-1.329590169347722,0.1289802810727536,9.700754644264107,-1.2320718354844509,0.21304616057048742,17.29169945334784,-1.4065742254393283,0.07854054307307523,5.583817838703973,-0.5967634224385664,0.0,0.0,81.358,-0.11299999999999955,-0.13889230313688922,-1.3574251451159756,0.15681525684100728,11.552405394138237,-1.2762870834133666,0.25726140849940315,20.15701716542242,-1.4226701885876376,0.09463650622138453,6.652034063505045,-0.5967634224385664,0.0,0.0,73.071,8.174000000000007,11.186380368246459,-1.4288051228580807,0.22819523458311242,15.971053668224638,-1.3945077051111565,0.37548203019719306,26.925776467809886,-1.4642814392739723,0.13624775690771918,9.304751963857376,-0.5967634224385664,0.0,0.0,102.861,-21.616,-21.014767499731214,-1.265702328856841,0.06509244058187269,5.142792154485784,-1.1261020040661809,0.10707632915221743,9.50858162180008,-1.369423301890477,0.04138961952422382,3.0224123662014932,-0.5967634224385664,0.0,0.0,132.982,-51.736999999999995,-38.90526537133557,12.0,-1.1575233316016726,22.0,-0.9903314679127863,12.0,-1.338025330247037,24.0,-0.7182890880553392,90.0,1.3811242765941416,SPGB 1 10/31/50,100.0,0.0,100.0,0.0,100.0,0.0,100.0,0.0,100.0,0.0,0.9635485766570858,0.02135468675720209,rising,52.0,100.0,-1.0,-1.0,-1.0,1,1,1.2808181062483777,1.2279705365888247,1.5020134024484626,0.6869670964560326,Bottom Quartile,Top Decile,Top Decile,Top Decile,Tight,10.47799683644932,"['Cpn', 'AMT_OUTSTANDING', 'YAS_RISK']","[0.5910450584354484, 0.18516908903904614, 0.1283857992996729]",0.9045999467741674,-0.7255815573339949,81.44609746796283
2026-06-01,ES0000012G34,SPGB 1 1/4 10/31/30,2030-10-31,-2.1171827454792886,NO ACTION,-0.6685313524699534,0.9878022641821584,-0.5242882729708205,0.7103599989156787,-0.6863797768791017,2.385,-0.6905257537005316,0.00414597682142992,0.6004087087513731,-0.6760175239258885,0.007486171455935109,1.107393089711755,-0.5283607455746095,0.004072472603789068,0.7707749981090327,0.7103599989156787,0.0,0.0,-0.191,2.5759999999999996,1348.6910288643437,-0.8496017493940914,0.1632219725149897,19.211585982518958,-0.9171214603495734,0.24859010787962,27.105472493721738,-0.6542749495489045,0.12998667657808405,19.867285868269278,0.7103599989156787,0.0,0.0,3.595,-1.2100000000000004,-33.657858042676345,-0.5628503582177928,-0.12352941866130884,-21.9471151902151,-0.49138801736344817,-0.17714333510650526,-36.049583067168165,-0.42131289427501095,-0.10297537869580953,-24.44154395721822,0.7103599989156787,0.0,0.0,5.028,-2.643,-52.56563235368809,0.750000615724539,-1.4363803926036407,-191.51722589778154,0.642587802126165,-1.3111191545961183,-204.03735176021277,0.5085683502568276,-1.032856623227648,-203.0910107553789,0.7103599989156787,0.0,0.0,23.487,-21.101999999999997,-89.84544637891366,0.6387671223815007,-1.3251468992606024,-207.45383287334897,0.48330061668108837,-1.1518319691510417,-238.32618986258663,0.41634208292340025,-0.9406303558942207,-225.92727756385673,0.7103599989156787,0.0,0.0,37.729,-35.344,-93.67860264155462,34.0,-0.6598307273722872,30.0,-0.6497065304004119,36.0,-0.5336870127521124,62.0,0.598741589848641,30.0,-0.8062502875939596,SPGB 1 1/4,100.0,0.0,100.0,0.0,100.0,0.0,100.0,0.0,100.0,0.0,0.9728330311155426,0.014969233066615795,rising,66.0,100.0,-1.0,-1.0,-1.0,1,1,0.7322342207697475,0.8056095384331639,0.5929729217000027,0.8177343442054722,Below Median,Top Decile,Below Median,Top Decile,Very Tight,3.922452136873744,"['Cpn', 'AMT_OUTSTANDING', 'YAS_RISK']","[0.4237675008917127, 0.4218913096010447, 0.11918226939850875]",0.964841079891266,0.6048203466088896,1.9030029585858488
2026-06-01,ES0000012G42,SPGB 1.2 10/31/40,2040-10-31,-0.2062045091704121,WEAK SELL,-0.7553392519722233,0.9751533396576948,-1.0768424640087324,1.3142979537650405,-0.887718272807136,56.742,-0.8150466743362007,-0.0726715984709353,-8.916249813361462,-0.6481274190456378,-0.10721183292658554,-16.541783007772725,-1.0166418996003406,-0.06020056440839183,-5.921511186968253,1.3142979537650405,0.0,0.0,57.907,-1.1649999999999991,-2.01184658124029,-0.9506412886254106,0.06292301581827464,6.6190071806536075,-0.8513916526921506,0.09605240071992727,11.281811289554318,-1.1272912572842422,0.05044879327550977,4.475222574645326,1.3142979537650405,0.0,0.0,57.857,-1.115000000000002,-1.9271652519267946,-1.246973100884477,0.3592548280773411,28.81015035059753,-1.3184819139289912,0.5631426619567679,42.711443496975605,-1.312824243866388,0.23598177985765556,17.97512341523761,1.3142979537650405,0.0,0.0,52.732,4.009999999999998,7.604490630432278,-1.1461453268399078,0.2584270540327718,22.54749425978501,-1.1566338896117512,0.4012946376395279,34.69504376226834,-1.2554217728796466,0.17857930887091422,14.224646354414425,1.3142979537650405,0.0,0.0,81.851,-25.109,-30.676473099818395,1.065065077509721,-1.952783350316857,-183.34873363305448,0.7406754802148041,-1.4960147321870274,-201.97978088260572,1.0682424423775547,-2.145084906386287,-200.8050608372694,1.3142979537650405,0.0,0.0,102.807,-46.065000000000005,-44.80726020165872,28.000000000000004,-0.8546942294298533,28.000000000000004,-0.734070052004288,18.0,-1.0866488127809373,92.0,1.2072570529585585,72.0,0.7014737700470829,SPGB 1.2 10/31/40,100.0,0.0,100.0,0.0,100.0,0.0,100.0,0.0,100.0,0.0,0.9681605632799374,0.006992776377757415,rising,22.0,100.0,-1.0,-1.0,-1.0,1,1,0.9470233821683428,0.9102168565372452,1.2179147522710778,1.512960438303374,Below Median,Top Decile,Above Median,Top Decile,Tight,9.04055131286512,"['Cpn', 'AMT_OUTSTANDING', 'YAS_RISK']","[0.6175624552065886, 0.2940105349703191, 0.08110165626070291]",0.9926746464376104,1.2195137962622646,56.54430566176689
2026-06-01,ES0000012H41,SPGB 0.1 04/30/31,2031-04-30,-2.7249438114443008,WEAK SELL,-1.030538855061466,0.9924491269114056,-0.7769200938820625,-0.4808172494132237,-1.0296462075870039,5.284,-0.9022721314208755,-0.1273740761661284,-14.117035240115348,-0.8386368246319326,-0.19190203042953347,-22.88261408333643,-0.690539348449312,-0.08638074543275054,-12.509170458687358,-0.4808172494132237,0.0,0.0,3.328,1.956,58.77403828493378,-0.911530078486094,-0.11811612910090985,-12.958006608106803,-0.8513297221396425,-0.1792091329218235,-21.050496200974695,-0.6967450209884192,-0.08017507289364334,-11.507089297774403,-0.4808172494132237,0.0,0.0,6.408,-1.1240000000000006,-17.540574254774395,-0.8052074730085012,-0.22443873457850272,-27.8734039753246,-0.6922569430832854,-0.3382819119781806,-48.86652426840729,-0.6100041249172382,-0.1669159689648243,-27.36308811865193,-0.4808172494132237,0.0,0.0,6.929,-1.6450000000000005,-23.74079950390995,-0.7715620202747154,-0.25808418731228844,-33.4495707649581,-0.6440382345746204,-0.38650062048684564,-60.012060423853356,-0.5837685361023521,-0.19315155777971038,-33.087010094895575,-0.4808172494132237,0.0,0.0,26.055,-20.771,-79.71982341979665,-0.740608343177646,-0.28903786440935786,-39.02708674148963,-0.6060637827026958,-0.42447507235877024,-70.03801868213503,-0.5597492589085756,-0.21717083497348688,-38.7978773776581,-0.4808172494132237,0.0,0.0,40.373,-35.089,-86.91204515718127,24.0,-0.9920577985949292,20.0,-1.0015204544874212,30.0,-0.7865051954777508,36.0,-0.6014641085888022,32.0,-0.7258394473507271,SPGB 0.1 04/30/31,100.0,0.0,100.0,0.0,100.0,0.0,100.0,0.0,100.0,0.0,0.9780794888444403,0.01436963806696534,rising,86.0,100.0,-1.0,-1.0,-1.0,1,1,1.0984329869232061,1.241844422548338,0.8787009012927647,0.5534950992901739,Bottom Quartile,Top Decile,Below Median,Top Decile,Very Tight,4.159058870001076,"['Cpn', 'AMT_OUTSTANDING', 'Issue_Age']","[0.5503213648927364, 0.2380723216837288, 0.1215498480559943]",0.9099435346324596,-0.6075705058695576,4.89347692043174
2026-06-01,ES0000012H58,SPGB 1.45 10/31/2071,2071-10-31,-0.6755999227321752,NO ACTION,0.06772109061187484,0.9804297491043666,0.13463502393272533,-1.0743899740576803,0.22240881298865775,111.396,0.434140996627622,-0.21173218363896426,-48.770371931388276,0.38276411894242396,-0.3150430283305491,-82.307354453776,0.31786858720796984,-0.1832335632752445,-57.644437004691426,-1.0743899740576803,0.0,0.0,114.128,-2.7319999999999993,-2.3938034485495403,0.20342847896843114,0.018980334020226614,9.330224157134676,0.04500811883955439,0.02271297177232045,50.46415471589136,0.11959180880444323,0.015043215128282106,12.57879951878715,-1.0743899740576803,0.0,0.0,110.806,0.5900000000000034,0.5324621409912434,-0.5425260404274279,0.7649348534160857,140.99504582562136,-0.22282794071287537,0.2905490313247502,130.39164539063447,-0.22662377030815575,0.3612587942408811,159.4090407236403,-1.0743899740576803,0.0,0.0,100.02,11.376000000000005,11.373725253811871,-0.627096353246647,0.8495051662353048,135.4664475866496,-0.33151959397941394,0.3992406845912888,120.42747391073745,-0.28820952947974154,0.42284455341246685,146.71428092760576,-1.0743899740576803,0.0,0.0,131.798,-20.402,-15.47974931216864,0.25329570726150835,-0.0308868942728506,-12.19400572847517,0.11868004702170436,-0.05095895640982952,-42.93809565705726,0.16715939697251025,-0.03252437303978492,-19.457100039325713,-1.0743899740576803,0.0,0.0,173.949,-62.55300000000001,-35.960540156254964,52.0,0.21973145687531456,52.0,0.06581416810717282,52.0,0.12572235966130424,18.0,-1.1995357789088594,100.0,2.217435847540571,SPGB 1.45 10/31/2071,100.0,0.0,100.0,0.0,100.0,0.0,100.0,0.0,100.0,0.0,0.9634665950751955,0.016963154029171146,rising,38.0,100.0,1.0,1.0,1.0,1,1,0.23726710686547442,0.0816068780446239,0.15227295291607862,1.2367892085675831,Above Median,Top Decile,Top Decile,Top Decile,Moderate,11.953478848545274,"['AMT_OUTSTANDING', 'Cpn', 'Issue_Age']","[0.5463567139535525, 0.23318016908365477, 0.10305078531987104]",0.8825876683570782,-1.2117141315551812,112.34616840437896
2026-06-01,ES0000012I08,SPGB 0 01/31/28,2028-01-31,1.3540673432768138,NO ACTION,0.36393777178302217,0.9011663177330294,0.7906217079383008,-1.573313784774805,0.5501976549992588,-15.96,0.9465157696317127,-0.3963181146324539,-41.87126333875389,0.9377832706612247,-0.5738454988782025,-61.19169649448089,1.10406357895374,-0.3134418710154393,-28.38983860634973,-1.573313784774805,0.0,0.0,-18.741,2.780999999999999,14.83912277101588,0.8068114767160953,-0.25661382171683655,-31.80592070662165,0.7260794199071109,-0.3621416481240887,-49.87631286709477,0.9960737952151701,-0.20545208727686937,-20.62619117189694,-1.573313784774805,0.0,0.0,-12.325,-3.6350000000000016,-29.492900584589947,0.8130123746146689,-0.26281471961541014,-32.32604134806291,0.7419643004004934,-0.37802652861747127,-50.94942213776052,1.0047174105374979,-0.21409570259919708,-21.309046526202504,-1.573313784774805,0.0,0.0,-11.012,-4.948,-44.932800540380676,0.14165826145626442,0.40853939354299434,288.3978389282597,0.0,0.36393777178302217,3639377717.830221,-0.00017213042127215352,0.790793838359573,459388.81322320586,-1.573313784774805,0.0,0.0,-1.63,-14.330000000000002,-879.1410989009752,1.6147012678906711,-1.0645036128914125,-65.92573050304406,2.0639407262124725,-1.7000029544294504,-82.3668492317816,1.4181426395602488,-0.627520931621948,-44.24949294180918,-1.573313784774805,0.0,0.0,19.386,-35.346000000000004,-182.32745270693934,64.0,0.5369786946435499,66.0,0.35368983984551633,70.0,0.782192952891815,6.0,-1.702241150043917,2.0,-1.3150936350455282,SPGB 0 01/31/28,100.0,0.0,100.0,0.0,100.0,0.0,100.0,0.0,100.0,0.0,0.96187327841058,-0.06070696067755066,falling,2.0,100.0,1.0,1.0,1.0,1,1,0.5869542850017366,0.4385609429704224,0.8941975021854297,1.8111277633680094,Above Median,Top Decile,Bottom Decile,Top Decile,Very Tight,1.5513549823985784,"['Cpn', 'AMT_OUTSTANDING', 'YAS_RISK']","[0.5003401615992021, 0.2183867195944332, 0.14086698626776217]",0.8595938674613975,-1.7195232464839032,-16.988248274688324
2026-06-01,ES0000012I24,SPGB 0.85 07/30/37,2037-07-30,3.786426226345832,MODERATE BUY,1.4456137971929754,0.9866882103536344,1.386200048321005,1.1279444426703809,1.4892947567033281,47.262,1.4956760859625329,-0.00638132925920476,-0.42665181829345855,1.4625047141317973,-0.01689091693882183,-1.1549307609142234,1.391214453363766,-0.005014405042760961,-0.36043364806866773,1.1279444426703809,0.0,0.0,47.61,-0.347999999999999,-0.730938878233365,1.2604433565053808,0.22885140019794736,18.156420691271926,1.077904363097855,0.36770943409512036,34.1133632326157,1.2556038860471161,0.13059616227388893,10.401063797669863,1.1279444426703809,0.0,0.0,47.906,-0.6439999999999984,-1.3442992524225952,0.822373167971814,0.6669215887315141,81.09719609001792,0.4204741952410319,1.0251396019519436,243.80558644835168,0.9175609560373591,0.468639092283646,51.074436427646056,1.1279444426703809,0.0,0.0,44.223,3.0390000000000015,6.87198968706963,0.6506659932977109,0.8386287634056172,128.88774873057324,0.16598680754869619,1.2796269896442793,770.9208529580189,0.7743041136278807,0.6118959346931244,79.02527133992027,1.1279444426703809,0.0,0.0,70.141,-22.879000000000005,-32.61858256474551,1.3809122035420909,0.10838255316123724,7.84862007145494,1.272152054211927,0.17346174298104855,13.635299415915714,1.3253899982168078,0.060810050104197266,4.588087259388026,1.1279444426703809,0.0,0.0,87.313,-40.051,-45.8706034558576,96.0,1.4458746768385027,88.0,1.4049075200484715,98.0,1.3782106403834014,78.0,1.0194910876050303,68.0,0.4385228333427563,SPGB 0.85 07/30/37,100.0,0.0,100.0,0.0,100.0,0.0,100.0,0.0,100.0,0.0,0.9790757244674607,0.007612485886173692,rising,62.0,100.0,1.0,1.0,1.0,1,1,1.5887889218263116,1.74202789384001,1.5677998824119015,1.298438693810456,Top Decile,Top Decile,Above Median,Top Decile,Very Tight,7.706173231082403,"['Cpn', 'Issue_Age', 'AMT_OUTSTANDING']","[0.5633896997644123, 0.23201972324581074, 0.18867678679983366]",0.9840862098100568,1.029841526668997,46.94127731926218
2026-06-01,ES0000012I32,SPGB 0 1/2 10/31/31,2031-10-31,-2.779119475304716,WEAK SELL,-0.9221503903428074,0.9915639142352608,-0.8613338627510781,-0.48362799966063247,-0.9981972124422378,8.674,-1.1045922936926222,0.10639508125038444,9.632067948935417,-1.0948851844267682,0.17273479408396075,15.776521133286197,-0.9327545047413383,0.0714206419902601,7.656960203517828,-0.48362799966063247,0.0,0.0,6.897,1.7769999999999992,25.764825248999806,-1.043114156746116,0.04491694430387816,4.306042975525086,-0.9965997967907575,0.07444940644795006,7.470341248378467,-0.8930825267234744,0.031748663972396285,3.5549529485679146,-0.48362799966063247,0.0,0.0,9.594,-0.9199999999999999,-9.589326652502264,-0.7670542913766095,-0.23114292106562828,-30.13384067474792,-0.5830098516457358,-0.3391405386970716,-58.17063501117058,-0.6767705125031679,-0.18456335024791026,-27.271186334367325,-0.48362799966063247,0.0,0.0,10.246,-1.572000000000001,-15.342572696327771,-0.6355827934976064,-0.3626144189446314,-57.05227028628962,-0.386536516103866,-0.5356138742389414,-138.56746725534984,-0.5689192482409171,-0.29241461451016104,-51.39826263120343,-0.48362799966063247,0.0,0.0,30.495,-21.821,-71.55599276223775,-0.9992399055497199,0.0010426931074820622,0.10434862451510828,-0.9257926088389664,0.0036422184961589776,0.3934162383716855,-0.8631900237337575,0.001856160982679378,0.21503503401800075,-0.48362799966063247,0.0,0.0,43.908,-35.234,-80.24505782995239,26.0,-0.9616201949868692,24.0,-0.8961840434311391,26.0,-0.8709812348203344,34.0,-0.6042961627340246,38.0,-0.6318095237824078,SPGB 0 1/2,50.0,-0.7071067580024627,50.0,-0.707106764452407,50.0,-0.7071067583265057,100.0,0.7071065748093688,100.0,0.707106780122944,0.9760281559395396,0.01553575829572118,rising,84.0,100.0,-1.0,-1.0,-1.0,1,1,1.064883003037426,1.1112315788711191,0.974173338382264,0.5567307080150439,Below Median,Above Median,Below Median,Top Decile,Very Tight,4.568526648547078,"['Cpn', 'Issue_Age', 'AMT_OUTSTANDING']","[0.5275375994552961, 0.2343337334829801, 0.147942663215225]",0.9098139961535012,-0.6104313125994886,8.2707474009374
2026-06-01,ES0000012J07,SPGB 1 07/30/42,2042-07-30,-0.426091576861161,WEAK SELL,-0.8765528437529249,0.9812918828687369,-1.3076990232425718,-0.8220811018478963,-1.1593320311283741,62.688,-1.1298831436119392,-0.02944888751643493,-2.6063657487320335,-0.8370021384291946,-0.039550705323730284,-4.725281219164761,-1.288694151091556,-0.019004872151015872,-1.474738749100739,-0.8220811018478963,0.0,0.0,63.983,-1.2949999999999946,-2.023975118074484,-1.5413235653466575,0.38199153421828336,24.783344673902757,-1.4920376577227026,0.6154848139697777,41.25129192677772,-1.538527878581147,0.2308288553385751,15.003228544101912,-0.8220811018478963,0.0,0.0,62.829,-0.14099999999999824,-0.22441866013712836,-1.7786696615666204,0.6193376304382463,34.820272720608365,-1.8991199932127028,1.022567149459778,53.844261959745666,-1.628897984931895,0.32119896168932316,19.7187891868424,-0.8220811018478963,0.0,0.0,57.018,5.670000000000002,9.944228136738536,-1.8266969848004873,0.6673649536721131,36.533971182506,-1.9825505575452935,1.1059977137923687,55.786608013825656,-1.6415309611722202,0.3338319379296484,20.33662134874363,-0.8220811018478963,0.0,0.0,86.566,-23.878,-27.58357784492947,-1.2617587937175174,0.1024267625891433,8.11777673255487,-1.0360441986020454,0.15949135484912058,15.394261511709562,-1.3781223250033325,0.07042330176076073,5.110090735202433,-0.8220811018478963,0.0,0.0,107.121,-44.43299999999999,-41.47926176552877,16.0,-1.1175729596475068,26.0,-0.8518704541279132,14.000000000000002,-1.3176756706220105,20.0,-0.9453145480909135,80.0,0.8664005917394803,SPGB 1 07/30/42,100.0,0.0,100.0,0.0,100.0,0.0,100.0,0.0,100.0,0.0,0.9674478022209487,0.013844080647788193,rising,42.0,100.0,-1.0,-1.0,-1.0,1,1,1.2367826311645815,1.0562845396242038,1.4790147910852556,0.9463426315240736,Bottom Quartile,Top Decile,Top Quartile,Top Decile,Tight,9.314220572196064,"['GREEN_BOND_LOAN_INDICATOR', 'Cpn', 'Issue_Age']","[0.6723884424246594, 0.1334502222921005, 0.08837711167442217]",0.8942157763911821,-0.954911905777752,62.62460867602254
2026-06-01,ES0000012K20,SPGB 0.7 04/30/32,2032-04-30,-1.5977495680581608,NO ACTION,-0.1709588761378193,0.9913069242315223,-0.3829152954392854,0.08962708065927438,-0.3892324925058008,13.147,-0.41612495446290865,0.02689246195710787,6.46259279152307,-0.2115662290829679,0.04060735294514861,19.193682849003153,-0.4058818246130346,0.02296652917374925,5.658427457253761,0.08962708065927438,0.0,0.0,11.693,1.4540000000000006,12.43479003469188,0.3005507994630989,-0.6897832919688998,-229.50638303091648,0.08228322317715445,-0.25324209931497377,-307.76877565049944,0.32860384662271985,-0.7115191420620053,-216.52793408292897,0.08962708065927438,0.0,0.0,14.44,-1.2929999999999993,-8.954293622607825,-0.3624894313926237,-0.02674306111317709,-7.377611058251719,-0.13175446926474155,-0.039204406873077746,-29.755653919213,-0.36008728574185545,-0.02282800969742993,-6.3395765325181594,0.08962708065927438,0.0,0.0,13.865,-0.718,-5.178507028360254,-0.3559861398033353,-0.033246352702465454,-9.339226461712743,-0.12351906411565794,-0.047439812022161354,-38.4068714583634,-0.3551005845943587,-0.02781471084492665,-7.832910242434307,0.08962708065927438,0.0,0.0,34.726,-21.579,-62.14075906751692,-1.0045703808762898,0.615337888370489,61.253834869025745,-1.0930685459095766,0.9221096697717572,84.35972883735924,-0.8677334625570324,0.48481816711774706,55.871783496963346,0.08962708065927438,0.0,0.0,47.515,-34.368,-72.33084287649567,46.0,-0.37223962268571203,46.0,-0.16614493523196197,42.0,-0.39220974699392247,48.0,-0.026696132995887464,42.0,-0.5077399520652714,SPGB 0.7 04/30/32,100.0,0.0,100.0,0.0,100.0,0.0,100.0,0.0,100.0,0.0,0.9774213642927602,0.013885559938762171,rising,82.0,100.0,-1.0,-1.0,1.0,1,0,0.41523564715755445,0.20601292787181738,0.4330793061871323,0.10317464685207102,Below Median,Top Decile,Below Median,Top Decile,Very Tight,4.936635289205071,"['Cpn', 'Issue_Age', 'AMT_OUTSTANDING']","[0.385512877285853, 0.29085748533251543, 0.25986312464013206]",0.9362334872585004,-0.0269671669472121,12.831996034687837
2026-06-01,ES0000012K46,SPGB 1.9 10/31/52,2052-10-31,-1.3602816366505408,WEAK SELL,-0.17253420196194724,0.9873592636934841,-0.5755127753137185,-2.1613281983584023,-0.8170110146251083,87.603,-0.8450204060535607,0.02800939142845238,3.314640794036985,-0.2150238313286373,0.04248962936669007,19.760427078293116,-0.5997259797743419,0.024213204460623472,4.0373778814778625,-2.1613281983584023,0.0,0.0,89.488,-1.8850000000000051,-2.1064276772185795,-0.8529005977464968,0.03588958312138857,4.2079443718787735,-0.22440766000770979,0.051873458045762544,23.115724183571967,-0.6039923796449781,0.028479604331259623,4.715225691502455,-2.1613281983584023,0.0,0.0,88.066,-0.46300000000000807,-0.525742057033854,-0.7529254713403795,-0.06408554328472882,-8.511538641332992,-0.08673728843869902,-0.08579691352324822,-98.91582406602691,-0.5234848600081683,-0.052027915305550176,-9.938761994160087,-2.1613281983584023,0.0,0.0,80.832,6.771000000000001,8.376633015590778,0.2972105969623724,-1.1142216115874808,-374.89294980933977,0.024031315857481996,-0.19656551781942924,-817.9553595384745,0.48224964975614987,-1.0577624250698683,-219.33917498349862,-2.1613281983584023,0.0,0.0,113.055,-25.452000000000012,-22.51293617951326,0.7752991738629328,-1.592310188488041,-205.38009346976813,0.7198657058106451,-0.8923999077725924,-123.96755230489833,0.8845379128828244,-1.4600506881965427,-165.06366210258653,-2.1613281983584023,0.0,0.0,142.857,-55.254000000000005,-38.67783867513123,30.0,-0.7862608983535981,44.0,-0.1676759022863311,32.0,-0.584949302461478,2.0,-2.2947123804476726,92.0,1.5574789238057563,SPGB 1.9 10/31/52,100.0,0.0,100.0,0.0,100.0,0.0,100.0,0.0,100.0,0.0,0.9925991594366015,-0.00523989574311734,falling,64.0,100.0,-1.0,-1.0,-1.0,1,1,0.8715924387726987,0.20791126443504476,0.6509081157198532,2.4880233960178213,Below Median,Top Decile,Top Decile,Top Decile,Tight,12.142209790231108,"['Issue_Age', 'Cpn', 'AMT_OUTSTANDING']","[0.3930029211718182, 0.24309839952352133, 0.19639284524991307]",0.8324941659452526,-2.3180095734804613,87.63275658726378
2026-06-01,ES0000012K53,SPGB 0.8 07/30/29,2029-07-30,1.9416345202743144,STRONG BUY,1.7490672469364799,0.9710321374732284,1.624481251485562,-1.1061303818916128,1.5175299341898436,-2.988,1.343973128112412,0.1735568060774315,12.913710933329305,1.4505232679254287,0.2985439790110511,20.581812340029142,1.5470765681183054,0.07740468336725659,5.003287132780665,-1.1061303818916128,0.0,0.0,-6.844,3.8560000000000003,56.34132078266902,1.3743765458690438,0.14315338832079982,10.415878218344702,1.5022132954340393,0.2468539515024406,16.432683069007723,1.5632279390571424,0.06125331242841958,3.918386468548262,-1.1061303818916128,0.0,0.0,-1.513,-1.475,-97.48843293133886,1.2568206376003868,0.26070929658945685,20.743556138039423,1.3077496577505934,0.4413175891858865,33.74633540874675,1.4987055669875864,0.1257756844979756,8.3922877467892,-1.1061303818916128,0.0,0.0,-0.416,-2.572,-618.2692159069901,1.2901507101162282,0.22737922407361544,17.62423727152833,1.3666691624609626,0.38239808447551726,27.98029634245226,1.5181814053580878,0.10629984612747423,7.001788129674982,-1.1061303818916128,0.0,0.0,14.215,-17.203,-121.02004915862112,0.6266179139123154,0.8909120202775282,142.17787048207646,0.35310287668101553,1.3959643702554643,395.34210081849153,1.0392641679315455,0.5852170835540165,56.310714444019226,-1.1061303818916128,0.0,0.0,29.201,-32.189,-110.23252624559687,98.0,1.4732018183316327,98.0,1.6998161840063806,100.0,1.6166676191774816,16.0,-1.2315167610896873,22.0,-0.9552835558336585,SPGB 0.8 07/30/29,100.0,0.0,100.0,0.0,100.0,0.0,100.0,0.0,100.0,0.0,0.9827282946157202,-0.011696157142491836,falling,20.0,100.0,1.0,1.0,1.0,1,1,1.6189103850185114,2.1077025816173545,1.837297234366869,1.2733273323703227,Top Decile,Top Decile,Bottom Quartile,Top Decile,Very Tight,2.865444866985456,"['Cpn', 'Issue_Age', 'AMT_OUTSTANDING']","[0.37265972399222586, 0.3194855486471713, 0.1889795819525249]",0.8811248545919221,-1.2440198024079288,-3.804112009890834
2026-06-01,ES0000012K61,SPGB 2.55 10/31/32,2032-10-31,-1.4356742496259791,NO ACTION,-0.06790088970908882,0.9961765408772207,-0.15779344252506766,-0.12420688674824093,-0.29356762817993304,16.525,-0.2943417661805919,0.0007741380006588416,0.2630064990108211,-0.07361634963787064,0.005715459928781821,7.763844825928616,-0.16153346838569027,0.003740025860622609,2.3153255275619236,-0.12420688674824093,0.0,0.0,15.346,1.1789999999999985,7.682783782299753,0.38890779401627784,-0.6824754221962108,-175.48514458908767,0.2996513559050705,-0.36755224561415933,-122.65996001853694,0.29228403993178476,-0.4500774824568524,-153.98633027080834,-0.12420688674824093,0.0,0.0,17.94,-1.4150000000000027,-7.8874024482233125,0.47085379399009564,-0.7644214221700287,-162.3479338368281,0.4214737511696309,-0.4893746408787197,-116.11034564065324,0.36162688977725455,-0.5194203323023222,-143.63431830493283,-0.12420688674824093,0.0,0.0,17.542,-1.017000000000003,-5.797514533235956,-0.7733044758182994,0.4797368476383664,62.03725135910933,-0.7743176344581865,0.7064167447490977,91.23087273097062,-0.5608851186143945,0.40309167608932683,71.86706431049808,-0.12420688674824093,0.0,0.0,38.877,-22.352000000000004,-57.494148196235784,-0.5269919906934898,0.23342436251355675,44.293720247439104,-0.4109949743145898,0.343094084605501,83.47889821032095,-0.3564857793575522,0.19869233683248455,55.73639756876755,-0.12420688674824093,0.0,0.0,52.797,-36.272,-68.70087314265946,50.0,-0.2796513156137068,50.0,-0.06598890433635402,50.0,-0.16692182585909004,42.0,-0.24215084098500683,44.0,-0.4140428777839196,SPGB 2.55 10/31/32,100.0,0.0,100.0,0.0,100.0,0.0,100.0,0.0,100.0,0.0,0.988358014733347,0.007818526143873794,rising,98.0,100.0,-1.0,-1.0,1.0,1,0,0.31317977409089537,0.08182354382579048,0.17846525177647518,0.142981357672045,Above Median,Top Decile,Below Median,Top Decile,Very Tight,5.645979739573903,"['Issue_Age', 'AMT_OUTSTANDING', 'Cpn']","[0.5299141116059705, 0.2920631930092704, 0.10440125977590899]",0.92637856439115,-0.2446092906510918,16.129655580314815
2026-06-01,ES0000012K95,SPGB 3.45 07/30/43,2043-07-30,1.4705874014289293,NO ACTION,0.16899873792004144,0.9856422028782141,0.7240215437239543,-1.3001668660404317,0.44487828995686823,67.833,0.47069801070782014,-0.025819720750951902,-5.485410946093434,0.21079022850523632,-0.04179149058519488,-19.826103372503525,0.7476252624887727,-0.02360371876481837,-3.157159025168298,-1.3001668660404317,0.0,0.0,69.261,-1.4279999999999973,-2.0617663617242328,0.426313203607593,0.01856508634927523,4.354799653562642,0.14526594784313251,0.023732790076908927,16.337475365382655,0.7100310766156994,0.013990467108254911,1.9704020530902724,-1.3001668660404317,0.0,0.0,68.918,-1.085000000000008,-1.5743347163913266,0.6467804333907509,-0.20190214343388263,-31.216488608624164,0.4655913109713281,-0.29659257305128667,-63.70234145098064,0.8898016529829601,-0.16578010925900577,-18.631130526689123,-1.3001668660404317,0.0,0.0,64.705,3.128,4.834247738994786,1.022054909804695,-0.5771766198478268,-56.47217274372299,1.0299498417891588,-0.8609511038691173,-83.5915556833696,1.1853191037626745,-0.46129756003872013,-38.91758385422286,-1.3001668660404317,0.0,0.0,95.703,-27.870000000000005,-29.12134415544745,1.3170491511749232,-0.872170861218055,-66.2215873885833,1.5069641007228032,-1.3379653628027617,-88.78548289786526,1.3535371558049007,-0.6295156120809464,-46.50892697923043,-1.3001668660404317,0.0,0.0,116.116,-48.283,-41.58169416432002,57.99999999999999,0.4350463730969786,64.0,0.16423999151335764,68.0,0.7155436589700654,12.0,-1.4270239320895455,84.0,1.0091097235267967,SPGB 3.45 07/30/43,100.0,0.0,100.0,0.0,100.0,0.0,100.0,0.0,100.0,0.0,0.9723942889061665,0.013247913972047609,rising,57.99999999999999,100.0,1.0,1.0,1.0,1,1,0.4745989304421529,0.20365087553267866,0.8188723499822277,1.4966933684077834,Above Median,Top Decile,Top Quartile,Top Decile,Tight,11.911642628961516,"['Issue_Age', 'AMT_OUTSTANDING', 'YAS_RISK']","[0.5280584537849906, 0.17668197345480977, 0.1674419070971695]",0.8721823343369699,-1.4415118706615289,67.96067864066768
2026-06-01,ES0000012L52,SPGB 3.15 04/30/33,2033-04-30,0.0553812743141577,WEAK BUY,0.88020880050883,0.9970672799134559,0.662338820918945,0.27733797841080154,0.844487368571688,21.074,0.8321575169965549,0.01232985157513311,1.4816727813103292,0.8695792345428414,0.01062956596598863,1.2223803675968423,0.6575183431430314,0.004820477775913656,0.7331320491467783,0.27733797841080154,0.0,0.0,19.962,1.1120000000000019,5.5705841070180515,-0.6895992405219025,1.5340866090935905,222.4605969238747,-0.6616346907024417,1.5418434912112717,233.03546346259245,-0.5467976878727159,1.2091365087916608,221.13050466301064,0.27733797841080154,0.0,0.0,22.788,-1.7139999999999986,-7.521502541898579,-0.7189985341989128,1.563485902770601,217.45327794962245,-0.7058389444048327,1.5860477449136627,224.70391227571548,-0.5707892611712284,1.2331280820901735,216.03911362241655,0.27733797841080154,0.0,0.0,21.619,-0.5449999999999982,-2.5209306616767893,-0.38289806331577114,1.227385431887459,320.55147764487447,-0.20968247473096782,1.0898912752397978,519.781743638806,-0.29050895278664285,0.9528477737055878,327.99255643117056,0.27733797841080154,0.0,0.0,43.136,-22.062,-51.145215121674426,0.2971755773295557,0.5473117912421324,184.1711818121809,0.08095460766038307,0.7992541928484469,987.2867242748769,0.2139235721779249,0.4484152487410201,209.61468771968458,0.27733797841080154,0.0,0.0,57.475,-36.400999999999996,-63.33362330346522,72.0,0.8218041272659296,82.0,0.8554234647240464,66.0,0.6538154339630874,52.0,0.16243750723796682,48.0,-0.28786526058265566,SPGB 3.15 04/30/33,100.0,0.0,100.0,0.0,100.0,0.0,100.0,0.0,100.0,0.0,0.9896644004313152,0.00740287948214069,rising,100.0,100.0,1.0,1.0,-1.0,1,0,0.9009043842865179,1.0606901275203806,0.7491088510718994,0.31925895355201234,Above Median,Top Decile,Below Median,Top Decile,Very Tight,6.139821394619105,"['Issue_Age', 'AMT_OUTSTANDING', 'Cpn']","[0.7072567766043721, 0.18055373229933666, 0.05707397258704573]",0.9448844814907544,0.1640866629204573,20.75138034651576
2026-06-01,ES0000012L60,SPGB 3.9 07/30/39,2039-07-30,2.6418383112419974,WEAK BUY,0.8146553067480298,0.98517598715471,0.9027116681759241,-0.4956278011007619,0.8297976941269801,54.715,0.8809311444065461,-0.05113345027956595,-5.80447745817468,0.8952796084277018,-0.08062430167967205,-9.005488343548485,0.9439904721190919,-0.04127880394316785,-4.372798743744134,-0.4956278011007619,0.0,0.0,55.62,-0.904999999999994,-1.6271125491500948,0.8642137949300932,-0.03441610080311308,-3.982359528021775,0.8660147281718619,-0.0513594214238321,-5.93054819508623,0.9292797037339766,-0.02656803555805254,-2.858992310431316,-0.4956278011007619,0.0,0.0,56.051,-1.3359999999999985,-2.3835435581196482,0.8488264790544174,-0.019028784927437314,-2.2417755775547428,0.8416155508550054,-0.026960244106975617,-3.2033918288756973,0.9173116209799842,-0.014599952804060123,-1.591602276803432,-0.4956278011007619,0.0,0.0,52.788,1.9270000000000067,3.6504508593524316,0.8840417061175859,-0.0542440119906058,-6.135910896696965,0.8995023936262836,-0.08484708687825382,-9.432669277613764,0.9459574486828269,-0.043245780506902864,-4.571641156793593,-0.4956278011007619,0.0,0.0,80.757,-26.042,-32.247359358043596,0.707799623825041,0.1219980703019391,17.236243771792548,0.6319957304388973,0.18265957630913243,28.902026488704212,0.8018140816249049,0.10089758655101921,12.583663420849419,-0.4956278011007619,0.0,0.0,96.568,-41.852999999999994,-43.34044403494527,70.0,0.8075868689458691,78.0,0.7917158572504407,76.0,0.89436559981669,32.0,-0.616386915884965,70.0,0.6452499779901558,SPGB 3.9 07/30/39,100.0,0.0,100.0,0.0,100.0,0.0,100.0,0.0,100.0,0.0,0.9865908994451337,-0.0014149122904236755,falling,54.0,100.0,1.0,1.0,1.0,1,1,0.8852333481011428,0.9816952985475792,1.0209718640049623,0.5705443374088984,Above Median,Top Decile,Above Median,Top Decile,Tight,10.416004932170608,"['Issue_Age', 'AMT_OUTSTANDING', 'Cpn']","[0.49002650982985657, 0.23595953001090283, 0.18327492388739933]",0.9092609637281588,-0.6226448177835244,54.65430885592217
2026-06-01,ES0000012L78,SPGB 3.55 10/31/33,2033-10-31,0.8969347023520271,NO ACTION,0.1355615553913298,0.9844113120656254,0.49966154792949297,0.8401233055524221,0.5076982491518567,24.921,0.488081600773692,0.01961664837816468,4.0191328550708905,0.11036176002272736,0.025199795368602437,22.833808630844644,0.48447981332489154,0.015181734604601427,3.133615451808109,0.8401233055524221,0.0,0.0,24.408,0.5129999999999981,2.101769910643318,0.5567686957397934,-0.04907044658793669,-8.813434749845625,0.20773070886513406,-0.07216915347380426,-34.741685711230296,0.5410234635584528,-0.0413619156289598,-7.645124038133072,0.8401233055524221,0.0,0.0,26.794,-1.873000000000001,-6.990370975968366,0.7228098760898415,-0.2151116269379848,-29.76047105576632,0.4497757640176906,-0.3142142086263608,-69.86018962728795,0.6769110698277413,-0.17724952189824833,-26.185052539449398,0.8401233055524221,0.0,0.0,25.857,-0.9359999999999999,-3.6199095008624704,1.0034091456610976,-0.49571089650924094,-49.40266826473604,0.8662974781947064,-0.7307359228033765,-84.35161509312128,0.9080446680142191,-0.40838312008472616,-44.973901612177194,0.8401233055524221,0.0,0.0,47.942,-23.021,-48.01843893704509,1.094496115032909,-0.5867978658810522,-53.61351698375438,1.0138923619143807,-0.8783308065230508,-86.62959016691592,0.9732319335701082,-0.4735703856406152,-48.659560423326866,0.8401233055524221,0.0,0.0,63.13,-38.209,-60.52431489616279,62.0,0.4958460586783407,57.99999999999999,0.13174434898764542,57.99999999999999,0.4910181569628736,68.0,0.7294884289878165,52.0,-0.18115932666899068,SPGB 3.55 10/31/33,100.0,0.0,100.0,0.0,100.0,0.0,100.0,0.0,100.0,0.0,0.9838038314612466,0.0006074806043787628,rising,50.0,100.0,1.0,1.0,1.0,1,1,0.5416156541560742,0.16335760718566947,0.565119960166241,0.9671120014729202,Above Median,Top Decile,Above Median,Top Decile,Very Tight,6.610134777586296,"['Issue_Age', 'AMT_OUTSTANDING', 'Cpn']","[0.6338756604770118, 0.20630250180582269, 0.13064329291279275]",0.9708214551956272,0.7368946001882394,24.717152510260487
2026-06-01,ES0000012M51,SPGB 3 1/2 05/31/29,2029-05-31,0.9946109639657096,NO ACTION,0.15594332668552566,0.9769383908476386,0.6223759520008108,-0.5051581878484496,0.4074463061039393,-5.233,0.9688912249854341,-0.5614449188814948,-57.94715635857056,0.9929072928537103,-0.8369639661681846,-84.29427034756117,1.0751130084029947,-0.452737056402184,-42.11064777865803,-0.5051581878484496,0.0,0.0,-9.029,3.7960000000000003,42.042308071721884,0.9385979124839162,-0.5311516063799769,-56.58989793780187,0.9432451462297834,-0.7873018195442577,-83.46735886682502,1.0549445726508964,-0.4325686206500856,-41.00391885639284,-0.5051581878484496,0.0,0.0,-3.758,-1.4749999999999996,-39.24960074707396,0.7924141897546917,-0.3849678836507524,-48.58164881067593,0.72444680736412,-0.5685034806785944,-78.474149799854,0.94318705915644,-0.3208111071556292,-34.01351838321465,-0.5051581878484496,0.0,0.0,-2.693,-2.5399999999999996,-94.31860343736128,0.9893690501110588,-0.5819227440071195,-58.81756034919845,1.023149587896973,-0.8672062612114473,-84.75850090680204,1.0878013924338479,-0.46542544043303713,-42.78588347024501,-0.5051581878484496,0.0,0.0,12.068,-17.301,-143.36261174729646,0.3811838529694867,0.02626245313445258,6.889707483906489,0.11692665866017861,0.03901666802534705,33.36849366566692,0.5987722332359924,0.02360371876481837,3.9420195293714553,-0.5051581878484496,0.0,0.0,27.216,-32.449,-119.22766015607446,54.0,0.3988181921476623,62.0,0.15155220072420533,64.0,0.6138230851768461,30.0,-0.625989537576182,16.0,-1.0175541099371619,SPGB 3 1/2,50.0,-0.7071067696169311,50.0,-0.707106773044146,50.0,-0.707106767439092,50.0,-0.7071067647844794,50.0,-0.70710678103682,0.9772315679981615,-0.00029317715052290527,falling,24.0,50.0,1.0,1.0,1.0,1,1,0.4346662569402601,0.18791853361657368,0.7039106264241793,0.5815152881508334,Above Median,Above Median,Bottom Quartile,Above Median,Very Tight,2.8762084084107187,"['Issue_Age', 'AMT_OUTSTANDING', 'YAS_RISK']","[0.5355377220280644, 0.2570142998846946, 0.11626971680623413]",0.9088217387189932,-0.632344930617016,-6.011464639758453
2026-06-01,ES0000012M85,SPGB 3 1/4 04/30/34,2034-04-30,1.772130520072878,WEAK BUY,0.9737344057100702,0.9889117894587226,1.276049360751853,1.018366850536866,1.1952928382342756,28.655,1.0545388156948627,0.14075402253941283,13.34744810810227,0.7653591643476645,0.2083752413624057,27.225810880232714,1.1745976962955564,0.10145166445629661,8.637141372960334,1.018366850536866,0.0,0.0,28.211,0.4440000000000026,1.5738541698012025,1.2603258357144997,-0.06503299748022418,-5.160014586811547,1.0771233664809865,-0.1033889607709163,-9.598618229667709,1.3174943880666043,-0.041445027314751304,-3.1457459990396184,1.018366850536866,0.0,0.0,30.656,-2.0009999999999977,-6.527270352776848,1.1707000157684164,0.024592822465859143,2.100693766510944,0.9356770959641336,0.038057309745936574,4.06735502058927,1.2597871742319606,0.01626218651989242,1.2908677531758501,1.018366850536866,0.0,0.0,29.091,-0.43599999999999994,-1.4987453159056938,1.2517831433000224,-0.056490305065746815,-4.512786812701853,1.0649129664473087,-0.09117856073723851,-8.56206683117172,1.3125076869191077,-0.03645832616725464,-2.7777609421136704,1.018366850536866,0.0,0.0,51.459,-22.804000000000002,-44.31489145838145,1.3028857627449415,-0.10759292451066593,-8.25804738691615,1.149450150577979,-0.17571574486790886,-15.286938998690779,1.3447550210062538,-0.06870566025440072,-5.109158074908977,1.018366850536866,0.0,0.0,66.786,-38.131,-57.09430119230164,84.0,1.1613277839035312,84.0,0.9463155316920313,92.0,1.267978696692521,76.0,0.9090829592729947,54.0,-0.07758772354093622,SPGB 3 1/4,100.0,0.0,100.0,0.0,100.0,0.0,100.0,0.0,100.0,0.0,0.987163303320933,0.001748486137789551,rising,74.0,100.0,1.0,1.0,1.0,1,1,1.2751458441502097,1.1733925749964542,1.4432188486515307,1.17229791930219,Top Quartile,Top Decile,Above Median,Top Decile,Very Tight,6.886141692215375,"['Issue_Age', 'AMT_OUTSTANDING', 'Cpn']","[0.8300307372208123, 0.08163027909172292, 0.06737511314051343]",0.9790361294530489,0.9183124737714002,28.445902765374548
2026-06-01,ES0000012M93,SPGB 4 10/31/54,2054-10-31,1.2456713938499178,WEAK BUY,0.7418965401612096,0.9879272777345847,1.2778916697869005,-1.4109766332375644,0.9003920228656483,93.752,0.7696437906646538,0.13074823220099452,16.988148554965573,0.553816300382992,0.18808023977821764,33.96076212492742,1.1677409822177485,0.11015068756915203,9.43280130638869,-1.4109766332375644,0.0,0.0,95.068,-1.3160000000000025,-1.3842723102006727,0.871135514647257,0.02925650821839132,3.358433606554842,0.7044570560825915,0.03743948407861819,5.314658036836092,1.2565873743289837,0.02130429545791679,1.6954089881535188,-1.4109766332375644,0.0,0.0,94.142,-0.39000000000000057,-0.41426780816062314,1.418522241393186,-0.5181302185275376,-36.52605505614464,1.5760919439133751,-0.8341954037521655,-52.928092277921394,1.6028583612321103,-0.32496669144520984,-20.274198723834182,-1.4109766332375644,0.0,0.0,89.965,3.786999999999992,4.20941477194359,1.4317779980581644,-0.5313859751925161,-37.11371261479308,1.596084132239382,-0.8541875920781723,-53.51770432852659,1.6079004701701347,-0.3300088003832342,-20.52420559936119,-1.4109766332375644,0.0,0.0,123.536,-29.784000000000006,-24.109571297102907,1.3867750143505349,-0.4863829914848865,-35.07295581074321,1.5151746252846379,-0.7732780851234282,-51.03557485161845,1.586568470816954,-0.30867680103005357,-19.45562418277149,-1.4109766332375644,0.0,0.0,149.651,-55.899000000000015,-37.352907762904834,78.0,0.8759109023604077,76.0,0.7210058664314822,94.0,1.2698223647648157,8.0,-1.538673574675569,94.0,1.7280364459360205,SPGB 4 10/31/54,100.0,0.0,100.0,0.0,100.0,0.0,100.0,0.0,100.0,0.0,0.9659292547983804,0.02199802293620423,rising,68.0,100.0,1.0,1.0,1.0,1,1,0.960543817663283,0.8940178004760001,1.4453025103077342,1.624252567192658,Top Quartile,Top Decile,Top Decile,Top Decile,Tight,16.335109578639617,"['Issue_Age', 'AMT_OUTSTANDING', 'YAS_RISK']","[0.4467911793479306, 0.24111226129997784, 0.17917202632876178]",0.8670754669766703,-1.5542950423545256,93.5506659091549
2026-06-01,ES0000012N35,SPGB 3.45 10/31/34,2034-10-31,1.3834189641006844,WEAK BUY,0.6014663187012673,0.9866493868052325,0.8331471871683432,1.3697508708611685,0.9358707684508625,31.077,0.954350149418955,-0.01847938096809254,-1.9363313125387325,0.6303440592369375,-0.02887774053567016,-4.581266318667531,0.8514040541472344,-0.018256866978891173,-2.1443246218441807,1.3697508708611685,0.0,0.0,31.056,0.021000000000000796,0.06761978359492148,1.1224662258119082,-0.18659545736104577,-16.623703360313243,0.8811806607352565,-0.27971434203398915,-31.743131837038106,0.9869038058828287,-0.15375661871448543,-15.579696444576355,1.3697508708611685,0.0,0.0,33.206,-2.1290000000000013,-6.411491897123568,1.1318423296294169,-0.1959715611785544,-17.314386846733317,0.8918169755431106,-0.29035065684184325,-32.55720193140543,0.9927493277835058,-0.15960214061516254,-16.076781372778697,1.3697508708611685,0.0,0.0,31.592,-0.514999999999997,-1.6301595335432424,1.2681082036879299,-0.3322374352370674,-26.199454561598483,1.1076846853471114,-0.5062183666458441,-45.70058327719443,1.0824545406479205,-0.24930735347957722,-23.031669397144697,1.3697508708611685,0.0,0.0,54.701,-23.624,-43.18751027528061,1.331212813296354,-0.3953420448454916,-29.69788435980839,1.2124335814883733,-0.610967262787106,-50.39181255586029,1.1200764304162578,-0.2869292432479146,-25.616934067578644,1.3697508708611685,0.0,0.0,70.234,-39.157,-55.75219978133779,80.0,0.9102486606786946,70.0,0.5845299455774917,74.0,0.8247498023801203,98.0,1.2631302718158877,56.00000000000001,-0.010407642454662044,SPGB 3.45 10/31/34,100.0,0.0,100.0,0.0,100.0,0.0,100.0,0.0,100.0,0.0,0.9743656551001141,0.012283731705118428,rising,60.0,100.0,1.0,1.0,1.0,1,1,0.9983927644163475,0.7247932375973344,0.9422940531970417,1.5767953316885592,Top Quartile,Top Decile,Above Median,Top Decile,Very Tight,7.302990658232744,"['Issue_Age', 'AMT_OUTSTANDING', 'Cpn']","[0.7592321085173308, 0.14483055430401542, 0.09116763100651479]",0.995230293827861,1.2759542710320009,30.869420441034944
2026-06-01,ES0000012N43,SPGB 3.1 07/30/31,2031-07-30,-1.1842278952624363,NO ACTION,0.09198499067185846,0.9779136362158696,0.8065514477150267,0.9009445711439079,0.5826515128228078,8.543,0.5745816544374708,0.008069858385337025,1.404475444450113,0.08135459739950486,0.0106303932723536,13.066737843317647,0.8003734790711835,0.006177968643843235,0.7718857168810821,0.9009445711439079,0.0,0.0,6.699,1.8439999999999994,27.526496450923272,0.8199632567671545,-0.23731174394434673,-28.941753071450243,0.44253049546939854,-0.3505455047975401,-79.21386220046263,1.0074046883780936,-0.20085324066306687,-19.93769147458192,0.9009445711439079,0.0,0.0,10.016,-1.4730000000000008,-14.70646963387933,1.779094560337461,-1.1964430475146532,-67.25010954801073,1.975297558137954,-1.8833125674660955,-95.34323323454656,1.579684052843882,-0.7731326051288553,-48.94222986190011,0.9009445711439079,0.0,0.0,12.016,-3.4730000000000008,-28.903129137064642,1.6806353955262203,-1.0979838827034125,-65.33147398258131,1.8004753360471508,-1.7084903453752924,-94.89107135658332,1.5522294926373856,-0.7456780449223589,-48.03916197027443,0.9009445711439079,0.0,0.0,31.25,-22.707,-72.66239997674803,1.302000235131156,-0.7193487223083481,-55.249507440444845,1.1780979284109985,-1.08611293773914,-92.19207523646749,1.3701871968584878,-0.563635749143461,-41.13567447733973,0.9009445711439079,0.0,0.0,44.512,-35.969,-80.80742269931537,66.0,0.568388844806962,54.0,0.0893948337913044,72.0,0.7981344437424831,74.0,0.7907706853870947,36.0,-0.6354431284984697,SPGB 3.1 07/30/31,100.0,0.0,100.0,0.0,100.0,0.0,100.0,0.0,100.0,0.0,0.9690320685152518,0.008881567700617765,rising,34.0,100.0,1.0,1.0,1.0,1,1,0.6215762626515594,0.11084593954217775,0.9122141255285416,1.0371266951607951,Above Median,Top Decile,Below Median,Top Decile,Very Tight,4.746866645768222,"['Issue_Age', 'AMT_OUTSTANDING', 'YAS_RISK']","[0.717002419889704, 0.18395941947140923, 0.0726626732176118]",0.9736245125787252,0.7987990280496076,8.294803469843293
2026-06-01,ES0000012O00,SPGB 2.7 01/31/30,2030-01-31,1.4802882795886547,MODERATE BUY,1.4742704398139042,0.9674731304348948,1.1762599300113887,0.8238443818173936,1.3881265639452696,0.46,1.310420577562652,0.0777059863826175,5.929850852476959,1.3440754490566593,0.13019499075724483,9.686583433985344,1.1324600715992084,0.04379985841218037,3.8676734945330886,0.8238443818173936,0.0,0.0,-2.773,3.233,116.588531855072,1.1830995640755873,0.2050269998696823,17.329648692493173,1.1391135637879983,0.3351568760259058,29.4226040087801,1.0597096426362824,0.11655028737510631,10.998322708975941,0.8238443818173936,0.0,0.0,1.709,-1.249,-73.08367423590595,1.3283296292854396,0.05979693465982994,4.501663810799031,1.3714356998340693,0.10283473997983483,7.498327427413777,1.1413253180836471,0.03493461192774161,3.0608811587839635,0.8238443818173936,0.0,0.0,3.331,-2.871,-86.19033297451116,1.0963563279418267,0.2917702360034429,26.612719414855462,0.9992263205541906,0.47504411925971357,47.541193094485884,1.0051052650711925,0.17115466494019627,17.028531158397637,0.8238443818173936,0.0,0.0,18.451,-17.991,-97.50691014172298,1.4070883135776355,-0.018961749632365965,-1.3475877323858525,1.5031295458647138,-0.028859106050809658,-1.9199347081035683,1.1851805842863552,-0.008920654274966466,-0.7526831200217171,0.8238443818173936,0.0,0.0,32.755,-32.295,-98.59563422421137,92.0,1.3479600269509986,92.0,1.4327572353705438,86.0,1.1681156531375534,66.0,0.7130861202141897,28.000000000000004,-0.8596448607116629,SPGB 2.7 01/31/30,100.0,0.0,100.0,0.0,100.0,0.0,100.0,0.0,100.0,0.0,0.9770853570420183,-0.009612226607123464,falling,16.0,100.0,1.0,1.0,1.0,1,1,1.4808620637132863,1.776560402374721,1.3303564533786798,0.9483724397786326,Top Decile,Top Decile,Below Median,Top Decile,Very Tight,3.428920298412663,"['Issue_Age', 'YAS_RISK', 'Cpn']","[0.8151824094839829, 0.11181202761041968, 0.04307677463094174]",0.9700712117253444,0.7203257660770851,-0.1605466960869032
2026-06-01,ES0000012O59,SPGB 2.4 05/31/28,2028-05-31,3.2535228168667807,MODERATE BUY,1.4630313195840337,0.9666038224675083,1.2594962833316898,0.6242349735501461,1.3716795931238155,-11.202,1.3082871934926732,0.0633923996311423,4.845449795878655,1.3616161254222316,0.101415194161802,7.448148675937478,1.2251434532044898,0.03435283012720003,2.8039842809385473,0.6242349735501461,0.0,0.0,-14.726,3.524000000000001,23.930463110192544,1.2555976145907495,0.11608197853306601,9.245157545666899,1.2722214931388687,0.19080982644516498,14.99816077423565,1.1935610126036764,0.06593527072801342,5.5242479839178955,0.6242349735501461,0.0,0.0,-8.393,-2.8089999999999993,-33.468366456012895,1.344294457605028,0.027385135518787518,2.0371381552716206,1.4191262878897086,0.043905031694325025,3.0938072079710857,1.2458105590713375,0.013685724260352305,1.0985397459385846,0.6242349735501461,0.0,0.0,-7.139,-4.063,-56.91273279603203,0.2569209403412479,1.1147586527825677,433.89168975979635,0.0,1.4630313195840337,14630313195.840336,-0.00017213042127215352,1.259668413752962,731767.9394785666,0.6242349735501461,0.0,0.0,3.664,-14.866,-405.7314399406893,,,,,,,,,,,,,,,,90.0,1.3320419864504243,90.0,1.421834591604737,90.0,1.2514134083737833,57.99999999999999,0.5119637854817461,8.0,-1.1831188927629137,SPGB 2.4 05/31/28,100.0,0.0,100.0,0.0,100.0,0.0,100.0,0.0,100.0,0.0,0.9751107825972127,-0.008506960129704422,falling,12.0,100.0,1.0,1.0,1.0,1,1,1.4633163328087009,1.7630167706103637,1.4244972270036882,0.7185911052217645,Top Decile,Top Decile,Bottom Decile,Top Decile,Very Tight,1.9062893038380933,"['Issue_Age', 'YAS_RISK', 'Cpn']","[0.7462712674530045, 0.13434072914623726, 0.08025985664288109]",0.9608718532421228,0.5171615258337847,-11.89504186968209
2026-06-01,ES0000012O67,SPGB 3.15 04/30/35,2035-04-30,1.4689045525429592,WEAK BUY,0.6833356533976198,0.9881359525124181,0.5574518734499283,1.3345897392947221,0.8932223781183691,33.837,0.8011211313170769,0.09210124680129228,11.496544286657315,0.5537706495774267,0.1295650038201931,23.396870451580444,0.4805181563021579,0.07693371714777042,16.010574114151847,1.3345897392947221,0.0,0.0,33.817,0.020000000000003126,0.05914185171389816,1.0202226800296557,-0.12700030191128653,-12.4482922358446,0.8764807383123202,-0.1931450849147004,-22.036432093529125,0.660621179412585,-0.10316930596265672,-15.617014351960673,1.3345897392947221,0.0,0.0,35.849,-2.0119999999999933,-5.612429912797429,0.9100966390610558,-0.016874260942686625,-1.854117467644316,0.7091366480689194,-0.025800994671299593,-3.6383670732182134,0.5721349379397802,-0.014683064489851905,-2.5663638522213406,1.3345897392947221,0.0,0.0,33.785,0.05200000000000671,0.15391445903393597,0.9015633510622445,-0.008340972943875369,-0.9251676924900569,0.6973543981975905,-0.014018744799970673,-2.0102754976775823,0.5649596290664375,-0.007507755616509182,-1.3289012342395476,1.3345897392947221,0.0,0.0,57.2,-23.363,-40.84440558726496,,,,,,,,,,,,,,,,76.0,0.868971831530839,72.0,0.6640939648194282,60.0,0.5488511133359059,94.0,1.2277026387505645,60.0,0.06614769354786347,SPGB 3.15 04/30/35,100.0,0.0,100.0,0.0,100.0,0.0,100.0,0.0,100.0,0.0,0.9739434791021216,0.014192473410296502,rising,72.0,100.0,1.0,1.0,1.0,1,1,0.9528951959941097,0.8234493689708035,0.6304811363292524,1.5363194252370427,Top Quartile,Top Decile,Above Median,Top Decile,Very Tight,7.536487537146996,"['Issue_Age', 'AMT_OUTSTANDING', 'Cpn']","[0.817849560543431, 0.14520254469066698, 0.030557724624838294]",0.9936098298589364,1.2401669569830172,33.440143224470134
2026-06-01,ES0000012O75,SPGB 3 1/2 01/31/41,2041-01-31,3.674805083647179,MODERATE BUY,1.3840822129699388,0.992800411988788,1.3497832779966465,0.10452101626004356,1.2717791863113581,61.555,1.2008839292629825,0.07089525704837563,5.9035894086389495,1.2832320312333632,0.10085018173657567,7.8590760280303416,1.314820962173641,0.03496231582300546,2.659093257784466,0.10452101626004356,0.0,0.0,62.4,-0.8449999999999989,-1.354166666449651,1.2785499173619368,-0.006770731050578682,-0.5295632892920261,1.3996988169832385,-0.015616604013299673,-1.1157117311413367,1.3553240570494205,-0.0055407790527739476,-0.4088158092578097,0.10452101626004356,0.0,0.0,62.739,-1.1839999999999975,-1.8871834103369183,1.340171279673514,-0.06839209336215579,-5.103235227402696,1.4978731377002372,-0.11379092473029839,-7.5968332101424965,1.3871835366028726,-0.03740025860622609,-2.6961290521227004,0.10452101626004356,0.0,0.0,59.299,2.2560000000000002,3.8044486409881366,1.5530837492794418,-0.2813045629680837,-18.112645972075317,1.864027343375102,-0.4799451304051632,-25.747751476723252,1.4697688483844726,-0.11998557038782609,-8.163567332601588,0.10452101626004356,0.0,0.0,88.693,-27.137999999999998,-30.597679633049097,,,,,,,,,,,,,,,,86.0,1.2353543508409421,86.0,1.3451085712813131,96.0,1.3417670060821787,50.0,-0.011689309783572637,78.0,0.8349740715616318,SPGB 3 1/2,100.0,0.7071067696169311,100.0,0.707106773044146,100.0,0.707106767439092,100.0,0.7071067647844794,100.0,0.70710678103682,0.9760176560471457,0.016782755941642247,rising,88.0,100.0,1.0,1.0,1.0,1,1,1.3567419566382544,1.667879641881685,1.5266123147866484,0.12031987276530438,Top Quartile,Top Decile,Top Quartile,Top Decile,Tight,10.858170018148884,"['Issue_Age', 'AMT_OUTSTANDING', 'YAS_RISK']","[0.584290443057327, 0.2840237995392334, 0.06860565846380873]",0.9369199010603692,-0.0118079861409063,61.42096167232232
2026-06-01,ES0000012P33,SPGB 3.2 10/31/35,2035-10-31,0.9084499232671704,NO ACTION,0.14658965372208996,0.9777844194588531,0.13600636674828695,1.1780497652917319,0.4660577835297813,35.907,0.7133516632182852,-0.24729387968850397,-34.66647503227095,0.5123503106471834,-0.3657606569250934,-71.38878267180101,0.34046111379565686,-0.2044547470473699,-60.052303407798966,1.1780497652917319,0.0,0.0,36.566,-0.659000000000006,-1.802220641633714,0.8054905762234512,-0.33943279269366994,-42.13988325861177,0.6478801521539139,-0.5012904984318239,-77.3739539678535,0.41983277372664807,-0.28382640697836115,-67.60463164857552,1.1780497652917319,0.0,0.0,38.183,-2.2760000000000034,-5.960767879433063,0.6926047346350775,-0.22654695110529627,-32.70941368220922,0.4828408477381929,-0.33625119401610293,-69.64016997054252,0.3241989272757645,-0.18819256052747754,-58.048481623306635,1.1780497652917319,0.0,0.0,35.877,0.02999999999999403,0.08361903166828923,0.37153370680841025,0.09452407672137103,25.441587787337888,0.011484914335879417,0.13510473938621054,1176.3659510070718,0.05095540828820216,0.08505095846008479,166.9124919729623,1.1780497652917319,0.0,0.0,60.532,-24.625,-40.68096212900929,,,,,,,,,,,,,,,,60.0,0.4555447396433281,60.0,0.14246191290880017,54.0,0.1270947140910574,82.0,1.0699761802447338,62.0,0.1235641955497574,SPGB 3.2 10/31/35,100.0,0.0,100.0,0.0,100.0,0.0,100.0,0.0,100.0,0.0,0.9711556608652003,0.0066287585936527504,rising,32.0,100.0,1.0,1.0,1.0,1,1,0.49719334609229743,0.17664694832608893,0.15382394918648565,1.356117677983997,Above Median,Top Decile,Above Median,Top Decile,Very Tight,7.8867255498551,"['Issue_Age', 'AMT_OUTSTANDING', 'Cpn']","[0.7415845397375399, 0.21327813191065945, 0.03153273204561536]",0.9863954036938148,1.0808391719747896,35.639811566696174
2026-06-01,ES0000012P74,SPGB 3 01/31/33,2033-01-31,1.4011862512565578,STRONG BUY,1.7359587838567472,0.9910817508825456,1.1926052282170727,1.3414706810927581,1.6213091606870433,20.929,1.6438932518043115,-0.022584091117268112,-1.3738173664925282,1.777118180964213,-0.041159397107465745,-2.3160753919880728,1.2006116539483316,-0.00800642573125887,-0.6668622312837557,1.3414706810927581,0.0,0.0,19.647,1.282,6.52516923371244,1.776489241778263,-0.1551800810912196,-8.735210806138264,2.0129071687016955,-0.2769483848449483,-13.758626715394657,1.2377348736019194,-0.04512964538484665,-3.6461479742346232,1.3414706810927581,0.0,0.0,22.021,-1.0920000000000023,-4.958902863194732,0.9479179098237167,0.6733912508633266,71.03898309977687,0.6628747476245406,1.0730840362322067,161.88337599061407,0.7861059730102897,0.406499255206783,51.71048993294103,1.3414706810927581,0.0,0.0,22.022,-1.093,-4.963218597328481,,,,,,,,,,,,,,,,,,,,,,,,,,,,,,,100.0,1.5736435317896396,96.0,1.687076835230965,88.0,1.1844730089669344,96.0,1.2346357341972791,46.0,-0.2918871894668464,SPGB 3 01/31/33,100.0,0.0,100.0,0.0,100.0,0.0,100.0,0.0,100.0,0.0,0.9857857501139021,0.00529600076864345,rising,80.0,100.0,1.0,1.0,1.0,1,1,1.7296227101860535,2.0919063099059145,1.3488430755916119,1.5442404546268196,Top Decile,Top Decile,Below Median,Top Decile,Very Tight,5.915634238289869,"['Issue_Age', 'AMT_OUTSTANDING', 'YAS_RISK']","[0.8025033086472584, 0.1569809427063961, 0.034442699080167574]",0.993926950433822,1.247170441060705,20.47820960463773
2026-06-01,ES0000012P90,SPGB 2.35 03/31/29,2029-03-31,3.4976629322173327,MODERATE BUY,1.6042996089817518,0.9774557284235602,1.1150620253734973,0.31709657801605,1.3521770410756235,-4.065,0.9321932074086543,0.41998383366696923,45.05330288011063,0.9282039556467309,0.676095653335021,72.83912570487111,0.8779443858100229,0.23711763956347442,27.008275318472897,0.31709657801605,0.0,0.0,-8.106,4.0409999999999995,49.85196144849251,0.9604125335442869,0.3917645075313366,40.79127351727173,0.9720507658684604,0.6322488431132914,65.0427795346823,0.8965614034273445,0.21850062194615283,24.370959833178198,0.31709657801605,0.0,0.0,-2.234,-1.8310000000000004,-81.96060840662219,1.236734096898771,0.11544294417685252,9.334499916585688,1.4089736009016816,0.19532600808007028,13.862999744549523,1.0574933310151726,0.05756869435832468,5.443882445922532,0.31709657801605,0.0,0.0,-2.68,-1.3850000000000002,-51.67910428477946,,,,,,,,,,,,,,,,,,,,,,,,,,,,,,,88.0,1.3131666314237878,94.0,1.5591249816830661,82.0,1.106872603939074,54.0,0.2024974545506409,20.0,-0.9851567793389918,SPGB 2.35 03/31/29,100.0,0.0,100.0,0.0,100.0,0.0,100.0,0.0,100.0,0.0,0.9643162034710472,0.013139524952513026,rising,30.0,100.0,1.0,1.0,1.0,1,1,1.4425108888211742,1.9332512420326344,1.261141286483142,0.36502725754485166,Top Quartile,Top Decile,Bottom Quartile,Top Decile,Very Tight,2.6702750547542564,"['Issue_Age', 'AMT_OUTSTANDING', 'YAS_RISK']","[0.5655496817121376, 0.3096759304677163, 0.07149121586076802]",0.9467168280406218,0.2045533210407162,-4.728738109008527
2026-06-01,ES0000012Q08,SPGB 3.3 04/30/36,2036-04-30,1.635956771128221,WEAK BUY,0.8433211462080276,0.9806421068456445,0.574323545665626,1.1909961833280216,0.9547228749199557,39.152,0.9594143650440146,-0.004691490124058895,-0.4889951876991279,0.851476691234399,-0.008155545026371391,-0.957811883114144,0.5783683143741511,-0.004044768708525104,-0.6993413259451792,1.1909961833280216,0.0,0.0,39.624,-0.4720000000000013,-1.1911972538887583,0.7709412800572173,0.18378159486273837,23.838597988323933,0.5735520378988814,0.26976910830914613,47.03480866250992,0.4213703399137928,0.15295320575183324,36.29899583184379,1.1909961833280216,0.0,0.0,41.114,-1.9619999999999962,-4.772097094719041,,,,,,,,,,,,,,,,,,,,,,,,,,,,,,,,,,,,,,,,,,,,,,82.0,0.9284944882875522,80.0,0.819574510442637,62.0,0.565735231471657,84.0,1.0830207248104624,64.0,0.21357219023388618,SPGB 3.3 04/30/36,100.0,0.0,100.0,0.0,100.0,0.0,100.0,0.0,100.0,0.0,0.9780845877031724,0.0025575191424720423,rising,40.0,100.0,1.0,1.0,1.0,1,1,1.018504309009096,1.016238889675874,0.6495630904439572,1.3710210096452324,Top Quartile,Top Decile,Above Median,Top Decile,Very Tight,8.232147499892761,"['Issue_Age', 'Cpn', 'YAS_RISK']","[0.9185855303506756, 0.04655357606017864, 0.021852956236179916]",0.986992062647034,1.0940161519931535,38.72679888951338
2026-06-01,ES0000012Q16,SPGB 2.6 05/31/31,2031-05-31,-0.7976074343897173,NO ACTION,0.11746200840857078,0.9827892673795617,0.31770236383638656,0.7558224305422243,0.43129617921229657,7.8,0.600032600970404,-0.16873642175810744,-28.1212085265196,0.3689162009820915,-0.2514541925735207,-68.1602448166007,0.46095920624586484,-0.14325684240947828,-31.077986372891704,0.7558224305422243,0.0,0.0,5.886,1.9139999999999997,32.51783888461121,0.6410732301743375,-0.2097770509620409,-32.72279013003145,0.4277951127370742,-0.3103331043285034,-72.54245965754879,0.4941484727719826,-0.17644610893559604,-35.70710324674101,0.7558224305422243,0.0,0.0,8.879,-1.0789999999999997,-12.152269386020642,,,,,,,,,,,,,,,,,,,,,,,,,,,,,,,,,,,,,,,,,,,,,,56.00000000000001,0.4219010595153824,56.00000000000001,0.11415445761076178,56.00000000000001,0.30892474495037303,64.0,0.6445486010046638,34.0,-0.6560520468498742,SPGB 2.6 05/31/31,100.0,0.0,100.0,0.0,100.0,0.0,100.0,0.0,100.0,0.0,0.9753943453162641,0.007394922063297615,rising,46.0,100.0,1.0,1.0,1.0,1,1,0.46010945011002535,0.14154686093306915,0.35932312170092023,0.8700686419824678,Above Median,Top Decile,Below Median,Top Decile,Very Tight,4.546132683791626,"['Issue_Age', 'AMT_OUTSTANDING', 'YAS_RISK']","[0.5874555502865343, 0.33496877307624345, 0.04451197443270448]",0.9669362977954824,0.6510924159527055,7.4114108526253935
2026-06-01,ES0000012R56,SPGB 3.95 10/31/56,2056-10-31,4.581938154085279,MODERATE BUY,1.9125948811428028,0.9816260444890197,1.1740713222855428,-0.17915516584865637,1.4745460100717345,100.288,1.4846416125063833,-0.010095602434648798,-0.6800026539472419,1.9278413698461905,-0.015246488703387628,-0.79085804790662,1.176453857278236,-0.0023825349926931416,-0.20251835273449467,-0.17915516584865637,0.0,0.0,101.865,-1.5769999999999982,-1.548127423398798,1.457996413756055,0.016549596315679427,1.1350916947412504,1.889586230683023,0.023008650459779956,1.2176554826872095,1.1703312964249204,0.003740025860622387,0.3195698380527189,-0.17915516584865637,0.0,0.0,100.599,-0.31100000000000705,-0.30914820223768846,,,,,,,,,,,,,,,,,,,,,,,,,,,,,,,,,,,,,,,,,,,,,,94.0,1.4316002460777837,100.0,1.8587391297324793,84.0,1.1659254309163312,40.0,-0.29751559697591384,96.0,1.9093283575709865,SPGB 3.95 10/31/56,100.0,0.0,100.0,0.0,100.0,0.0,100.0,0.0,100.0,0.0,0.9608208463850432,0.02080519810397652,rising,44.0,100.0,1.0,1.0,1.0,1,1,1.5730548670640634,2.304760537728611,1.327881125997626,0.20623533459076945,Top Decile,Top Decile,Top Decile,Top Decile,Moderate,16.605081308933478,"['Issue_Age', 'AMT_OUTSTANDING', 'YAS_RISK']","[0.4700173531793169, 0.3300492617717742, 0.1237795591991937]",0.9238461741502848,-0.3005361403573262,99.99467072205208
2026-06-01,FR0000187635,FRTR 5 3/4 10/25/32,2032-10-25,-1.473605486984603,MODERATE SELL,-1.252955309998401,0.971332136844257,-1.5111601432635837,0.7477289775339898,-1.2966985703689227,34.028,-0.8372902966239711,-0.4594082737449515,-54.868457225705434,-0.5718055064018628,-0.6811498035965382,-119.12263594145331,-1.1608729825391113,-0.3502871607244724,-30.174460339395896,0.7477289775339898,0.0,0.0,33.312,0.7160000000000011,2.149375599739024,-0.6530536479930176,-0.6436449223759051,-98.55927066605405,-0.30347226457086657,-0.9494830454275345,-312.8730777037795,-1.0068475952934106,-0.5043125479701731,-50.08827009358669,0.7477289775339898,0.0,0.0,35.65,-1.6219999999999999,-4.549789620042135,-0.5544934492641371,-0.7422051211047855,-133.85281804581766,-0.16320865614354985,-1.089746653854851,-667.7014643918275,-0.930900627219602,-0.5802595160439817,-62.333131254168094,0.7477289775339898,0.0,0.0,31.234,2.793999999999997,8.945380031713706,-1.614364591910284,0.31766602154136137,19.677464506188123,-1.7731311963839238,0.5201758863855228,29.336570498150305,-1.655257455657686,0.14409731239410228,8.70543195748994,0.7477289775339898,0.0,0.0,58.277,-24.249000000000002,-41.609897551073345,-1.5626704604319395,0.2659718900630168,17.020344026178417,-1.6926820667828233,0.4397267567844223,25.978106746435454,-1.6406177520629561,0.1294576087993724,7.890784300456981,0.7477289775339898,0.0,0.0,66.359,-32.330999999999996,-48.72134901841177,9.803921568627452,-1.282703051835381,11.76470588235294,-1.21257557289742,5.88235294117647,-1.507032447873359,74.50980392156863,0.6653108673649825,35.294117647058826,-0.6502462323059603,FRTR 5 3/4,100.0,0.0,100.0,0.0,100.0,0.0,100.0,0.0,100.0,0.0,0.9805907507042819,-0.009258613860024911,falling,21.568627450980394,100.0,-1.0,-1.0,-1.0,1,1,1.3819677430101314,1.415947990816125,1.6606849216296666,0.9997260098184817,Bottom Decile,Top Decile,Below Median,Top Decile,Very Tight,6.201664714923538,"['Cpn', 'REL_SPRD_LOG', 'Issue_Age']","[0.3569104510627864, 0.30947412213834824, 0.21468615827641052]",0.8810707314775452,0.6719310458426198,33.93784008534832
2026-06-01,FR0000571218,FRTR 5 1/2 04/25/29,2029-04-25,-1.8846191699336248,WEAK SELL,-1.2304689441364474,0.9735760108288402,-1.0827104271396635,0.5505360119005224,-1.1603859101442746,3.831,-1.3015296403569767,0.1411437302127021,10.844449849758702,-1.4526128560821996,0.22214391194575223,15.292712678835773,-1.162022844315709,0.07931241717604554,6.825374981351031,0.5505360119005224,0.0,0.0,0.277,3.554,1283.0324446558682,-1.033590799221761,-0.1267951109225136,-12.267437925264023,-1.0323501931774732,-0.19811875095897413,-19.19104101972218,-0.9929651177466842,-0.08974530939297931,-9.038112909023958,0.5505360119005224,0.0,0.0,3.981,-0.1499999999999999,-3.767897503722938,0.9196885575265751,-2.08007446767085,-226.17161299123626,0.8212698847303566,-2.051738828866804,-249.8251600395557,0.8648188775063579,-1.9475293046460214,-225.19504751585387,0.5505360119005224,0.0,0.0,4.143,-0.31199999999999983,-7.530774782691826,0.40497175108056055,-1.5653576612248352,-386.5350159349606,0.06844509548470198,-1.2989140396211494,-1897.7456903934012,0.45179413643435595,-1.5345045635740195,-339.64684484839324,0.5505360119005224,0.0,0.0,20.966,-17.135,-81.72755886591264,0.6388821289457965,-1.7992680390900713,-281.6275380712628,0.41504202245972927,-1.6455109665961767,-396.46851111539826,0.6358000660991486,-1.7185104932388122,-270.2910172302059,0.5505360119005224,0.0,0.0,37.496,-33.665,-89.78291015314088,17.647058823529413,-1.1493763953264762,13.725490196078432,-1.1908138885421542,17.647058823529413,-1.0824708528465108,66.66666666666666,0.46596241813329403,11.76470588235294,-1.3094487849130219,FRTR 5 1/2,100.0,0.0,100.0,0.0,100.0,0.0,100.0,0.0,100.0,0.0,0.9926214275334675,-0.019045416704627338,falling,25.49019607843137,100.0,-1.0,-1.0,-1.0,1,1,1.2366913436224403,1.3905364503494262,1.1898413870014517,0.736075753348305,Bottom Quartile,Top Decile,Bottom Quartile,Top Decile,Very Tight,2.8797393861715648,"['YAS_RISK', 'REL_SPRD_LOG', 'Cpn']","[0.5253168320576974, 0.2198983393369374, 0.12403385486506004]",0.8692490262596948,0.470598979060266,3.221554490985219
2026-06-01,FR0010070060,FRTR 4 3/4 04/25/35,2035-04-25,2.320507636960315,MODERATE SELL,-1.7123529430220001,0.9929494957549296,-1.073315215062586,0.965733373465985,-1.4139051315356816,55.673,-1.1251755506695778,-0.2887295808661039,-25.660847156534807,-1.2485278757657345,-0.4638250672562656,-37.14975632857388,-0.9383326606537081,-0.13498255440887785,-14.38536231663335,0.965733373465985,0.0,0.0,55.308,0.365000000000002,0.659940695620901,-0.7765568673045841,-0.6373482642310976,-82.07361017049037,-0.7237232518522033,-0.9886296911697968,-136.60327687127622,-0.6756313128149464,-0.3976839022476396,-58.86108130551611,0.965733373465985,0.0,0.0,56.807,-1.1340000000000003,-1.996232858275172,0.4753554731834158,-1.8892606047190974,-397.4416350615917,0.13496303265479606,-1.8473159756767963,-1368.7569125140421,0.33128301316509573,-1.4045982282276817,-423.98738541084145,0.965733373465985,0.0,0.0,53.002,2.6709999999999994,5.039432473295453,-0.877271923997679,-0.5366332075380027,-61.17068000712108,-0.8702347065256909,-0.8421182364963092,-96.76909234997733,-0.7553924565379567,-0.31792275852462926,-42.08709678846848,0.965733373465985,0.0,0.0,78.773,-23.099999999999994,-29.324768635277977,1.3552373184354816,-2.769142449971163,-204.32896820868473,1.4446214006665339,-3.156974343688534,-218.5329886694631,0.9941082138506183,-2.0674234289132043,-207.9676416824281,0.965733373465985,0.0,0.0,84.259,-28.586,-33.9263461429727,5.88235294117647,-1.3973421388836198,3.9215686274509802,-1.657167924760329,19.607843137254903,-1.0731609010016463,78.43137254901961,0.8856982331877236,47.05882352941176,-0.17773441817939636,FRTR 4 3/4,100.0,0.0,100.0,0.0,100.0,0.0,100.0,0.0,100.0,0.0,0.9779315674931689,0.015017928261760738,rising,100.0,100.0,-1.0,-1.0,-1.0,1,1,1.5068816516878598,1.9351070943170143,1.1795165467775564,1.2912014928026554,Bottom Decile,Top Decile,Below Median,Top Decile,Tight,7.931941066470927,"['Issue_Age', 'REL_SPRD_LOG', 'Cpn']","[0.6513816735585046, 0.1446140040920543, 0.09814440291164862]",0.8941400805622075,0.8945113770406915,55.20080752063154
2026-06-01,FR0010171975,FRTR 4 04/25/55,2055-04-25,1.4825264040968165,NO ACTION,0.2788889412245249,0.978299594951282,0.20087186045342278,-1.006126379902085,0.34726994086998536,126.744,0.37469090820355433,-0.02742096733356897,-7.318289822725907,0.31566854102220127,-0.036779599797676366,-11.651334818934695,0.22204614438832887,-0.021174283934906085,-9.53598318026941,-1.006126379902085,0.0,0.0,127.104,-0.35999999999999943,-0.2832326283765076,0.3590288587729093,-0.011758917902923938,-3.2752012235432844,0.29792094241401507,-0.019032001189490166,-6.38827213570456,0.21200588789998923,-0.011134027446566441,-5.251753633674268,-1.006126379902085,0.0,0.0,124.683,2.060999999999993,1.652991987548177,0.45755812380777977,-0.11028818293779441,-24.10364384083411,0.4440912000338424,-0.1652022588093175,-37.20007401108617,0.293730210265971,-0.09285834981254823,-31.613481829845608,-1.006126379902085,0.0,0.0,118.269,8.474999999999994,7.165867640111448,0.5868461366962493,-0.23957619582626394,-40.82436208791675,0.624182395615659,-0.3452934543911341,-55.31931872551834,0.40212571676717884,-0.20125385631375606,-50.04749582467704,-1.006126379902085,0.0,0.0,145.275,-18.531000000000006,-12.75580794956078,0.7129862715644314,-0.36571633069444603,-51.29359991218805,0.8062550590677244,-0.5273661178431995,-65.40933980768577,0.49865801518300223,-0.2977861547295795,-59.717509734310426,-1.006126379902085,0.0,0.0,152.777,-26.032999999999987,-17.039868565488263,52.94117647058824,0.32525342592817535,56.86274509803921,0.2699010211948539,49.01960784313725,0.18946310546917877,13.725490196078432,-1.1077155920648227,90.19607843137256,1.373750319255994,FRTR 4 04/25/55,100.0,0.0,100.0,0.0,100.0,0.0,100.0,0.0,100.0,0.0,0.9698724923103486,0.008427102640933493,rising,37.254901960784316,100.0,1.0,1.0,1.0,1,1,0.3701059501151566,0.31516865193556376,0.22074753051272894,1.3452076104766209,Above Median,Top Decile,Top Decile,Top Decile,Moderate,15.269051518922083,"['REL_SPRD_LOG', 'Issue_Age', 'AMT_OUTSTANDING']","[0.357824975964825, 0.22892041030828186, 0.1891818327888104]",0.7759272190619173,-1.1187379205455996,126.52277486259396
2026-06-01,FR0010371401,FRTR 4 10/25/38,2038-10-25,1.0970693015483306,WEAK BUY,0.6972168038603641,0.9834731532689748,0.9615194483772928,1.0630596255344682,0.9753911894824808,75.342,0.6786354918586788,0.29675569762380205,43.72828960628107,0.2714942566267634,0.4257225472336007,156.8071961603751,0.7159538455507534,0.2455656028265394,34.29908239514068,1.0630596255344682,0.0,0.0,74.284,1.0579999999999927,1.4242636366614163,0.7556415010624116,0.21974968842006926,29.081209171675482,0.385009949504789,0.3122068543555751,81.09059172317117,0.7797851968565099,0.18173425152078282,23.305680836572236,1.0630596255344682,0.0,0.0,75.203,0.1389999999999958,0.1848330518483471,0.9473191775306832,0.02807201195179765,2.963310816597221,0.6652774862422952,0.031939317618068896,4.800901548372312,0.9454213835049271,0.016098064872365647,1.702739644243279,1.0630596255344682,0.0,0.0,70.238,5.103999999999999,7.2667217165541835,0.7690305227170806,0.2063606667654002,26.83387173670495,0.40062461511861036,0.29659218874175375,74.03244088002418,0.7884231828855841,0.17309626549170865,21.954740430476953,1.0630596255344682,0.0,0.0,97.51,-22.168000000000006,-22.73407855371408,0.6597228842468886,0.3156683052355922,47.84862068428678,0.24022084290711895,0.45699596095324513,190.2399210654464,0.6986498280834195,0.2628696202938733,37.62537482510464,1.0630596255344682,0.0,0.0,98.589,-23.247,-23.579709701530625,74.50980392156863,0.9396153334845784,74.50980392156863,0.6747471826235909,76.47058823529412,0.943207923189816,86.27450980392157,0.984088342373706,56.86274509803921,0.25164118228516286,FRTR 4 10/25/38,100.0,0.0,100.0,0.0,100.0,0.0,100.0,0.0,100.0,0.0,0.9666774152301966,0.016795738038778207,rising,68.62745098039215,100.0,1.0,1.0,1.0,1,1,1.039531616278072,0.7879153587613454,1.0566589232067423,1.4213283015187046,Above Median,Top Decile,Above Median,Top Decile,Tight,9.7770928709771,"['Issue_Age', 'YAS_RISK', 'REL_SPRD_LOG']","[0.6877445314388241, 0.13718310054581515, 0.07504715093733917]",0.8999747829219784,0.9938805174062262,75.28089540613048
2026-06-01,FR0010773192,FRTR 4 1/2 04/25/41,2041-04-25,-3.006181406265412,NO ACTION,-0.4729460179959007,0.9830569778949673,-0.5741910677916946,0.007174419857940988,-0.6162848704452711,83.54,-0.8017290387227797,0.18544416827750854,23.13052877065342,-0.7460903669492653,0.27314434895336465,36.61008872279539,-0.7303479061354784,0.1561568383437838,21.381157513266174,0.007174419857940988,0.0,0.0,83.019,0.5210000000000008,0.6275671833402523,-0.7145924299779232,0.09830755953265202,13.757150794330983,-0.6148493931819412,0.14190337518604051,23.079371054386407,-0.6598978382619898,0.08570677047029518,12.9878845181911,0.007174419857940988,0.0,0.0,83.645,-0.10499999999998977,-0.12553051585562403,-0.4519702527725548,-0.16431461767271632,-36.35518333988368,-0.2380967990241657,-0.234849218971735,-98.63602117737702,-0.4417045548003089,-0.1324865129913857,-29.99437260769125,0.007174419857940988,0.0,0.0,78.444,5.096000000000004,6.496354086163847,-0.4230845077951553,-0.19320036265011586,-45.66472052840696,-0.19426796814229477,-0.2786780498536059,-143.4503269753925,-0.4199132718633261,-0.1542777959283685,-36.740394408049,0.007174419857940988,0.0,0.0,106.627,-23.08699999999999,-21.652114378004427,-0.4760077105463835,-0.14027715989888762,-29.469513590634843,-0.26763483933513044,-0.20531117866077025,-76.7131706393292,-0.4582513462196394,-0.11593972157205518,-25.30046447183571,0.007174419857940988,0.0,0.0,108.239,-24.698999999999998,-22.818946957860017,41.17647058823529,-0.6171941878445496,39.21568627450981,-0.4577041049625821,39.21568627450981,-0.578566235380594,47.05882352941176,-0.08333856934253003,64.70588235294117,0.4306040768201397,FRTR 4 1/2,100.0,0.0,100.0,0.0,100.0,0.0,100.0,0.0,100.0,0.0,0.9765255468909811,0.006531431003986121,rising,64.70588235294117,100.0,-1.0,-1.0,-1.0,1,1,0.656810943516526,0.5344699516430774,0.631005557330784,0.00959231800938968,Below Median,Top Decile,Above Median,Top Decile,Tight,11.421569092241413,"['Issue_Age', 'REL_SPRD_LOG', 'YAS_RISK']","[0.45141695594873854, 0.19704947092027417, 0.18820810796704324]",0.8366745348360559,-0.0841678301139679,83.43675861735159
2026-06-01,FR0010870956,FRTR 4 04/25/60,2060-04-25,6.303363971232756,MODERATE BUY,1.3788545012669269,0.9668979967003615,1.566907651051309,-1.2157493303686024,1.3207230385648128,136.443,1.353466719807752,-0.03274368124293914,-2.4192453735150248,1.4316562066397187,-0.05280170537279183,-3.688155351759253,1.5828374434685626,-0.015929792417253674,-1.0064073466511554,-1.2157493303686024,0.0,0.0,137.113,-0.6699999999999875,-0.48864804938344475,1.32471799068274,-0.00399495211792722,-0.3015700032662258,1.3861440608397828,-0.00728955957285593,-0.5258875845740636,1.569235420013689,-0.0023277689623801834,-0.1483377776118576,-1.2157493303686024,0.0,0.0,134.24,2.203000000000003,1.6410905839063568,1.4307986937972563,-0.11007565523244356,-7.693301296702967,1.563770294268772,-0.18491579300184502,-11.824997091776385,1.6193806116370164,-0.052472960585707495,-3.2403105165395325,-1.2157493303686024,0.0,0.0,127.314,9.129000000000019,7.1704604358381445,1.379533259401519,-0.058810220836706284,-4.26305201484701,1.4733730059164791,-0.09451850464955225,-6.415110337198561,1.595233514328468,-0.028325863277159025,-1.7756562186770197,-1.2157493303686024,0.0,0.0,153.156,-16.712999999999994,-10.9124030393251,1.3100183655554318,0.010704673009380938,0.8171391492766112,1.3585210173965006,0.020333483870426328,1.4967367792159876,1.5599243441641675,0.006983306887141438,0.44766958529108974,-1.2157493303686024,0.0,0.0,159.538,-23.095,-14.476174954275708,92.15686274509804,1.2773824986789653,90.19607843137256,1.3344173359367972,100.0,1.5431023128114403,11.76470588235294,-1.3196298962319641,98.0392156862745,1.5854801453226857,FRTR 4 04/25/60,100.0,0.0,100.0,0.0,100.0,0.0,100.0,0.0,100.0,0.0,0.9639888034279347,0.00290919327242678,rising,11.76470588235294,100.0,1.0,1.0,1.0,1,1,1.407572028268383,1.5582249782709066,1.7219484786485602,1.6254769622508636,Top Decile,Top Decile,Top Decile,Top Decile,Moderate,16.16072067771981,"['REL_SPRD_LOG', 'Issue_Age', 'AMT_OUTSTANDING']","[0.36864998051463216, 0.21473006368216613, 0.1799802928805081]",0.7633603370773063,-1.3327608788537846,136.27284897723868
2026-06-01,FR0011461037,FRTR 3 1/4 05/25/45,2045-05-25,-6.324939054334479,MODERATE SELL,-1.41938753255564,0.972388865644189,-1.4904906766940131,-0.04771453054908935,-1.3865393496738547,96.278,-1.4774559070527153,0.09091655737886062,6.153588498276442,-1.5665808730949506,0.14719334053931066,9.395834082215675,-1.5315491557413012,0.0410584790472881,2.680846293786132,-0.04771453054908935,0.0,0.0,96.172,0.10600000000000875,0.11021919060536002,-1.3516429062520143,-0.034896443421840395,-2.581779773507424,-1.3609490777659192,-0.05843845478972076,-4.293948635922233,-1.4722331153143788,-0.0182575613796343,-1.240127060429754,-0.04771453054908935,0.0,0.0,96.455,-0.1769999999999925,-0.18350526150188376,-1.2182401952057642,-0.16829915446809052,-13.814940087260075,-1.1543446193432876,-0.2650429132123524,-22.960466612396043,-1.389751566900394,-0.10073910979361922,-7.248713472828057,-0.04771453054908935,0.0,0.0,90.183,6.094999999999999,6.758479978847622,-1.105831591257905,-0.28070775841594964,-25.384313316479567,-0.9819632490206356,-0.4374242835350044,-44.54589105210219,-1.307466336350706,-0.18302434034330717,-13.998397806119437,-0.04771453054908935,0.0,0.0,117.31,-21.031999999999996,-17.92856533816993,-1.4531889568852112,0.06664960721135649,4.586437740042462,-1.528286022504486,0.1088984899488461,7.125530668522055,-1.5220698074366676,0.031579130742654504,2.0747491593938325,-0.04771453054908935,0.0,0.0,119.105,-22.826999999999998,-19.165442255223084,7.8431372549019605,-1.3705758195089086,7.8431372549019605,-1.373644085082577,7.8431372549019605,-1.4865505538146573,39.21568627450981,-0.13882750176182865,72.54901960784314,0.708675478453042,FRTR 3 1/4,33.33333333333333,-1.154698400850172,33.33333333333333,-1.1442828485409986,33.33333333333333,-1.1042740301112914,66.66666666666666,-0.2517681513975022,66.66666666666666,0.22184758554821707,0.9786308889831674,-0.006242023338978386,falling,23.52941176470588,33.33333333333333,-1.0,-1.0,-1.0,1,1,1.4777163324228462,1.6040308132890875,1.6379702731370964,0.0637951165053447,Bottom Decile,Below Median,Above Median,Above Median,Tight,11.875607913802355,"['Issue_Age', 'YAS_RISK', 'AMT_OUTSTANDING']","[0.4027941603685074, 0.30699815123359153, 0.12359163429563126]",0.8333839458977302,-0.140208905379819,96.32397019386651
2026-06-01,FR0011883966,FRTR 2 1/2 05/25/30,2030-05-25,-2.462391528660067,MODERATE SELL,-1.098792886945707,0.9824073660836322,-1.4872654546377027,1.279787778773125,-1.2107728400699072,13.087,-1.0936691831284413,-0.11710365694146585,-10.707411132839061,-0.9255277757599925,-0.17326511118571464,-18.7206817398182,-1.4008855943469603,-0.0863798602907424,-6.1660895095720125,1.279787778773125,0.0,0.0,10.817,2.2699999999999996,20.98548578997366,-1.2258269192744988,0.015054079204591675,1.2280754195456758,-1.1221410051497138,0.02334811820400673,2.0806759479236816,-1.4985116637210105,0.011246209083307868,0.7504919234550895,1.279787778773125,0.0,0.0,13.912,-0.8250000000000011,-5.930132255656899,-1.301730404201216,0.09095756413130895,6.987434812846673,-1.2390624369458345,0.14026955000012742,11.32061990466081,-1.5490214456637468,0.06175599102604412,3.98677441169348,1.279787778773125,0.0,0.0,10.813,2.273999999999999,21.03024135667229,-0.9284134031317667,-0.2823594369381405,-30.413114776710586,-0.6821972288517222,-0.4165956580939849,-61.06674644347737,-1.2691563074035779,-0.21810914723412478,-17.185365131407092,1.279787778773125,0.0,0.0,32.381,-19.294,-59.58432412229878,-1.445570776077885,0.23479793600797794,16.24257616917055,-1.4735686731921473,0.37477578624644026,25.433207866129102,-1.630773813438914,0.14350835880121138,8.80001608675484,1.279787778773125,0.0,0.0,44.883,-31.796000000000003,-70.84196687591249,13.725490196078432,-1.1986595718682713,19.607843137254903,-1.063381434079641,9.803921568627452,-1.4833546001962707,94.11764705882352,1.2031855151059232,21.568627450980394,-1.107389678812053,FRTR 2 1/2,50.0,-0.7071067685791294,50.0,-0.7071067694314489,50.0,-0.707106772835502,100.0,0.7071067735258715,50.0,-0.7071067810615617,0.9796833464514451,0.002724019632187158,rising,62.745098039215684,100.0,-1.0,-1.0,-1.0,1,1,1.2903916510167213,1.2417311041970118,1.634425925000535,1.7110974269138237,Bottom Quartile,Above Median,Bottom Quartile,Above Median,Very Tight,3.66132322041679,"['AMT_OUTSTANDING', 'Issue_Age', 'REL_SPRD_LOG']","[0.4674463518792277, 0.24292799007569243, 0.20259327938685676]",0.9129676213417768,1.2151578174422062,12.532516053717178
2026-06-01,FR0012993103,FRTR 1 1/2 05/25/31,2031-05-25,-2.173781607513625,WEAK SELL,-0.6378406992029106,0.9804024493246383,-1.1575636242552452,1.0268316240920574,-0.8724191593765278,21.948,-1.3567036563043002,0.4842844969277724,35.69567245638668,-1.3657098405208807,0.7278691413179701,53.29603070815967,-1.5109638253992868,0.3534002011440416,23.389057558128265,1.0268316240920574,0.0,0.0,20.435,1.5130000000000017,7.403963783996111,-1.244181278983597,0.3717621196070693,29.880060317477618,-1.1902322560139162,0.5523915568110056,46.41040010291127,-1.4412990289829863,0.28373540472774117,19.686088525248124,1.0268316240920574,0.0,0.0,23.386,-1.4379999999999988,-6.148978018408881,-1.0323249208558662,0.15990576147933844,15.489867259794444,-0.8768750242068722,0.2390343250039616,27.25979366263593,-1.286740778962765,0.12917715470751978,10.039096904019715,1.0268316240920574,0.0,0.0,20.067,1.8810000000000002,9.3735984405374,-0.6821509660162492,-0.19026819336027856,-27.89238746991784,-0.3659795792770797,-0.27186111992583095,-74.28313706314574,-0.9973682469887774,-0.16019537726646782,-16.061808278330876,1.0268316240920574,0.0,0.0,43.823,-21.875,-49.91671039182239,0.7236400592860075,-1.5960592186625353,-220.55981784387862,0.2564767880999579,-0.8943174873028685,-348.6933297390597,0.9225643750189026,-2.080127999274148,-225.47239336922024,1.0268316240920574,0.0,0.0,54.344,-32.396,-59.612836732737215,29.411764705882355,-0.8677177144503001,31.372549019607842,-0.6172846270584441,13.725490196078432,-1.1566447676941023,82.35294117647058,0.9474643386567994,27.450980392156865,-0.9139534494299563,FRTR 1 1/2,100.0,0.7071009529881395,100.0,0.7071067474150312,50.0,-0.707106762296209,50.0,-0.7071067470020975,50.0,-0.7071067810763572,0.9756956717513412,0.004706777573297072,rising,50.98039215686274,50.0,-1.0,-1.0,-1.0,1,1,0.9297882824836895,0.7208152192581124,1.2721010841882492,1.3728908644072437,Below Median,Top Decile,Below Median,Above Median,Very Tight,4.349304029636159,"['AMT_OUTSTANDING', 'REL_SPRD_LOG', 'Issue_Age']","[0.5374251821668421, 0.2646969769043038, 0.0956807575659058]",0.8978029166370517,0.9568920863921496,21.696946203860165
2026-06-01,FR0013154028,FRTR 1 3/4 05/25/66,2066-05-25,4.747681577637849,WEAK BUY,1.0238960461254176,0.9821370743299732,1.2006906979095826,-1.2864255113344185,1.0303608123562469,136.625,1.0464410349370838,-0.016080222580836967,-1.5366582435424037,1.0480086208121928,-0.02411257468677519,-2.3007992470527907,1.2131709049970436,-0.012480207087461004,-1.028726202811367,-1.2864255113344185,0.0,0.0,137.41,-0.7849999999999966,-0.5712830215725699,1.0717252541963023,-0.04136444184005539,-3.859612460575426,1.0893629357607229,-0.06546688963530523,-6.009649023777695,1.2327746460175726,-0.03208394810798998,-2.6025801188706983,-1.2864255113344185,0.0,0.0,133.918,2.7069999999999936,2.02138622126813,1.2937381784102273,-0.26337736605398043,-20.357856667864468,1.4319038550480054,-0.4080078089225878,-28.49407833038492,1.3682059269734155,-0.16751522906383287,-12.24342217330166,-1.2864255113344185,0.0,0.0,127.212,9.412999999999997,7.399459169936838,0.679124081465106,0.3512367308911408,51.719079812557,0.5149957671367676,0.50890027898865,98.81639842136046,0.9192550167350367,0.28143568117454587,30.61562602209909,-1.2864255113344185,0.0,0.0,147.274,-10.649000000000001,-7.230739980768449,1.1696976660457539,-0.139336853689507,-11.912210868071922,1.235895337561612,-0.21199929143619434,-17.153498623848954,1.2973912687805176,-0.09670057087093498,-7.453462378892252,-1.2864255113344185,0.0,0.0,158.319,-21.69399999999999,-13.702714139572455,80.3921568627451,0.9933808165676342,80.3921568627451,0.9908983383609394,88.23529411764706,1.1802087271689328,9.803921568627452,-1.391078626808601,100.0,1.5894532176336595,FRTR 1 3/4,100.0,0.7071067634996437,100.0,0.7071067700341832,100.0,0.7071067503365235,100.0,0.7071067582158033,100.0,0.7071067810193457,0.9687432493526147,0.013393824977358526,rising,58.82352941176471,100.0,1.0,1.0,1.0,1,1,1.098115968411169,1.1570911889249345,1.3194954528466858,1.719972185131205,Top Quartile,Top Decile,Top Decile,Top Decile,Moderate,11.51315002211888,"['REL_SPRD_LOG', 'AMT_OUTSTANDING', 'YAS_RISK']","[0.4360895317098427, 0.20341112822708643, 0.11962264477658414]",0.7591233047135133,-1.4049205603131134,136.509779993544
2026-06-01,FR0013154044,FRTR 1 1/4 05/25/36,2036-05-25,4.302726459974778,MODERATE BUY,1.2971014822477844,0.9699121878205185,1.3597923042178237,-1.6047247687086064,1.2179701678308732,64.614,1.378382905890256,-0.16041273805938272,-11.637748568276253,1.5506894300777772,-0.2535879478299927,-16.353238841767933,1.439553447940834,-0.07976114372301035,-5.54068647350563,-1.6047247687086064,0.0,0.0,64.75,-0.13599999999999568,-0.210038610006165,1.361503467254853,-0.14353329942397974,-10.542264623031327,1.5331327988150458,-0.2360313165672614,-15.39536008949475,1.435346636563038,-0.07555433234521436,-5.26383870587154,-1.6047247687086064,0.0,0.0,65.564,-0.9499999999999886,-1.4489658956974745,1.3865872856353818,-0.1686171178045086,-12.16058435954748,1.5794884739127846,-0.28238699166500014,-17.878382434638432,1.4466208910555312,-0.08682858683770744,-6.002165928499493,-1.6047247687086064,0.0,0.0,60.597,4.017000000000003,6.6290410405417735,1.2375114811266228,-0.019541313295749596,-1.5790813609301766,1.3278707439328556,-0.030769261685071214,-2.317187993932358,1.3718237847583203,-0.01203148054049663,-0.8770427066849548,-1.6047247687086064,0.0,0.0,87.493,-22.87899999999999,-26.149520530082455,1.0731878558724488,0.1447823119584244,13.490863674713982,1.07561546981935,0.22148601242843435,20.59156051432367,1.2642415951234862,0.0955507090943375,7.557946891409611,-1.6047247687086064,0.0,0.0,89.065,-24.450999999999993,-27.452983772811653,88.23529411764706,1.1768804860334028,88.23529411764706,1.2552990201579552,92.15686274509804,1.3378665087089805,5.88235294117647,-1.712857160567684,52.94117647058824,0.01744821661411757,FRTR 1 1/4,66.66666666666666,0.30708558704730066,66.66666666666666,0.23911680198395494,66.66666666666666,0.44473661001565046,33.33333333333333,-0.7226711638526478,66.66666666666666,0.05050466844791976,0.9564727551084163,0.013439432712102128,rising,15.686274509803921,33.33333333333333,1.0,1.0,1.0,1,1,1.298062265474711,1.4658369879734274,1.4943396874441763,2.1455435566625667,Top Quartile,Above Median,Above Median,Above Median,Tight,7.212715193192309,"['AMT_OUTSTANDING', 'REL_SPRD_LOG', 'YAS_RISK']","[0.3544991414403001, 0.21336969994186267, 0.17217244395175188]",0.7400412853339147,-1.7299009526743172,64.23828400308628
2026-06-01,FR0013234333,FRTR 1 3/4 06/25/39,2039-06-25,-0.9016426904789228,NO ACTION,0.12722519690961184,0.980068450237359,0.8765418585458157,-1.7217618494305136,0.4649707437554315,76.817,-0.8035385792921379,1.2685093230475695,157.86538941023835,-0.09009666858828896,0.2173218654979008,241.20963048037262,-0.8732392659346127,1.7497811244804282,200.37819790087522,-1.7217618494305136,0.0,0.0,76.482,0.33499999999999375,0.4380115582178717,-0.952298396180531,1.4172691399359625,148.82615897892043,-0.3089473866201525,0.4361725835297643,141.18021006211418,-0.9882815344127381,1.8648233929585538,188.693536118463,-1.7217618494305136,0.0,0.0,76.123,0.6939999999999884,0.9116824086134548,-0.8035094260263974,1.2684801697818289,157.8674889065218,-0.1003335193264019,0.22755871623601376,226.80226417205645,-0.8780911217236705,1.7546329802694862,199.82356237047813,-1.7217618494305136,0.0,0.0,70.647,6.1699999999999875,8.733562641197263,-1.1005682171133586,1.5655389608687902,142.24824252604373,-0.5263085391214781,0.65353373603109,124.17311805441464,-1.110419291414746,1.9869611499605617,178.93791538286888,-1.7217618494305136,0.0,0.0,96.825,-20.00800000000001,-20.664084686737517,-1.467883431440852,1.9328541751962836,131.67627078748322,-1.0592722590726662,1.186497455982278,112.01062187920681,-1.403241408718526,2.279783267264342,162.46550571079172,-1.7217618494305136,0.0,0.0,96.73,-19.91300000000001,-20.586167681113817,56.86274509803921,0.4403759280587049,50.98039215686274,0.12312503470682963,72.54901960784314,0.8590014930705946,3.9215686274509802,-1.8311735542055938,60.78431372549019,0.28384053205816717,FRTR 1 3/4,50.0,-0.7071067634996439,50.0,-0.7071067700341832,50.0,-0.707106750336523,50.0,-0.7071067582158033,50.0,-0.707106781019346,0.9841261335627312,-0.004057683325372152,falling,49.01960784313725,50.0,1.0,-1.0,-1.0,0,0,0.49554660118937083,0.1437754886449866,0.9632730549130009,2.3020240692900145,Above Median,Above Median,Above Median,Above Median,Tight,8.694571254150674,"['YAS_RISK', 'GREEN_BOND_LOAN_INDICATOR', 'Cpn']","[0.2945818399858866, 0.267265005887802, 0.1711780742293086]",0.7330249201029972,-1.849394654065842,76.93512651171704
2026-06-01,FR0013257524,FRTR 2 05/25/48,2048-05-25,-4.296504957953388,WEAK SELL,-1.0397067136041227,0.9863388589016505,-0.7761881274488612,-0.5753583377257142,-1.073795584581808,107.346,-0.9968921082682248,-0.07690347631358307,-7.714322834368256,-0.9285164317746024,-0.11119028182952029,-11.975047164163383,-0.7197888095772107,-0.056399317871650534,-7.835536804361359,-0.5753583377257142,0.0,0.0,107.871,-0.5249999999999915,-0.4866924381449345,-0.9720511848824634,-0.10174439969934446,-10.466979541303582,-0.8939564581917553,-0.1457502554123674,-16.30395445397725,-0.7001850685566818,-0.0760030588921794,-10.854709878829095,-0.5753583377257142,0.0,0.0,106.283,1.0630000000000024,1.0001599502272107,-1.025894584815284,-0.047900999766523844,-4.669193112880041,-0.9678807022846646,-0.0718260113194581,-7.420956984452569,-0.7409070026937461,-0.035281124755115134,-4.761882955708854,-0.5753583377257142,0.0,0.0,99.405,7.9410000000000025,7.988531763192143,-1.0070099355241475,-0.06678564905766038,-6.632074425332367,-0.9412428964263393,-0.09846381717778341,-10.461042150280372,-0.7269964797378344,-0.0491916477110268,-6.766421627257928,-0.5753583377257142,0.0,0.0,125.978,-18.63199999999999,-14.789883946816909,-0.9896280896947042,-0.08416749488710373,-8.504962107792718,-0.9135576959339575,-0.12614901767016518,-13.808543986961308,-0.7101411888174655,-0.06604693863139577,-9.30053611047744,-0.5753583377257142,0.0,0.0,131.063,-23.716999999999985,-18.095877553688226,21.568627450980394,-1.0646828784203062,21.568627450980394,-1.0061994660411484,27.450980392156865,-0.7787302000451796,19.607843137254903,-0.6722388958724929,76.47058823529412,0.9502906671226105,FRTR 2 05/25/48,100.0,0.0,100.0,0.0,100.0,0.0,100.0,0.0,100.0,0.0,0.9685896978858143,0.017749161015836235,rising,90.19607843137256,100.0,-1.0,-1.0,-1.0,1,1,1.1444069534653438,1.1749586121851965,0.8529896221445378,0.7692636135185433,Bottom Quartile,Top Decile,Top Quartile,Top Decile,Moderate,10.958758683942447,"['Issue_Age', 'YAS_RISK', 'AMT_OUTSTANDING']","[0.40425100282970183, 0.27084015791923743, 0.12666057388593788]",0.8017517346348771,-0.678928011725822,107.39360822464576
2026-06-01,FR0013286192,FRTR 0 3/4 05/25/28,2028-05-25,0.1418123479820603,NO ACTION,0.31930849737720024,0.9559057944731116,0.7655100835811891,-0.04076285448888022,0.5291713637028077,-2.956,0.8114147208649048,-0.28224335716209714,-34.7841056399417,0.7250058350121377,-0.4056973376349374,-55.95780233028955,0.9971090726334461,-0.23159898905225695,-23.227046376970634,-0.04076285448888022,0.0,0.0,-5.884,2.9280000000000004,49.7620665367742,0.5133986978683215,0.01577266583448622,3.0722059858654056,0.29790190316296167,0.021406594214238572,7.185786082054631,0.7532542397672104,0.012255843813978706,1.6270527272519626,-0.04076285448888022,0.0,0.0,-3.002,0.04599999999999982,1.5323117870342653,0.1424636628795801,0.3867077008232276,271.443023338377,0.0,0.31930849737720024,3193084973.772002,-0.006846462677546278,0.7723565462587354,11281.087103316126,-0.04076285448888022,0.0,0.0,-2.717,-0.23899999999999988,-8.79646665882787,0.14311128237509213,0.3860600813277156,269.76213750893885,0.0,0.31930849737720024,3193084973.772002,-0.006846462677546278,0.7723565462587354,11281.087103316126,-0.04076285448888022,0.0,0.0,8.608,-11.564,-134.34014854282043,-1.3977940946344405,1.9269654583372482,137.85760377356863,-1.5176670732762207,1.836975570653421,121.03942892982182,-1.3629682011284265,2.1284782847096158,156.1649250019859,-0.04076285448888022,0.0,0.0,27.1,-30.056,-110.90774903656539,60.78431372549019,0.5031701981527369,58.82352941176471,0.30901795223539696,70.58823529411765,0.7489773158950174,41.17647058823529,-0.13179983808370532,3.9215686274509802,-1.4576094540041278,FRTR 0 3/4,80.0,0.39694023062450023,80.0,0.12490007047371181,80.0,0.6612426083719509,20.0,-1.2606117232042109,40.0,-0.7487016369294764,0.9503798142762956,0.005525980196816049,rising,5.88235294117647,40.0,1.0,1.0,1.0,1,1,0.5639689684811648,0.360846250224471,0.8412550177595609,0.05450061063753163,Above Median,Top Quartile,Bottom Decile,Below Median,Very Tight,1.841216352678288,"['YAS_RISK', 'Cpn', 'AMT_OUTSTANDING']","[0.3773064456327499, 0.25961906117867567, 0.19687519160528927]",0.8338006984167148,-0.1331113129058318,-3.358903216004861
2026-06-01,FR0013313582,FRTR 1 1/4 05/25/34,2034-05-25,3.816306393939712,NO ACTION,0.5586063154815422,0.9847898738280487,0.5446805316560894,-0.4584726954342961,0.5954174645009558,50.916,0.8629493768377227,-0.2675319123367669,-31.0020397971586,0.951148230226273,-0.3925419147447309,-41.27031919349893,0.7637151773933295,-0.21903464573724007,-28.680147959979298,-0.4584726954342961,0.0,0.0,50.247,0.6689999999999969,1.331422771243765,0.537471361038919,0.05794610346203677,10.781244654953131,0.4793282265791903,0.07927808890235188,16.539415551258532,0.4966667911308456,0.04801374052524382,9.667193461677485,-0.4584726954342961,0.0,0.0,51.418,-0.5020000000000024,-0.9763117972351536,-0.5683848230562442,1.1638022875571998,204.75604201107114,-0.3162562811119319,0.874862596593474,276.63089120457556,-0.418987773360211,0.9636683050163004,229.99914157110837,-0.4584726954342961,0.0,0.0,46.761,4.154999999999994,8.885609801140765,0.5906216159260202,0.004795848574935535,0.8120001646428454,0.5538155080360685,0.004790807445473666,0.8650547500840621,0.5410346284619997,0.00364590319408975,0.6738761134506964,-0.4584726954342961,0.0,0.0,73.438,-22.522000000000006,-30.668046511251944,0.2765553542487401,0.31886211025221567,115.29774919333111,0.09553370073887013,0.46307261474267203,484.7216874140115,0.28913076315958086,0.25554976849650857,88.38553077692016,-0.4584726954342961,0.0,0.0,79.73,-28.814000000000007,-36.139470709125874,66.66666666666666,0.5679651417156673,68.62745098039215,0.540603777017404,60.78431372549019,0.5301517611891587,21.568627450980394,-0.5540755960134363,43.13725490196079,-0.2815800499557912,FRTR 1 1/4,33.33333333333333,-1.1175312716207244,33.33333333333333,-1.0978821357791824,33.33333333333333,-1.145220932338879,100.0,1.1412777331012678,33.33333333333333,-1.0242953549590255,0.9713697607993499,0.013420113028698832,rising,82.35294117647058,100.0,1.0,1.0,1.0,1,1,0.6345713247228252,0.6312735049299544,0.5985750418701478,0.6129855765773337,Above Median,Below Median,Below Median,Below Median,Tight,6.229507276616175,"['AMT_OUTSTANDING', 'Issue_Age', 'Cpn']","[0.3467682751964633, 0.3124940589442877, 0.1494966870011744]",0.8087590211419255,-0.5595889274734163,50.63785163692377
2026-06-01,FR0013341682,FRTR 0 3/4 11/25/28,2028-11-25,-0.9819321332645669,NO ACTION,-0.5401105511642373,0.9772648685326741,-0.4345249300488705,0.32078635183685056,-0.6097997432022162,0.816,-0.5950725197617733,-0.01472722344044286,-2.474861920838228,-0.5176319902954104,-0.022478560868826936,-4.342575585744026,-0.42058636168377345,-0.013938568365097048,-3.3140798902483337,0.32078635183685056,0.0,0.0,-2.506,3.3219999999999996,132.5618510272871,-1.000191633561023,0.39039189035880684,39.0317088602019,-1.114064451551268,0.5739539003870308,51.518912970963484,-0.7442584290913902,0.3097334990425197,41.61639059419336,0.32078635183685056,0.0,0.0,0.713,0.10299999999999998,14.446002602440352,0.20008427170214232,-0.8098840149043585,-404.77143332528306,0.0,-0.5401105511642373,-5401105511.642373,-0.006846462677546278,-0.4276784673713242,-6246.69793503946,0.32078635183685056,0.0,0.0,0.669,0.1469999999999999,21.97309384195673,-0.49851891531164527,-0.11128082789057092,-22.32228752820258,-0.37953002357741344,-0.1605805275868239,-42.310361072932054,-0.34152635319039576,-0.09299857685847474,-27.230277624755267,0.32078635183685056,0.0,0.0,15.86,-15.043999999999999,-94.85498102468159,0.3678516432866588,-0.977651386488875,-265.7732751107177,0.1923475119683573,-0.7324580631325947,-380.79932386812334,0.22594445626508633,-0.6604693863139568,-292.31492022427756,0.32078635183685056,0.0,0.0,33.922,-33.105999999999995,-97.59448142869095,43.13725490196079,-0.6108511208768419,37.254901960784316,-0.5227040867137968,43.13725490196079,-0.4401675482539522,58.82352941176471,0.23370140264488273,7.8431372549019605,-1.3752664388558073,FRTR 0 3/4,40.0,-0.6488684293002901,40.0,-0.5958500058151092,40.0,-0.6686208970956419,80.0,0.14244126951712593,60.0,-0.6918516523392487,0.9710471118153434,0.0062177567173307136,rising,29.411764705882355,80.0,-1.0,-1.0,-1.0,1,1,0.6498993629348737,0.6103716897457163,0.47751987280839664,0.4288966579625491,Below Median,Below Median,Bottom Decile,Above Median,Very Tight,2.2820714757898486,"['Issue_Age', 'AMT_OUTSTANDING', 'REL_SPRD_LOG']","[0.49855347724616494, 0.21462342966907855, 0.14229864245368587]",0.8554755493689293,0.2360268493974838,0.2946792704239513
2026-06-01,FR0013404969,FRTR 1 1/2 05/25/50,2050-05-25,-3.832995359933861,WEAK SELL,-0.9339482043263506,0.984174243550873,-0.6281925031780011,1.31936228240053,-0.8741349413174655,112.7,-0.7818842766009539,-0.09225066471651155,-11.798506031825784,-0.8015756500790129,-0.13237255424733774,-16.514043631800085,-0.55339539688079,-0.07479710629721115,-13.51603308722864,1.31936228240053,0.0,0.0,113.328,-0.6280000000000001,-0.5541437243616633,-0.8592107857162474,-0.01492415560121807,-1.736960903613546,-0.9143205324966382,-0.019627671829712368,-2.146694831564996,-0.6158244777272812,-0.01236802545071991,-2.008368568837605,1.31936228240053,0.0,0.0,109.087,3.6129999999999995,3.3120353476296867,-0.7595844520831995,-0.11455048923426603,-15.08067831194248,-0.76819647992752,-0.16575172439883057,-21.5767354540333,-0.5355304712297501,-0.09266203194825107,-17.302849267415976,1.31936228240053,0.0,0.0,109.025,3.674999999999997,3.370786516544754,-0.6290406109924113,-0.24509433032505423,-38.96319603945116,-0.5783795731114445,-0.3555686312149061,-61.47669136280588,-0.4296310061460346,-0.19856149703196652,-46.21675101884964,1.31936228240053,0.0,0.0,130.701,-18.00099999999999,-13.772656673340467,-0.4442303595238763,-0.4299045817935892,-96.77514444911964,-0.3131527817977815,-0.6207954225285691,-198.2404240960585,-0.2777090245892319,-0.3504834785887692,-126.2052850052863,1.31936228240053,0.0,0.0,138.877,-26.177000000000007,-18.849053477620554,27.450980392156865,-0.8693959112451288,25.49019607843137,-0.9038492992371663,35.294117647058826,-0.6320776153127923,98.0392156862745,1.2431926010681116,80.3921568627451,1.067168849281706,FRTR 1 1/2,50.0,-0.7071009529881395,50.0,-0.7071067474150307,100.0,0.707106762296209,100.0,0.7071067470020986,100.0,0.7071067810763573,0.9783493899170236,0.005824853633849436,rising,76.47058823529412,100.0,-1.0,-1.0,-1.0,1,1,0.9316168919620978,1.0554423393152879,0.6903502733042489,1.764009192795164,Below Median,Above Median,Top Quartile,Top Decile,Moderate,10.465507455450762,"['Issue_Age', 'YAS_RISK', 'REL_SPRD_LOG']","[0.5038506760129314, 0.2826737181183074, 0.12881571607961634]",0.9153401102108552,1.2555629940751345,112.66147606086528
2026-06-01,FR0013407236,FRTR 0 1/2 05/25/29,2029-05-25,-1.0873832208815069,NO ACTION,-0.6207575976234765,0.9795850528184712,-0.5749482938396977,1.271867908207805,-0.6934626991792535,5.396,0.8180373098362463,-1.5115000090154997,-184.7715223210195,0.5744133586991503,-1.195170956322627,-208.06809546046603,0.5319479158859605,-1.106896209725658,-208.08356530051694,1.271867908207805,0.0,0.0,2.116,3.28,155.00945106328234,0.849962696374686,-1.5434253955539394,-181.5874254221169,0.6144257023763778,-1.2351832999998544,-201.03053552602952,0.5569363754700681,-1.1318846693097657,-203.234103362528,1.271867908207805,0.0,0.0,5.758,-0.3620000000000001,-6.286905164489573,0.6443627885666808,-1.3378254877459343,-207.61991392454533,0.31630825396804146,-0.937065851591518,-296.25082817507274,0.3836437921140622,-0.9585920859537599,-249.86513027747498,1.271867908207805,0.0,0.0,4.272,1.1239999999999997,26.310861361631872,0.6893947346320107,-1.3828574338112642,-200.5900747835573,0.38289390697076603,-1.0036515045942425,-262.12260370562933,0.4198784607814775,-0.9948267546211752,-236.93207055117745,1.271867908207805,0.0,0.0,22.106,-16.71,-75.59033743074716,1.0136940967311305,-1.7071567959103842,-168.40946243788176,0.8559510490265793,-1.4767086466500556,-172.52255617621714,0.6877682093195208,-1.2627165031592185,-183.59622728839557,1.271867908207805,0.0,0.0,38.86,-33.464,-86.11425628252334,35.294117647058826,-0.6926813938367201,33.33333333333333,-0.6007520727691985,37.254901960784316,-0.5793165897083888,92.15686274509804,1.1951790737491514,13.725490196078432,-1.2752847290521732,FRTR 0 1/2,75.0,0.0779245642133164,75.0,0.22575708935796038,75.0,0.2865763146612075,100.0,1.0165707067256136,25.0,-1.4110933035841144,0.980269884796439,-0.0006848319779677592,falling,47.05882352941176,100.0,-1.0,1.0,1.0,0,0,0.7390638835776685,0.7015098352868849,0.6318377086324112,1.7005084289794934,Below Median,Top Quartile,Bottom Quartile,Below Median,Very Tight,2.687433072406975,"['Issue_Age', 'YAS_RISK', 'AMT_OUTSTANDING']","[0.4257724110213335, 0.2763694215984132, 0.21035099300664564]",0.9124928256263924,1.207071707958319,4.672423136417431
2026-06-01,FR0013451507,FRTR 0 11/25/29,2029-11-25,-2.0406672512521737,NO ACTION,-0.42523763450245616,0.9780481182028237,-0.7434731576342017,0.5970356344360722,-0.6397242697900745,9.076,-1.1444862185794102,0.5047619487893358,44.10380275312442,-1.162340766411511,0.7371031319090549,63.415406812510675,-1.1423630124768092,0.3988898548426074,34.917959264626425,0.5970356344360722,0.0,0.0,5.99,3.0860000000000003,51.519198578432054,-1.033669598422673,0.39394532863259846,38.111339002579264,-0.994216232744215,0.5689785982417588,57.228857644819385,-1.062686004981355,0.31921284734715316,30.038303209697727,0.5970356344360722,0.0,0.0,9.493,-0.4169999999999998,-4.392710413575569,-1.1357838840872652,0.4960596142971907,43.675528142246854,-1.1546196533584454,0.7293820188559892,63.17076020812201,-1.1392780174664257,0.3958048598322239,34.7417268032836,0.5970356344360722,0.0,0.0,6.844,2.232,32.61250725801796,-1.635310213136007,0.9955859433459326,60.88055521579962,-1.9852059634839765,1.5599683289815203,78.57967131963758,-1.3542180334626113,0.6107448758284095,45.099448997651145,0.5970356344360722,0.0,0.0,26.224,-17.148,-65.3904819762849,-0.44196188531745473,-0.19776238447261973,-44.74647850140337,-0.1497308038802805,-0.2755068306221756,-184.00142461154402,-0.5928132194907377,-0.150659938143464,-25.414402150385534,0.5970356344360722,0.0,0.0,41.005,-31.929000000000002,-77.86611386956076,37.254901960784316,-0.6401201342685235,41.17647058823529,-0.4115332479615873,33.33333333333333,-0.7463121139943307,68.62745098039215,0.5129703203297176,17.647058823529413,-1.1949500801269823,FRTR 0 11/25/29,100.0,0.0,100.0,0.0,100.0,0.0,100.0,0.0,100.0,0.0,0.9912723243341618,-0.013224206131338123,falling,35.294117647058826,100.0,-1.0,-1.0,-1.0,1,1,0.6817916865745176,0.48055534733630917,0.8170376038723762,0.7982465177459142,Below Median,Top Decile,Bottom Quartile,Top Decile,Very Tight,3.0612215351467853,"['Issue_Age', 'Cpn', 'REL_SPRD_LOG']","[0.5326365984423, 0.2156526836044168, 0.12374739350153499]",0.8720366755482518,0.518074633577694,8.512110194173463
2026-06-01,FR0013480613,FRTR 0 3/4 05/25/52,2052-05-25,-3.369519564250723,NO ACTION,-0.8281974076929812,0.9849169133195517,-0.5233166955295494,0.3133197909902231,-0.7881976294134988,117.248,-0.6254355402410031,-0.16276208917249568,-26.023798792661772,-0.5977487249128614,-0.23044868278011987,-38.55276796423738,-0.3983463521998257,-0.12497034332972368,-31.37228181012829,0.3133197909902231,0.0,0.0,118.323,-1.0749999999999886,-0.9085300405746437,-0.8126280263491702,0.024430396935671395,3.006344335032779,-0.8669520984474504,0.038754690754469134,4.470222792798966,-0.5467346121992799,0.023417916669730476,4.283232800500213,0.3133197909902231,0.0,0.0,114.758,2.490000000000009,2.1697833700334885,-0.757401087517356,-0.03079654189614278,-4.0660809704513365,-0.7862190482120743,-0.04197835948090689,-5.339270149005173,-0.5015815034109372,-0.02173519211861219,-4.333331978446525,0.3133197909902231,0.0,0.0,108.577,8.671000000000006,7.9860375578634555,-0.785068572164317,-0.003129057249181777,-0.39857119750677483,-0.8277287804571168,-0.0004686272358643828,-0.05661603670999305,-0.523008196028511,-0.0003084995010383951,-0.05898559477316837,0.3133197909902231,0.0,0.0,133.199,-15.951000000000008,-11.975315129094417,-0.3876544822705143,-0.4005431471429845,-103.32477892800381,-0.24629205989926647,-0.5819053477937147,-236.26637594613348,-0.196391360656437,-0.32692533487311237,-166.46624226938607,0.3133197909902231,0.0,0.0,143.277,-26.028999999999982,-18.166907457710092,31.372549019607842,-0.7853411033744877,27.450980392156865,-0.8015065965176016,41.17647058823529,-0.5281535409131787,56.86274509803921,0.22615322606014654,82.35294117647058,1.1664519969207734,FRTR 0 3/4,20.0,-0.8126742125909757,20.0,-0.8374534752440128,20.0,-0.7670187997881657,60.0,0.11346601426028417,80.0,1.062962081968648,0.9692913092591298,0.015625604060421905,rising,84.31372549019608,100.0,-1.0,-1.0,-1.0,1,1,0.8400284567728052,0.9359347824013743,0.5750973180288541,0.418913742619501,Below Median,Bottom Quartile,Top Quartile,Top Quartile,Moderate,9.358905344245729,"['Issue_Age', 'YAS_RISK', 'REL_SPRD_LOG']","[0.5056437105965126, 0.2689599659024357, 0.08042425304218223]",0.8550279295411306,0.2284035646511005,117.287428252492
2026-06-01,FR0013515806,FRTR 0 1/2 05/25/40,2040-05-25,0.736157911241321,NO ACTION,0.5942922883981497,0.9662677388525586,0.4978446983166283,1.050153549950429,0.7809398555597398,83.003,0.5675161310864912,0.21342372447324853,37.60663512841339,0.2856315942243444,0.3086606941738053,108.06251465484648,0.3198124408083056,0.1780322575083227,55.66770682578414,1.050153549950429,0.0,0.0,82.535,0.4680000000000035,0.5670321681023813,0.5150146144959024,0.2659252410638374,51.634502869530294,0.20727307243652182,0.3870192159616279,186.719477228865,0.27774432703034657,0.22010037128628174,79.24567378748513,1.050153549950429,0.0,0.0,82.423,0.5799999999999983,0.7036870775507197,-0.30003195862649096,1.0809718141862308,360.28554528198623,-0.07220752290736987,0.6664998113055196,923.0336288604777,-0.22379172543048104,0.7216364237471093,322.4589247493813,1.050153549950429,0.0,0.0,75.031,7.971999999999994,10.624941689351735,-0.5188828596753092,1.299822715235049,250.50407157368917,-0.38931976572364924,0.983612054121799,252.648880292173,-0.3911106366300168,0.888955334946645,227.28998624974275,1.050153549950429,0.0,0.0,101.772,-18.769000000000005,-18.442204140781143,0.41548545694224337,0.3654543986174964,87.95840713925578,0.05811032584696538,0.5361819625511843,922.6963753285288,0.20308744777906193,0.2947572505375664,145.13808669476364,1.050153549950429,0.0,0.0,105.431,-22.427999999999997,-21.27268070858925,72.54901960784314,0.749423562867752,70.58823529411765,0.5751396768283976,58.82352941176471,0.4837409564699837,84.31372549019608,0.9710411926182357,62.745098039215684,0.4188813304960017,FRTR 0 1/2,100.0,1.3857564343094706,100.0,1.3212293091450265,100.0,1.2924135572561055,75.0,0.5667161063736875,50.0,0.14418051869534385,0.9738674565597609,-0.007599717707202358,falling,9.803921568627452,50.0,1.0,1.0,1.0,1,1,0.8322934213673882,0.671601744292022,0.547104942843564,1.4040726650063953,Above Median,Top Decile,Above Median,Above Median,Tight,8.071519403576133,"['Issue_Age', 'REL_SPRD_LOG', 'Cpn']","[0.5137886165726281, 0.21891114933167352, 0.16650129864195437]",0.899201064546256,0.980703541934324,83.16950979879881
2026-06-01,FR0013516549,FRTR 0 11/25/30,2030-11-25,-2.536195373067745,WEAK SELL,-1.2166684035198103,0.9788221160055292,-1.121357000997015,0.5464081087247213,-1.1653282733284582,17.395,-1.0390686367246091,-0.1262596366038491,-12.151231490031906,-1.0267914326479501,-0.18987697087186017,-18.492262691846584,-1.0343601417041959,-0.0869968592928192,-8.410693233830065,0.5464081087247213,0.0,0.0,15.38,2.014999999999999,13.101430420610244,-0.8112050402482484,-0.3541232330802099,-43.65397293469014,-0.6905779838592051,-0.5260904196606052,-76.18117350085505,-0.8549536591457931,-0.26640334185122194,-31.15997409747274,0.5464081087247213,0.0,0.0,18.61,-1.2149999999999999,-6.5287479814461316,-0.9726117985094691,-0.19271647481898913,-19.814326037674554,-0.9323522677616506,-0.2843161357581597,-30.494496826964706,-0.9865427190432492,-0.13481428195376588,-13.665326192663645,0.5464081087247213,0.0,0.0,15.186,2.2089999999999996,14.546292628377259,-1.270767504492868,0.10543923116440967,8.297287266309123,-1.3845197722552225,0.16785136873541218,12.123435929676766,-1.1859175329415896,0.06456053194457456,5.443930931693316,0.5464081087247213,0.0,0.0,38.074,-20.679,-54.31265429050989,-0.7725039086898567,-0.3928243646386015,-50.85079248592288,-0.6380967297249311,-0.5785716737948792,-90.67146684439857,-0.8264034325951517,-0.2949535684018634,-35.69123181234843,0.5464081087247213,0.0,0.0,49.642,-32.247,-64.95910719452095,15.686274509803921,-1.1542104933296546,15.686274509803921,-1.1774581061682927,15.686274509803921,-1.1207667144650875,64.70588235294117,0.46178939353258874,23.52941176470588,-1.0133457474072372,FRTR 0 11/25/30,100.0,0.0,100.0,0.0,100.0,0.0,100.0,0.0,100.0,0.0,0.9765800444667984,0.0022420715387307943,rising,41.17647058823529,100.0,-1.0,-1.0,-1.0,1,1,1.241958710033463,1.3749406444955619,1.2323119238030278,0.7305566785299521,Bottom Quartile,Top Decile,Bottom Quartile,Top Decile,Very Tight,3.8087401468679616,"['Issue_Age', 'Cpn', 'AMT_OUTSTANDING']","[0.47297254396516203, 0.3169260240999342, 0.07910299067284697]",0.8690015587379433,0.4663844307613868,17.037443339314528
2026-06-01,FR0014001NN8,FRTR 0 1/2 05/25/2072,2072-05-25,-7.601362025176655,STRONG SELL,-1.7937725588402278,0.9527356545752043,-1.745731945689484,0.5988779542248385,-1.6456249020768041,122.614,-1.6849195165320516,0.03929461445524751,2.3321359766139564,-1.854612621691193,0.060840062850965104,3.280472795846644,-1.7561367924972322,0.010404846807748225,0.5924849814064883,0.5988779542248385,0.0,0.0,123.163,-0.5489999999999924,-0.44575075303087563,-1.6264940395083898,-0.019130862568414342,-1.176202432108293,-1.7645310968211547,-0.029241462019073072,-1.6571803073368467,-1.7407118174453136,-0.005020128244170419,-0.28839513611727513,0.5988779542248385,0.0,0.0,117.905,4.709000000000003,3.9938933884064407,-1.5557919908403863,-0.08983291123641779,-5.7740951996085,-1.648651892297943,-0.14512066654228484,-8.802383713627545,-1.717630445685807,-0.02810150000367706,-1.6360620476106331,0.5988779542248385,0.0,0.0,110.217,12.397000000000006,11.247811135192599,-1.743742791139552,0.09811788906274788,5.62685557747547,-1.9666783720349679,0.17290581319474008,8.791768637626983,-1.7704119057725523,0.024679960083068275,1.3940236090366978,0.5988779542248385,0.0,0.0,129.88,-7.265999999999991,-5.594394825562482,-1.392282624866782,-0.2533422772100222,-18.196181641974068,-1.3599219695774385,-0.4338505892627893,-31.902608809778737,-1.639299617831247,-0.10643232785823709,-6.492548772126816,0.5988779542248385,0.0,0.0,140.095,-17.480999999999995,-12.477961382456332,1.9607843137254901,-1.6239859605385079,1.9607843137254901,-1.7359635821218045,1.9607843137254901,-1.739475544083647,70.58823529411765,0.5148327782105026,86.27450980392157,1.2835921398915815,FRTR 0 1/2,25.0,-0.7666670776336563,25.0,-0.8318170219527934,25.0,-0.8111357403781799,50.0,-0.34891427660787694,100.0,0.938000037222173,0.9394559754750671,0.013279679100137165,rising,3.9215686274509802,25.0,-1.0,-1.0,-1.0,1,1,1.7538390060207427,2.0271183101288437,1.9184669026226888,0.8007097297740305,Bottom Decile,Below Median,Top Quartile,Top Decile,Moderate,8.594289979478908,"['REL_SPRD_LOG', 'AMT_OUTSTANDING', 'Issue_Age']","[0.4290648515038727, 0.24747330823773983, 0.1956089627558489]",0.8721471224974614,0.5199556238531574,123.8203569576558
2026-06-01,FR0014002JM6,FRTR 0 1/2 06/25/44,2044-06-25,-7.18406319438391,STRONG SELL,-1.664392091046467,0.9688914255869486,-1.6995692021704696,0.16247292535508523,-1.567100441404184,92.221,-1.6103893413218031,0.043288899917619084,2.688101475713788,-1.7354013479804098,0.07100925693394289,4.091806002536531,-1.7140967241284577,0.014527521957988121,0.8475322114988291,0.16247292535508523,0.0,0.0,92.32,-0.09899999999998954,-0.10723570189478551,-1.7362019577797512,0.16910151637556714,9.739737629246761,-1.9569308890803563,0.2925387980338894,14.948856813051787,-1.7476390335140841,0.04806983134361453,2.75055833308448,0.16247292535508523,0.0,0.0,91.257,0.9639999999999986,1.0563573204185575,-1.8340845911920478,0.2669841497878638,14.556806682436552,-2.137377074671906,0.47298498362543895,22.129224974733162,-1.7622226462904433,0.06265344411997376,3.555364805708606,0.16247292535508523,0.0,0.0,83.498,8.722999999999999,10.446956812085682,-1.814795284747283,0.247694843343099,13.648638172030935,-2.1016665995825203,0.43727450853605343,20.806083445504928,-1.759698559463766,0.06012935729329638,3.41702598028591,0.16247292535508523,0.0,0.0,109.699,-17.477999999999994,-15.932688537185141,-1.7742481579858842,0.20714771658170017,11.675239141819322,-2.0288900268460806,0.36449793579961365,17.965386451708714,-1.7540333868083338,0.05446418463786418,3.105082533603297,0.16247292535508523,0.0,0.0,113.849,-21.628,-18.99709263858294,3.9215686274509802,-1.547181621320188,5.88235294117647,-1.6107527357294011,3.9215686274509802,-1.693731720989178,50.98039215686274,0.07365747835827234,68.62745098039215,0.6201108940265476,FRTR 0 1/2,50.0,-0.6970139208891304,50.0,-0.7151693765501933,50.0,-0.767854131539133,25.0,-1.2343725364914249,75.0,0.3289127476665971,0.9779102848527716,-0.00901885926582302,falling,13.725490196078432,75.0,-1.0,-1.0,-1.0,1,1,1.6701508812964638,1.8809071787648208,1.8677364936419956,0.2172289883755265,Bottom Decile,Above Median,Above Median,Top Quartile,Tight,8.766192034623899,"['GREEN_BOND_LOAN_INDICATOR', 'Issue_Age', 'YAS_RISK']","[0.3563791012010628, 0.2805266579209243, 0.2090789108239207]",0.8459846699459078,0.0743904073947044,92.16605816695044
2026-06-01,FR0014002WK3,FRTR 0 11/25/31,2031-11-25,-1.360657675054263,WEAK SELL,-1.1720584258657119,0.9856264267059086,-0.9931614356109812,-0.12165524989129214,-1.127016214555038,26.902,-0.9606552924582972,-0.1663609220967408,-17.31744171619379,-0.9234284678118665,-0.24862995805384536,-26.924657840636755,-0.8719211317029033,-0.12124030390807794,-13.90496205554666,-0.12165524989129214,0.0,0.0,25.309,1.593,6.294203640485913,-0.8508674069612197,-0.2761488075938183,-32.454975015972956,-0.7647557089994177,-0.40730271686629416,-53.259192020060496,-0.7834939565416335,-0.2096674790693478,-26.760573536363847,-0.12165524989129214,0.0,0.0,27.948,-1.0459999999999994,-3.7426649478522,-1.124719246072977,-0.002296968482061068,-0.20422594079886816,-1.1794004669006775,0.007342041034965607,0.6225231529717207,-0.9964707938948475,0.0033093582838662483,0.3321079023019191,-0.12165524989129214,0.0,0.0,23.601,3.301000000000002,13.98669547307882,0.2789597350442396,-1.4059759495992776,-504.00675171835536,0.04821807386217587,-1.2202764997278877,-2530.744488345626,0.37685680309121805,-1.3700182387021993,-363.53813732713036,-0.12165524989129214,0.0,0.0,48.966,-22.064,-45.05983742902016,0.5777090420675812,-1.7047252566226192,-295.083701825603,0.49160962200648184,-1.6636680478721937,-338.41241903296526,0.6146818729826133,-1.6078433085935946,-261.573238630668,-0.12165524989129214,0.0,0.0,58.166,-31.263999999999996,-53.74961316684151,19.607843137254903,-1.116737681253252,17.647058823529413,-1.1342858008360868,21.568627450980394,-0.9937345058594893,35.294117647058826,-0.21357645484234347,29.411764705882355,-0.8058072943279466,FRTR 0 11/25/31,100.0,0.0,100.0,0.0,100.0,0.0,100.0,0.0,100.0,0.0,0.9782404681837524,0.007385958522156177,rising,86.27450980392157,100.0,-1.0,-1.0,-1.0,1,1,1.2011273012519206,1.3245275070710885,1.091431790479367,0.1626550811878401,Bottom Quartile,Top Decile,Below Median,Top Decile,Very Tight,4.487663698385092,"['Issue_Age', 'Cpn', 'YAS_RISK']","[0.32740840381666275, 0.3227267669215211, 0.17881603393649442]",0.8289512046746783,-0.2157016482204039,26.60617110595616
2026-06-01,FR0014004J31,FRTR 0 3/4 05/25/53,2053-05-25,-0.8934942408598516,NO ACTION,-0.2632452508127263,0.9759527173494805,-0.4341042489110909,0.164160615824239,-0.46416205252986475,121.482,-0.2860081370643182,-0.17815391546554654,-62.28980443185866,-0.006212723683764293,-0.257032527128962,-4137.188880325964,-0.30386136865452973,-0.13024288025656117,-42.86259768624255,0.164160615824239,0.0,0.0,122.762,-1.2800000000000011,-1.0426679264721448,-0.5488917415322595,0.08472968900239475,15.436502509988074,-0.38906678459566574,0.12582153378293942,32.33931436212601,-0.5041897264651707,0.07008547755407979,13.90061567802685,0.164160615824239,0.0,0.0,118.709,2.772999999999996,2.3359644169914664,-0.5586725657540447,0.09451051322417992,16.91697737205345,-0.40567992026175076,0.14243466944902444,35.11010992264849,-0.513472756905507,0.07936850799441608,15.457199117440643,0.164160615824239,0.0,0.0,111.883,9.599000000000004,8.57949822505837,-0.5715306288162494,0.10736857628638463,18.78614530775913,-0.42134995961309424,0.15810470880036792,37.52337016792668,-0.5228960143917697,0.0887917654806788,16.980768898360047,0.164160615824239,0.0,0.0,136.913,-15.431000000000012,-11.270660929840806,0.35744860758496483,-0.8216106601148296,-229.8541999311368,0.15200111013117834,-0.41524636094390466,-273.1863821697783,0.36218905408730306,-0.796293302998394,-219.85570022800388,0.164160615824239,0.0,0.0,146.895,-25.41300000000001,-17.30011232395248,45.09803921568628,-0.4684037038355914,45.09803921568628,-0.25476148931215586,45.09803921568628,-0.43975068473851053,52.94117647058824,0.07536361669200103,84.31372549019608,1.258880503320028,FRTR 0 3/4,60.0,-0.5151432125733536,60.0,-0.36365747216258393,60.0,-0.6681547036211036,40.0,-0.4653714536331869,100.0,1.12677513466086,0.966077751850339,0.009874965499141575,rising,27.450980392156865,60.0,-1.0,-1.0,-1.0,1,1,0.49468473150482983,0.29748992721906614,0.4770575665297147,0.2194854584458724,Below Median,Above Median,Top Quartile,Top Decile,Moderate,9.31010614771708,"['Issue_Age', 'REL_SPRD_LOG', 'YAS_RISK']","[0.392539831278809, 0.23617866056658518, 0.21736735503226276]",0.846085846877657,0.0761135226648261,121.46968073625048
2026-06-01,FR0014007L00,FRTR 0 05/25/32,2032-05-25,0.2991589285404359,NO ACTION,0.016756028949280754,0.9845119510671708,0.33899550069105494,-3.4779039366156783,0.251068909220953,32.542,0.6690411058952586,-0.4179721966743056,-62.47331991173783,0.6285513507142179,-0.6117953217649371,-97.33418142150849,0.6761013190984335,-0.3371058184073786,-49.86025080839611,-3.4779039366156783,0.0,0.0,31.315,1.2270000000000003,3.918250038665736,0.8577007043377424,-0.6066317951167894,-70.72767749589539,0.9039977163198651,-0.8872416873705844,-98.14645120652085,0.8252748505550762,-0.48627934986402127,-58.923320351349595,-3.4779039366156783,0.0,0.0,33.462,-0.9200000000000017,-2.7493873639503406,0.3015189739459037,-0.05045006472495073,-16.731969597643015,0.09870029241830315,-0.0819442634690224,-83.0233154927259,0.37954916237300745,-0.04055366168195251,-10.684692428231095,-3.4779039366156783,0.0,0.0,28.466,4.0760000000000005,14.318836501679606,0.27553077489029015,-0.02446186566933717,-8.878088043438524,0.06268065411699242,-0.04592462516771166,-73.26761101636401,0.3622170994964884,-0.023221598805433452,-6.410961325850506,-3.4779039366156783,0.0,0.0,53.544,-21.001999999999995,-39.223815919762465,-1.7710837345675112,2.022152643788464,114.17600381636738,-1.270234994176824,1.2869910231261048,101.3191274759539,-1.0122603592661747,1.3512558599572297,133.48896202829766,-3.4779039366156783,0.0,0.0,64.324,-31.781999999999996,-49.40924071117946,49.01960784313725,0.2311597307326238,49.01960784313725,0.01621602242356574,56.86274509803921,0.3263332930392009,1.9607843137254901,-3.606511739248068,33.33333333333333,-0.6826857128230346,FRTR 0 05/25/32,100.0,0.0,100.0,0.0,100.0,0.0,100.0,0.0,100.0,0.0,0.980429071718034,0.00408287934913687,rising,80.3921568627451,100.0,1.0,1.0,1.0,1,1,0.2675788666269448,0.018935763578687568,0.3725380920132826,4.650015085080381,Below Median,Top Decile,Below Median,Top Decile,Very Tight,4.795200987244641,"['Issue_Age', 'AMT_OUTSTANDING', 'REL_SPRD_LOG']","[0.23076204388552424, 0.22332358667649227, 0.17365868782848162]",0.6277443183904982,-3.642398348901793,32.36632239587499
2026-06-01,FR0014009O62,FRTR 1 1/4 05/25/38,2038-05-25,4.40077605202373,MODERATE BUY,1.6393661115690479,0.9821448733980983,1.4909045921591293,-1.4177375221463435,1.4379368118844114,76.381,1.215991792373172,0.22194501951123935,18.252180572112717,1.2831877005358292,0.3561784110332187,27.757311584950177,1.3857903985326026,0.10511419362652674,7.585143682573972,-1.4177375221463435,0.0,0.0,75.759,0.6219999999999999,0.8210245646298097,1.1484635621956452,0.2894732496887662,25.20526176858602,1.1766844980533964,0.4626816135156515,39.320787377499464,1.3417310607024866,0.1491735314566427,11.117990386742726,-1.4177375221463435,0.0,0.0,75.815,0.5660000000000025,0.7465541118846497,1.1688293738477522,0.26910743803665915,23.023671526015658,1.2117536979145245,0.4276124136545234,35.28872334877862,1.3564549005247721,0.13444969163435716,9.91184377683019,-1.4177375221463435,0.0,0.0,70.15,6.2309999999999945,8.882394866873494,0.9616385740593314,0.47629823782507996,49.52985931726021,0.8937558185620569,0.745610293006991,83.42438383944149,1.2020649229596627,0.2888396691994666,24.028624517670636,-1.4177375221463435,0.0,0.0,97.44,-21.058999999999997,-21.612274217814832,0.949303160368083,0.4886336515163283,51.47287681835776,0.8733497338079126,0.7660163777611353,87.71015085219003,1.1905382597845018,0.3003663323746275,25.22945628862452,-1.4177375221463435,0.0,0.0,98.972,-22.590999999999994,-22.825647655617175,96.07843137254902,1.3920286398938733,96.07843137254902,1.5865332833993822,98.0392156862745,1.467788971021641,7.8431372549019605,-1.5238259874295077,58.82352941176471,0.27432262256594364,FRTR 1 1/4,100.0,0.8104456845734243,100.0,0.8587653337952279,100.0,0.7004843223232275,66.66666666666666,-0.41860656924861994,100.0,0.973790686511105,0.9638966596763723,0.018248213721726025,rising,60.78431372549019,66.66666666666666,1.0,1.0,1.0,1,1,1.5324936233605255,1.8526256550133453,1.6384251443000317,1.8955385153852438,Top Decile,Top Decile,Above Median,Top Decile,Tight,7.979794152584674,"['YAS_RISK', 'REL_SPRD_LOG', 'Issue_Age']","[0.31570206618663904, 0.30910225379407713, 0.12644683838926496]",0.7512511583699811,-1.5389888240829888,76.40824119762706
2026-06-01,FR001400AIN5,FRTR 0 3/4 02/25/28,2028-02-25,2.55404022223562,STRONG BUY,2.1641358750888284,0.9479312657415588,1.4705436250905974,0.6629011877857568,1.8173431102065214,-2.988,1.5173527446138402,0.2999903655926812,19.77064098512989,1.6277318444938027,0.5364040305950257,32.95407834614371,1.397681652027172,0.07286197306342546,5.213059242527929,0.6629011877857568,0.0,0.0,-7.159,4.170999999999999,58.26232705927876,1.5770492768171231,0.24029383338939825,15.236926036368265,1.7303635354741838,0.4337723396146447,25.068277747135216,1.4193607533274137,0.0511828717631837,3.606050912890918,0.6629011877857568,0.0,0.0,-4.202,1.214,28.891004214919075,0.25276664474118626,1.5645764654653351,618.9805641362552,0.0,2.1641358750888284,21641358750.888287,-0.006846462677546278,1.4773900877681436,21578.850268597416,0.6629011877857568,0.0,0.0,-2.68,-0.30799999999999983,-11.492537270550228,0.258104272890179,1.5592388373163424,604.1119581033005,0.0,2.1641358750888284,21641358750.888287,-0.006846462677546278,1.4773900877681436,21578.850268597416,0.6629011877857568,0.0,0.0,5.12,-8.108,-158.35937469070436,-1.247970640628951,3.0653137508354726,245.6238653762105,-1.2817358134951597,3.4458716885839884,268.8441428739548,-1.3079991991252269,2.7785428242158243,212.42694986597726,0.6629011877857568,0.0,0.0,25.519,-28.506999999999998,-111.70892271965636,100.0,1.7631238347961018,100.0,2.0943909791699147,96.07843137254902,1.4476127768742635,72.54901960784314,0.5795558391177072,1.9607843137254901,-1.458308016168695,FRTR 0 3/4,100.0,1.579745623840119,100.0,1.6720608827479941,100.0,1.44255179213296,100.0,1.470075893059988,20.0,-0.7491839273607827,0.9607956839604601,-0.012864418218901275,falling,1.9607843137254901,20.0,1.0,1.0,1.0,1,1,1.9368491750342343,2.445660926397314,1.6160495204118286,0.8863098519394498,Top Decile,Top Decile,Bottom Decile,Bottom Quartile,Very Tight,1.6241283112641725,"['YAS_RISK', 'Issue_Age', 'AMT_OUTSTANDING']","[0.38303897444630397, 0.3543732323598521, 0.1385731042991971]",0.8759853111053532,0.5853227118397959,-3.9162165851615054
2026-06-01,FR001400BKZ3,FRTR 2 11/25/32,2032-11-25,0.8616886454623867,NO ACTION,0.4196580467333478,0.9820541960129243,0.7508703799864593,-0.38591017580960807,0.5821358705295775,37.014,1.0591775312547353,-0.47704166072515786,-45.03887612269792,1.118955943626188,-0.6992978968928403,-62.49556960903004,1.1331293071821804,-0.3822589271957211,-33.73480161525667,-0.38591017580960807,0.0,0.0,35.987,1.027000000000001,2.853808318877984,1.209151327085615,-0.6270154565560374,-51.85582956615803,1.354462513264335,-0.9348044665309874,-69.0166357853928,1.2298579234623008,-0.4789875434758415,-38.94657508346464,-0.38591017580960807,0.0,0.0,37.799,-0.7849999999999966,-2.0767745172949525,1.5446199528501738,-0.9624840823205963,-62.31203179224715,1.922537207515499,-1.5028791607821512,-78.17165499268341,1.3592033506249324,-0.608332970638473,-44.7565822938206,-0.38591017580960807,0.0,0.0,33.78,3.2340000000000018,9.573712252938515,-1.138781165957464,1.7209170364870414,151.11920295311603,-1.042643564037593,1.4623016107709408,140.24942436543677,-1.1107558363249697,1.861626216311429,167.59994759161322,-0.38591017580960807,0.0,0.0,59.731,-22.717,-38.03217758985582,0.4371962268592295,0.144939643670348,33.15207942126372,0.21614196258078827,0.2035160841525595,94.15852077341917,0.6382680621074557,0.11260231787900365,17.64185344681419,-0.38591017580960807,0.0,0.0,70.394,-33.38,-47.41881409673853,62.745098039215684,0.5549744883574659,66.66666666666666,0.40613347689100804,68.62745098039215,0.7344704655576465,27.450980392156865,-0.48071990752294136,37.254901960784316,-0.5850616503248136,FRTR 2 11/25/32,100.0,0.0,100.0,0.0,100.0,0.0,100.0,0.0,100.0,0.0,0.9639691737202739,0.01808502229265041,rising,56.86274509803921,100.0,1.0,1.0,1.0,1,1,0.6204163508039594,0.4742499300335474,0.8251667592614311,0.5159682877115065,Above Median,Top Decile,Below Median,Top Decile,Very Tight,5.501512585986745,"['Issue_Age', 'AMT_OUTSTANDING', 'YAS_RISK']","[0.4644195958811506, 0.2310655677634311, 0.11762397573869134]",0.813109139383273,-0.4855033129077916,36.86658460376397
2026-06-01,FR001400CMX2,FRTR 2 1/2 05/25/43,2043-05-25,-2.217738166191893,NO ACTION,-0.24809820040556355,0.9700458245674771,-0.2898106186526915,-0.025580020758249243,-0.41758904509142053,93.096,-0.5692893017978332,0.15170025670641268,26.64730455369671,-0.4654302903553515,0.21733208994978795,46.69487349316472,-0.41248123842922,0.12267061977652854,29.739683984101955,-0.025580020758249243,0.0,0.0,92.958,0.13800000000000523,0.14845414056365222,-0.5591437731433048,0.14155472805188424,25.31633764326495,-0.44798063216758116,0.19988243176201761,44.61854217514277,-0.40213248243984206,0.11232186378715059,27.931556364835064,-0.025580020758249243,0.0,0.0,92.734,0.362000000000009,0.3903638363070423,-0.4103086665941262,-0.007280378497294349,-1.7743662058835856,-0.24334398767419887,-0.004754212731364671,-1.9537004309963908,-0.28709021396171674,-0.0027204046909747315,-0.9475783095064552,-0.025580020758249243,0.0,0.0,86.697,6.399000000000001,7.380878230229319,-0.5607053265508799,0.14311628145945937,25.524330183804594,-0.4538279989897886,0.20572979858422505,45.332106989644636,-0.40589056727067313,0.11607994861798165,28.59882813701593,-0.025580020758249243,0.0,0.0,113.389,-20.292999999999992,-17.896797747762406,-0.48101138826717565,0.06342234317575512,13.18520588165511,-0.3361206477940037,0.08802244738844014,26.187752923649803,-0.3396192653657949,0.04980864671310342,14.666024671142667,-0.025580020758249243,0.0,0.0,116.48,-23.384,-20.07554944882593,47.05882352941176,-0.42285090371344003,47.05882352941176,-0.2401025919208396,47.05882352941176,-0.29676649894201035,45.09803921568628,-0.11645104331599697,70.58823529411765,0.6392122032139231,FRTR 2 1/2,100.0,0.7071067685791294,100.0,0.7071067694314491,100.0,0.7071067728355019,50.0,-0.7071067735258715,100.0,0.7071067810615616,0.9924623549108919,-0.02241653034341473,falling,17.647058823529413,50.0,-1.0,-1.0,-1.0,1,1,0.44504914506580945,0.2803724487107225,0.3184865129418268,0.03420091082742071,Below Median,Top Decile,Above Median,Top Decile,Tight,10.474283383865668,"['YAS_RISK', 'AMT_OUTSTANDING', 'REL_SPRD_LOG']","[0.33665291960327093, 0.3097243765557015, 0.1883336121334272]",0.8347109082923996,-0.1176097898936845,93.11946183961264
2026-06-01,FR001400FTH3,FRTR 3 05/25/54,2054-05-25,1.9245472784196096,NO ACTION,0.37974439047040354,0.9838357410907534,0.5723893959311718,-0.7249577891158218,0.5094704036844233,125.882,0.5721092733591109,-0.06263886967468757,-10.948759528408033,0.4697740965458644,-0.09002970607546085,-19.164467521938906,0.624189266696432,-0.05179987076526027,-8.298744098811648,-0.7249577891158218,0.0,0.0,126.502,-0.6199999999999903,-0.49011082824854885,0.6335684523916497,-0.1240980487072264,-19.587156885740526,0.559408008354509,-0.17966361788410545,-32.116739837334386,0.6773633625117723,-0.10497396658060054,-15.497437688627919,-0.7249577891158218,0.0,0.0,124.798,1.0840000000000032,0.8686036634506505,0.72409012729828,-0.21461972361385673,-29.639918092883338,0.6903838405475159,-0.31063945007711236,-44.99517910663127,0.7533944668131369,-0.18100507088196516,-24.025271813461874,-0.7249577891158218,0.0,0.0,118.203,7.679000000000002,6.496451020152075,0.7000966108101088,-0.19062620712568545,-27.228556953339456,0.6552978852541541,-0.2755534947837506,-42.05011137367967,0.7351369054335026,-0.16274750950233086,-22.1383943705725,-0.7249577891158218,0.0,0.0,144.67,-18.787999999999982,-12.986797538329512,0.8375303247109647,-0.32805992102654136,-39.1699150980312,0.856377603106567,-0.47663321263616343,-55.656897768163816,0.8421581868846305,-0.26976879095345874,-32.03303036785796,-0.7249577891158218,0.0,0.0,151.741,-25.85900000000001,-17.041537882507598,58.82352941176471,0.48390079848774636,64.70588235294117,0.36750614180310925,62.745098039215684,0.5576091714062514,17.647058823529413,-0.8234735940511374,88.23529411764706,1.3549328009479737,FRTR 3 05/25/54,100.0,0.0,100.0,0.0,100.0,0.0,100.0,0.0,100.0,0.0,0.9793555512084908,0.00448018988226262,rising,70.58823529411765,100.0,1.0,1.0,1.0,1,1,0.542972499545448,0.4291440424247439,0.6290256154259949,0.9692805542856512,Above Median,Top Decile,Top Quartile,Top Decile,Moderate,13.261621226328655,"['REL_SPRD_LOG', 'Issue_Age', 'AMT_OUTSTANDING']","[0.37172245790879493, 0.27681246664450315, 0.14424833288765507]",0.7927832574409531,-0.8316675713806052,125.6661260366732
2026-06-01,FR001400H7V7,FRTR 3 05/25/33,2033-05-25,2.565843636575288,STRONG BUY,1.6402290919274658,0.9841667316384829,1.1743560586845803,1.2867504409184305,1.5715351533282627,42.454,-1.0834743859319327,2.6550095392601953,245.04589579862963,-1.11990691451827,2.7601360064457356,246.46119655283076,-1.0131578123601044,2.1875138710446844,215.91047542316474,1.2867504409184305,0.0,0.0,41.381,1.0730000000000004,2.592977452794042,-1.3241469231853817,2.895682076513644,218.68283677157797,-1.504006001733612,3.144235093661078,209.0573487825913,-1.1548993103826413,2.3292553690672215,201.6847120747714,1.2867504409184305,0.0,0.0,42.802,-0.347999999999999,-0.8130461191502603,-1.3491252101741387,2.9206603635024013,216.4854914746473,-1.5405656108480956,3.1807947027755614,206.46927724016746,-1.165416338827131,2.3397723975117115,200.7670820704074,1.2867504409184305,0.0,0.0,38.92,3.533999999999999,9.080164437543633,0.6247741985634513,0.9467609547648114,151.53649779201143,0.21200788406056398,1.4282212078669019,673.6641643442315,0.5020515096944242,0.672304548990156,133.9114657793202,1.2867504409184305,0.0,0.0,65.155,-22.701,-34.84153172667616,1.0881506997197774,0.48338445360848525,44.42256475051764,0.8895601681385309,0.7506689237889349,84.38652518818502,0.8830203480676214,0.29133571061695884,32.993091037505664,1.2867504409184305,0.0,0.0,74.858,-32.404,-43.287290597760126,98.0392156862745,1.522700436266188,98.0392156862745,1.5873684519757532,86.27450980392157,1.154113071102283,96.07843137254902,1.2102242849562166,39.21568627450981,-0.46630608234844456,FRTR 3 05/25/33,100.0,0.0,100.0,0.0,100.0,0.0,100.0,0.0,100.0,0.0,0.9688700686513474,0.015296662987135501,rising,74.50980392156863,100.0,1.0,-1.0,-1.0,0,0,1.6748772139759818,1.8536008975418417,1.2905550798011995,1.7204066213591118,Top Decile,Top Decile,Below Median,Top Decile,Very Tight,6.056080454840895,"['Issue_Age', 'YAS_RISK', 'REL_SPRD_LOG']","[0.6244687696762667, 0.16650499784503298, 0.12241126495453494]",0.9133850324758348,1.2222666266003748,42.17324358084837
2026-06-01,FR001400HI98,FRTR 2 3/4 02/25/29,2029-02-25,-0.6784844712250648,NO ACTION,-0.3080393772058955,0.9773132808218886,-0.9070339840029064,0.05266321851801263,-0.6257784284960914,3.517,-0.8123269740934407,0.18654854559734924,22.96471116314546,-0.5820170276075484,0.27397765040165284,47.073819613231805,-1.0643126387141029,0.1572786547111965,14.777486192729155,0.05266321851801263,0.0,0.0,-0.055,3.572,6494.5442737192225,-0.7584822205760565,0.13270379207996508,17.495965855281597,-0.49866532606613956,0.19062594886024403,38.22723078448764,-1.0148124915020378,0.10777850749913143,10.620534073004324,0.05266321851801263,0.0,0.0,3.711,-0.19399999999999995,-5.227701414099429,1.3230806236325896,-1.948859052128681,-147.29707340496572,1.4191601726720708,-1.7271995498779664,-121.70575041260689,1.455034513811123,-2.3620684978140294,-162.33762561366194,0.05266321851801263,0.0,0.0,3.432,0.08499999999999996,2.4766899694735134,0.6352011133174708,-1.2609795418135623,-198.51657932023684,0.3985728231492231,-0.7066122003551186,-177.28559038306747,0.9431777507701024,-1.8502117347730087,-196.16787118287385,0.05266321851801263,0.0,0.0,19.312,-15.795000000000002,-81.78852522691149,1.3595951509232977,-1.9853735794193892,-146.02682007717112,1.4857931071969954,-1.793832484402891,-120.7323188969285,1.4750869813786167,-2.382120965381523,-161.49020222564585,0.05266321851801263,0.0,0.0,38.033,-34.516,-90.75276730976972,39.21568627450981,-0.6264797842902728,43.13725490196079,-0.2981120087123298,25.49019607843137,-0.9083886487980602,49.01960784313725,-0.037352540169698564,9.803921568627452,-1.3163034261528344,FRTR 2 3/4,50.0,-0.707106775534884,50.0,-0.7071067742696197,50.0,-0.707106776827434,100.0,0.7071067590956174,50.0,-0.7071067800509582,0.9844708099584233,-0.007157529136534668,falling,31.372549019607842,50.0,-1.0,-1.0,-1.0,1,1,0.6669287853129392,0.34811116866370506,0.9967822850238947,0.07041159416724393,Below Median,Above Median,Bottom Decile,Above Median,Very Tight,2.5916820160091447,"['Issue_Age', 'AMT_OUTSTANDING', 'REL_SPRD_LOG']","[0.47004647107579817, 0.2596379387469709, 0.10971717547751626]",0.8394015853002853,-0.0377242167717877,2.975605628564316
2026-06-01,FR001400L834,FRTR 3 1/2 11/25/33,2033-11-25,2.911389634976288,WEAK SELL,-0.8152610462569533,0.9832771800787281,-0.9406323842069031,-0.3146027448099814,-0.9578113797155051,46.488,-0.852536247976446,-0.10527513173905911,-12.348463863453379,-0.6592731992203273,-0.15598784703662594,-23.66057726220985,-0.8596652878889246,-0.08096709631797849,-9.418444191804525,-0.3146027448099814,0.0,0.0,45.529,0.9589999999999961,2.106349798566542,-0.8991401890607843,-0.05867119065472082,-6.525254984262413,-0.73092288013407,-0.08433816612288325,-11.538585979625493,-0.8959280019655252,-0.04470438224137785,-4.9897292689067125,-0.3146027448099814,0.0,0.0,47.042,-0.554000000000002,-1.1776710171383762,-0.8893119963827237,-0.06849938333278138,-7.702514172883215,-0.7152541280367388,-0.10000691822021446,-13.982011833544627,-0.888019196575269,-0.05261318763163414,-5.9247803698460455,-0.3146027448099814,0.0,0.0,43.115,3.3729999999999976,7.823263363603552,0.7917003468686824,-1.7495117265841875,-220.98155083620546,0.7466789915749387,-1.561940037831892,-209.18494219569018,0.8905645631384687,-1.8311969473453718,-205.62202928104233,-0.3146027448099814,0.0,0.0,69.769,-23.281000000000006,-33.368688094516386,1.111164041253412,-2.068975420968917,-186.1989162297932,1.2275962423135636,-2.042857288570517,-166.41117018078938,1.13259644440766,-2.073228828614563,-183.0509728814971,-0.3146027448099814,0.0,0.0,78.693,-32.205,-40.92485989339269,25.49019607843137,-0.9512393712861698,29.411764705882355,-0.7889871429071454,23.52941176470588,-0.9416821482313369,29.411764705882355,-0.40863302682308217,41.17647058823529,-0.37824358947773273,FRTR 3 1/2,50.0,-0.7071067763607721,50.0,-0.7071067759324747,50.0,-0.7071067762713982,50.0,-0.7071067683961257,50.0,-0.707106780513011,0.9753763855100748,0.007900794568653335,rising,66.66666666666666,100.0,-1.0,-1.0,-1.0,1,1,1.0207957816119608,0.9213155738488855,1.0337051464812883,0.42062907309557585,Below Median,Above Median,Below Median,Above Median,Very Tight,6.53859008371569,"['Issue_Age', 'REL_SPRD_LOG', 'Cpn']","[0.43594523999814766, 0.22304587099677123, 0.1583929041498286]",0.8173840151447476,-0.4126991314098571,46.18787372106628
2026-06-01,FR001400NEF3,FRTR 3 06/25/49,2049-06-25,-5.345669586552162,MODERATE SELL,-1.2790935301483166,0.9891556718587656,-1.2438313029092465,-0.15416452861687827,-1.2625642879787897,109.055,-1.2181672309392417,-0.044397057039547994,-3.6445781455522144,-1.2115092608945683,-0.06758426925374827,-5.578518536952228,-1.2163187564984614,-0.027512546410785044,-2.2619519790842464,-0.15416452861687827,0.0,0.0,109.339,-0.2839999999999918,-0.2597426352664809,-1.094971757823495,-0.16759253015529474,-15.305648518082156,-1.0248029629362885,-0.25429056721202814,-24.813605534674547,-1.1303034865271278,-0.11352781638211873,-10.044011783643459,-0.15416452861687827,0.0,0.0,108.226,0.8290000000000077,0.7659896881741992,-1.1547426523604372,-0.10782163561835256,-9.337286923993245,-1.116619746858404,-0.16247378328991258,-14.550502289788476,-1.174559142221541,-0.06927216068770559,-5.897715798875299,-0.15416452861687827,0.0,0.0,101.328,7.727000000000004,7.625730300842245,-1.029355077766769,-0.23320921021202068,-22.655856369057084,-0.9258432529398124,-0.3532502772085042,-38.15443621491993,-1.0801302494946154,-0.16370105341463104,-15.155677009847452,-0.15416452861687827,0.0,0.0,128.159,-19.103999999999985,-14.90648335154717,-1.2436685105703476,-0.01889577740844217,-1.5193580199148686,-1.2471680782761398,-0.03192545187217677,-2.5598355323783784,-1.2312669595942294,-0.012564343315017101,-1.0204402152652359,-0.15416452861687827,0.0,0.0,132.311,-23.256,-17.57676988175006,11.76470588235294,-1.2493164996552168,9.803921568627452,-1.2378714210572743,11.76470588235294,-1.2421295792606786,33.33333333333333,-0.24644108710124601,78.43137254901961,0.9875982527240103,FRTR 3 06/25/49,100.0,0.0,100.0,0.0,100.0,0.0,100.0,0.0,100.0,0.0,0.9831156206401539,0.0060400512186117306,rising,96.07843137254902,100.0,-1.0,-1.0,-1.0,1,1,1.3455888356280237,1.4454864428338827,1.3669046917366152,0.20612052452212587,Bottom Quartile,Top Decile,Top Quartile,Top Decile,Moderate,12.564212290035924,"['GREEN_BOND_LOAN_INDICATOR', 'AMT_OUTSTANDING', 'YAS_RISK']","[0.35895496860427134, 0.3137157064660404, 0.1543316004998002]",0.827002275570112,-0.2488933001355725,109.19896258389149
2026-06-01,FR001400OHF4,FRTR 3 1/4 05/25/55,2055-05-25,3.099438171520092,NO ACTION,0.6478180397524244,0.980453885379192,1.0194612637541351,-1.0058481802171801,0.779885243393307,128.471,0.8377057671658584,-0.057820523772551424,-6.902247226725698,0.7322578751298473,-0.08443983537742294,-11.531434087930604,1.0632121020832124,-0.043750838329077224,-4.114968013612421,-1.0058481802171801,0.0,0.0,129.107,-0.6359999999999957,-0.49261465292411266,0.8649950318061277,-0.08510978841282069,-9.83933829668083,0.7750139089514855,-0.12719586919906112,-16.41207545938583,1.0857325656590133,-0.06627130190487818,-6.10383287658594,-1.0058481802171801,0.0,0.0,127.124,1.3470000000000084,1.0595953556323345,0.8770609662565333,-0.09717572286322629,-11.079699757933724,0.7933367804408334,-0.1455187406884091,-18.34261847450043,1.0956606405106115,-0.07619937675647637,-6.954651216228777,-1.0058481802171801,0.0,0.0,119.924,8.546999999999997,7.127013774796784,0.9911183287434335,-0.21123308535012653,-21.312599827174374,0.9564673975218102,-0.30864935776938585,-32.269720362881024,1.1870045382271532,-0.1675432744730181,-14.114796335300635,-1.0058481802171801,0.0,0.0,147.423,-18.951999999999998,-12.855524578060711,1.17360118420713,-0.3937159408138231,-33.54767724821655,1.2310818901863023,-0.583263850433878,-47.3781517172506,1.3143026505192572,-0.29484138676512206,-22.433294523548753,-1.0058481802171801,0.0,0.0,154.86,-26.38900000000001,-17.04055275622882,70.58823529411765,0.7483920525602548,72.54901960784314,0.6269404219110433,80.3921568627451,1.000623924716652,15.686274509803921,-1.1074343514253082,92.15686274509804,1.4114508460749624,FRTR 3 1/4,100.0,0.579269173836141,100.0,0.7061658772567884,100.0,0.8444281957103481,33.33333333333333,-0.8500562841428726,100.0,0.8704465431271129,0.974985897487401,0.005467987891790926,rising,52.94117647058824,66.66666666666666,1.0,1.0,1.0,1,1,0.8311694593081245,0.7320904779940288,1.120333907990528,1.3448356528966967,Above Median,Top Decile,Top Decile,Top Decile,Moderate,13.837099576647915,"['REL_SPRD_LOG', 'Issue_Age', 'YAS_RISK']","[0.40787041603352897, 0.2093811898655859, 0.15869229121547068]",0.7759438971145856,-1.1184538814199636,128.26256393430967
2026-06-01,FR001400PM68,FRTR 2 3/4 02/25/30,2030-02-25,-1.062092502773588,WEAK BUY,1.1376891331888834,0.9776814946066122,1.3870103738321629,-0.4000112341779454,1.1436121038400944,12.323,0.8092949733595669,0.33431713048052747,41.3096753785253,0.640218779544747,0.4974703536441364,77.70317925187456,1.1271416123211175,0.2598687615110453,23.055555430195078,-0.4000112341779454,0.0,0.0,9.462,2.8610000000000007,30.236736387405692,1.0273850796189063,0.11622702422118802,11.312897704628044,0.9616656357486862,0.17602349744019719,18.30402263181165,1.3018084207272036,0.08520195310495926,6.544891790058893,-0.4000112341779454,0.0,0.0,12.978,-0.6549999999999994,-5.047002615929258,0.8964327863147704,0.24717931752532396,27.573658453983008,0.7692960466954605,0.36839308649342295,47.887036893945485,1.194731048457705,0.1922793253744579,16.09394214817467,-0.4000112341779454,0.0,0.0,11.107,1.216000000000001,10.948050768931267,1.5554857996031697,-0.4118736957630753,-26.478781948396634,1.816261383606227,-0.6785722504173435,-37.36093564539317,1.5872826408244334,-0.20027226699227052,-12.617303344697259,-0.4000112341779454,0.0,0.0,31.384,-19.061,-60.73476928985,1.2844384974839527,-0.1408263936438583,-10.964043262742006,1.3635789928106385,-0.22588985962175512,-16.565953212549186,1.477989681229296,-0.09097930739713322,-6.155611770300139,-0.4000112341779454,0.0,0.0,46.797,-34.474,-73.66711539763935,84.31372549019608,1.104151276288488,84.31372549019608,1.1010241478265015,94.11764705882352,1.3648375781580575,25.49019607843137,-0.49497510222130886,19.607843137254903,-1.124067850491087,FRTR 2 3/4,100.0,0.707106775534884,100.0,0.7071067742696198,100.0,0.707106776827434,50.0,-0.7071067590956175,100.0,0.7071067800509582,0.9832865338179272,-0.005605039211314944,falling,33.33333333333333,100.0,1.0,1.0,1.0,1,1,1.2188145141343951,1.2856872303882843,1.5242509036748941,0.5348216359705079,Top Quartile,Top Decile,Bottom Quartile,Top Decile,Very Tight,3.474293003952056,"['Issue_Age', 'AMT_OUTSTANDING', 'REL_SPRD_LOG']","[0.39709435275736643, 0.2999996443834913, 0.11516978472798933]",0.8122637818688471,-0.4999003539786832,11.747966006585402
2026-06-01,FR001400QMF9,FRTR 3 11/25/34,2034-11-25,3.075506221597877,NO ACTION,-0.5660951206113628,0.9923694425879104,-0.756191750699738,1.016383712596314,-0.7198523540404633,53.652,-0.4604551088652121,-0.2593972451752512,-56.33496828410413,-0.19180366809696484,-0.374291452514398,-195.1430005034512,-0.5453744098537925,-0.2108173408459455,-38.65552419977137,1.016383712596314,0.0,0.0,53.116,0.5360000000000014,1.0091121317476657,-0.34017493022830714,-0.3796774238121562,-111.6124025941879,-0.016627688853179792,-0.549467431758183,-3304.5308109673024,-0.4575081428762287,-0.2986836078235093,-65.28487108825648,1.016383712596314,0.0,0.0,54.539,-0.8870000000000005,-1.626359118864234,-0.3596149910203654,-0.3602373630200979,-100.17306341447565,-0.04560712073025972,-0.5204879998811031,-1141.242589803542,-0.47217589188014386,-0.2840158588195941,-60.150434973212185,1.016383712596314,0.0,0.0,50.248,3.4040000000000035,6.774398979705786,1.0878980326161092,-1.8077503866565725,-166.16910002976084,0.9371676139247747,-1.5032627345361376,-160.4048940829397,0.9495580813597598,-1.7057498320594977,-179.63617471964005,1.016383712596314,0.0,0.0,77.58,-23.927999999999997,-30.843000769419564,0.8107994603335192,-1.5306518143739827,-188.78303087005654,0.5340849871878925,-1.1001801077992552,-205.993449280922,0.722838993505746,-1.479030744205484,-204.61413081367112,1.016383712596314,0.0,0.0,83.605,-29.953000000000003,-35.8268046126635,33.33333333333333,-0.7184929688090709,35.294117647058826,-0.5478512359635822,31.372549019607842,-0.7589152876111844,80.3921568627451,0.9369022227735292,45.09803921568628,-0.22185298488532318,FRTR 3 11/25/34,100.0,0.0,100.0,0.0,100.0,0.0,100.0,0.0,100.0,0.0,0.9679658036747556,0.02440363891315478,rising,98.0392156862745,100.0,-1.0,-1.0,-1.0,1,1,0.7671888870293084,0.6397365031650603,0.8310146636978586,1.3589218339371072,Below Median,Top Decile,Below Median,Top Decile,Tight,7.065651700467868,"['REL_SPRD_LOG', 'Issue_Age', 'YAS_RISK']","[0.4144238607014575, 0.26883967298417516, 0.21391303134983888]",0.8971765650354715,0.9462248721320476,53.31962428208698
2026-06-01,FR001400WYO4,FRTR 3.6 05/25/42,2042-05-25,-0.208178406092955,NO ACTION,0.324986967188079,0.9792682748457097,0.22740281754272226,1.1857329597862853,0.5867690540142569,91.053,0.383693669553522,0.20307538446073492,52.926434622806354,0.02553798310135646,0.29944898408672255,1172.5627103831318,0.07124597919893831,0.15615683834378397,219.1798304712302,1.1857329597862853,0.0,0.0,90.7,0.35299999999999443,0.3891951487994211,0.4593605659519967,0.12740848806226024,27.736051967066167,0.13764015674635421,0.1873468104417248,136.11347244803247,0.1263552082480647,0.10104760929465756,79.9710615008219,1.1857329597862853,0.0,0.0,90.919,0.13400000000000034,0.14738393513485845,0.694532042228483,-0.10776298821422603,-15.515912889614892,0.48918386487772586,-0.16419689768964685,-33.56547632128895,0.3194478504888967,-0.09204503294617442,-28.813789143963824,1.1857329597862853,0.0,0.0,85.603,5.450000000000003,6.366599300682621,0.5666591541631406,0.02010989985111633,3.5488528418692806,0.29252915776187055,0.03245780942620846,11.09558054485367,0.20914525616308802,0.018257561379634246,8.729607757603896,1.1857329597862853,0.0,0.0,113.063,-22.010000000000005,-19.46702280856983,,,,,,,,,,,,,,,,64.70588235294117,0.5595061794123286,60.78431372549019,0.31451341861728715,52.94117647058824,0.2157532978430348,90.19607843137256,1.108102598493955,66.66666666666666,0.5946133750198566,FRTR 3.6 05/25/42,100.0,0.0,100.0,0.0,100.0,0.0,100.0,0.0,100.0,0.0,0.981328365669285,-0.002060090823575389,falling,45.09803921568628,100.0,1.0,1.0,1.0,1,1,0.6253542062698235,0.3672634127964019,0.2499036464882667,1.5853445783348898,Above Median,Top Decile,Above Median,Top Decile,Tight,11.108576241684888,"['Issue_Age', 'YAS_RISK', 'Cpn']","[0.5474014232740598, 0.2417331678965632, 0.118194450007765]",0.907329041178388,1.1191287778837749,90.96351089633497
2026-06-01,FR001400X8V5,FRTR 3.2 05/25/35,2035-05-25,3.547157030780724,NO ACTION,0.14997698928759437,0.9886315614082098,0.619337410907374,-0.050544174111145895,0.40342513927711077,57.443,0.7876820286362158,-0.38425688935910507,-48.78324888865097,0.7121581783362257,-0.5621811890486313,-78.94049359483219,0.9361383530645907,-0.31680094215721666,-33.84125196195579,-0.050544174111145895,0.0,0.0,57.149,0.29399999999999693,0.5144446971050279,0.8280671790341574,-0.4246420397570466,-51.28110923611663,0.7720066355530069,-0.6220296462654125,-80.57309478467477,0.9674370297153925,-0.34809961880801843,-35.98163027853728,-0.050544174111145895,0.0,0.0,58.402,-0.9590000000000032,-1.6420670522170413,0.6563134274337651,-0.2528882881566543,-38.53163347461946,0.5234197171962949,-0.3734427279087005,-71.34670485368437,0.8260320766030794,-0.20669466569570538,-25.022595253618178,-0.050544174111145895,0.0,0.0,53.873,3.5700000000000003,6.626696117419358,1.1417440391407196,-0.7383188998636089,-64.66588553005992,1.2363394693508625,-1.086362480063268,-87.86927039114374,1.1996530177697264,-0.5803156068623524,-48.37362082444926,-0.050544174111145895,0.0,0.0,81.427,-23.98400000000001,-29.454603506275006,,,,,,,,,,,,,,,,54.90196078431373,0.3801785138611479,52.94117647058824,0.14514359151969036,64.70588235294117,0.6041311397295442,37.254901960784316,-0.1416880756882987,49.01960784313725,-0.13909519845179108,FRTR 3.2 05/25/35,100.0,0.0,100.0,0.0,100.0,0.0,100.0,0.0,100.0,0.0,0.9700507877891714,0.018580773619038427,rising,94.11764705882352,100.0,1.0,1.0,1.0,1,1,0.4299538396511974,0.1694869840574695,0.6806189961268937,0.06757839674791728,Above Median,Top Decile,Below Median,Top Decile,Tight,7.436999074238315,"['Issue_Age', 'REL_SPRD_LOG', 'YAS_RISK']","[0.4880229056777382, 0.2186651436274203, 0.12652625964860284]",0.8332143089537614,-0.1430979434587186,57.06339990797522
2026-06-01,FR001400XJJ3,FRTR 3 3/4 05/25/56,2056-05-25,4.451119225061561,WEAK BUY,0.9562297185015916,0.9791720874618631,1.221444300706709,-0.27413564119906403,1.0003844369057249,131.08,1.0881706035480965,-0.0877861666423716,-8.067316425329246,1.0884870406796712,-0.13225732217807962,-12.150564592890262,1.2856963331502453,-0.06425203244353628,-4.9974500422163715,-0.27413564119906403,0.0,0.0,131.985,-0.9050000000000011,-0.6856839791881142,1.1000548468828046,-0.09967040997707977,-9.060494515656528,1.1058689541900213,-0.14963923568842974,-13.531371304739615,1.2940258196782812,-0.07258151897157217,-5.6089698757881274,-0.27413564119906403,0.0,0.0,129.863,1.217000000000013,0.9371414489933998,1.2548795770543555,-0.2544951401486306,-20.28044306195309,1.3488859629003422,-0.3926562443987507,-29.109669185340454,1.3952977922464211,-0.17385349153971208,-12.459955950608466,-0.27413564119906403,0.0,0.0,123.503,7.577000000000012,6.135073641439079,1.3112227882943637,-0.3108383513886388,-23.705990453565697,1.4386555897039661,-0.48242587120237457,-33.53310349618379,1.4239321550246187,-0.2024878543179096,-14.220330103604953,-0.27413564119906403,0.0,0.0,151.178,-20.097999999999985,-13.294262391796794,,,,,,,,,,,,,,,,78.43137254901961,0.9640610900911124,76.47058823529412,0.9254127337830474,90.19607843137256,1.200773993930723,31.372549019607842,-0.36772358401502037,94.11764705882352,1.4684054925548058,FRTR 3 3/4,100.0,0.0,100.0,0.0,100.0,0.0,100.0,0.0,100.0,0.0,0.9790998961619022,7.21912999609442e-05,rising,43.13725490196079,100.0,1.0,1.0,1.0,1,1,1.0661683863966411,1.080622379638365,1.3423025625949923,0.36652388627336996,Top Quartile,Top Decile,Top Decile,Top Decile,Moderate,14.906470875766331,"['Issue_Age', 'REL_SPRD_LOG', 'YAS_RISK']","[0.46837716894144404, 0.21706813414167744, 0.1343647122405457]",0.8198100153236672,-0.3713826190256096,130.93690168649456
2026-06-01,FR001400XLW2,FRTR 2.4 09/24/28,2028-09-24,0.0066412008379775,NO ACTION,0.21593209766402832,0.9876854976263625,0.21053350391776068,-0.4467406083324968,0.31869163383815724,0.17,0.30601502685587534,0.012676606982281902,4.1424784587471875,0.19952419447921826,0.016407903184810058,8.223515150774125,0.20273688016424563,0.007796623753515058,3.8456857788430554,-0.4467406083324968,0.0,0.0,-3.188,3.358,105.33249653283407,-0.5928450496447115,0.9115366834828688,153.75630928410658,-0.4155356610197377,0.631467758683766,151.96475362370796,-0.33450097818947655,0.5450344821072373,162.93957308087383,-0.4467406083324968,0.0,0.0,-0.321,0.491,152.95949679253903,0.14360217280989354,0.1750894610282637,121.92674066804005,0.0,0.21593209766402832,2159320976.640283,-0.006846462677546278,0.21737996659530695,3175.065129642995,-0.4467406083324968,0.0,0.0,-0.029,0.199,686.206659928738,0.4308341005716933,-0.11214246673353606,-26.029152284327985,0.3807600067021938,-0.16482790903816547,-43.28918526313737,0.3009519031311873,-0.09041839921342662,-30.044135048914782,-0.4467406083324968,0.0,0.0,14.321,-14.151,-98.81293198881856,,,,,,,,,,,,,,,,50.98039215686274,0.297301142413503,54.90196078431373,0.20897312533216758,50.98039215686274,0.19903707087382294,23.52941176470588,-0.5422152674135714,5.88235294117647,-1.389368662553001,FRTR 2.4 09/24/28,100.0,0.0,100.0,0.0,100.0,0.0,100.0,0.0,100.0,0.0,0.9740257074713735,0.013659790154988971,rising,92.15686274509804,100.0,1.0,1.0,-1.0,1,0,0.3396483716383102,0.24402196742394777,0.23136516471312296,0.5972995820826351,Above Median,Top Decile,Bottom Decile,Top Decile,Very Tight,2.1946995066912223,"['Issue_Age', 'REL_SPRD_LOG', 'Cpn']","[0.40993031126178653, 0.20923559572136982, 0.1902964520028048]",0.8094623589859611,-0.5476105826258303,-0.3287508368169449
2026-06-01,FR001400Z2L7,FRTR 2.7 02/25/31,2031-02-25,-0.9869017524395004,MODERATE BUY,1.257779741047557,0.9839330300982654,1.1098095494445983,1.116740583100322,1.3222485208288886,21.089,1.6232119989248184,-0.3009634780959298,-18.541230377865535,1.7597200707547898,-0.5019403297072327,-28.523873495376463,1.2497000504609048,-0.1398905010163065,-11.193926082128312,1.116740583100322,0.0,0.0,19.298,1.7910000000000004,9.280754477520597,1.5937551722288623,-0.27150665139997376,-17.03565606734357,1.7020181559246583,-0.44423841487710125,-26.100685866402557,1.2388745225153768,-0.12906497307077847,-10.417921240880503,1.116740583100322,0.0,0.0,22.226,-1.1370000000000005,-5.1156303405400765,0.5981440741200955,0.724104446708793,121.05853187096089,0.19824664731729805,1.059533093730259,534.4519338020683,0.5466577330036535,0.5631518164409448,103.01725780863605,1.116740583100322,0.0,0.0,19.186,1.9029999999999987,9.918690706807721,1.5555455460367624,-0.23329702520787388,-14.997762315767263,1.6396006235531342,-0.3818208825055771,-23.28743199361563,1.2252724990605033,-0.11546294961590498,-9.4234506007515,1.116740583100322,0.0,0.0,43.061,-21.972,-51.025289693452244,,,,,,,,,,,,,,,,94.11764705882352,1.2788745644159092,86.27450980392157,1.2172445241334715,84.31372549019608,1.0901523123830124,88.23529411764706,1.0383560775824554,25.49019607843137,-0.9327054775350484,FRTR 2.7 02/25/31,100.0,0.0,100.0,0.0,100.0,0.0,100.0,0.0,100.0,0.0,0.9883102451220867,-0.004377215023821268,falling,72.54901960784314,100.0,1.0,1.0,1.0,1,1,1.4091978242163856,1.4214000156380575,1.2196218864421082,1.4931006296255243,Top Decile,Top Decile,Below Median,Top Decile,Very Tight,4.306881777208105,"['Issue_Age', 'AMT_OUTSTANDING', 'Cpn']","[0.6338795177915316, 0.17952206684057984, 0.08979136813744167]",0.9031929527695532,1.0486882439337435,20.72845806451715
2026-06-01,FR0014012II5,FRTR 3 1/2 11/25/35,2035-11-25,4.165014894285541,WEAK BUY,1.0880243228733972,0.9809343160777094,1.0938937797319375,0.46723229030871644,1.1143944591062163,61.335,1.4078448432773076,-0.29345038417109137,-20.84394338537881,1.5562052490387965,-0.4681809261653993,-30.084779848037225,1.2649146849439334,-0.17102090521199598,-13.52035088971564,0.46723229030871644,0.0,0.0,61.09,0.24499999999999744,0.4010476345717673,1.5072289618177963,-0.39283450271158005,-26.063359320767386,1.723944960440868,-0.6359206375674709,-36.88752532540789,1.30215898834202,-0.20826520861008246,-15.993838607670579,0.46723229030871644,0.0,0.0,62.329,-0.9939999999999998,-1.5947632720571858,1.6383635319901246,-0.5239690728839084,-31.981245886822023,1.9593003908759337,-0.8712760680025364,-44.46873320768066,1.3382534299635085,-0.24435965023157102,-18.259594403750175,0.46723229030871644,0.0,0.0,58.274,3.061,5.252771389427056,1.5135932653681026,-0.3991988062618863,-26.374245496353836,1.7325737852049725,-0.6445494623315753,-37.201847570095666,1.3036734404380261,-0.20977966070608867,-16.091426931767614,0.46723229030871644,0.0,0.0,85.985,-24.65,-28.66779089042649,,,,,,,,,,,,,,,,82.35294117647058,1.0755736601153967,82.35294117647058,1.052959914936009,82.35294117647058,1.0743809760488021,62.745098039215684,0.3817481173786611,50.98039215686274,-0.05413257518634465,FRTR 3 1/2,100.0,0.7071067763607721,100.0,0.7071067759324747,100.0,0.7071067762713982,100.0,0.7071067683961257,100.0,0.7071067805130103,0.9718945550354287,0.00903976104228077,rising,54.90196078431373,50.0,1.0,1.0,1.0,1,1,1.1876755559588945,1.229561694370111,1.2021312988986437,0.6246972998013177,Top Quartile,Top Decile,Above Median,Top Decile,Tight,7.856706943025671,"['Issue_Age', 'AMT_OUTSTANDING', 'YAS_RISK']","[0.5409735148990787, 0.18082796446808766, 0.142453494305284]",0.8642549736724504,0.3855467035652338,60.96922189117155
2026-06-01,FR0014015MU5,FRTR 4.1 05/25/46,2046-05-25,-4.942751157436291,WEAK SELL,-1.0252159342445728,0.9787072246698635,-0.7685878215596432,0.21744657147489316,-0.9620008267792313,100.911,-1.0452754150733679,0.08327458829413659,7.966760367325344,-1.1494434813522212,0.12422754710764838,10.807625432852326,-0.8284928155794569,0.05990499401981364,7.230599007048181,0.21744657147489316,0.0,0.0,101.072,-0.16100000000000136,-0.1592923856103294,-0.9502541119339485,-0.01174671484528278,-1.2361656291872718,-1.0072943810181567,-0.017921553226416087,-1.7791773076688409,-0.7606229253510163,-0.007964896208626948,-1.0471543570995878,0.21744657147489316,0.0,0.0,100.253,0.6580000000000013,0.65633946109779,-0.4728901051797073,-0.48911072159952396,-103.43010054537775,-0.5604085921043122,-0.46480734214026065,-82.94079362717264,-0.5147207776142532,-0.25386704394539006,-49.321311680857434,0.21744657147489316,0.0,0.0,95.772,5.138999999999996,5.365868938169203,,,,,,,,,,,,,,,,,,,,,,,,,,,,,,,23.52941176470588,-0.9553370462101799,23.52941176470588,-0.9921756896594843,29.411764705882355,-0.7711988658661997,54.90196078431373,0.12923203228513613,74.50980392156863,0.80981418184174,FRTR 4.1 05/25/46,100.0,0.0,100.0,0.0,100.0,0.0,100.0,0.0,100.0,0.0,0.9785908627806865,0.00011636188917696355,rising,39.21568627450981,100.0,-1.0,-1.0,-1.0,1,1,1.0252607211402514,1.1585827767856556,0.8446372887096849,0.2907296624590457,Bottom Quartile,Top Decile,Above Median,Top Decile,Moderate,13.126313841709704,"['AMT_OUTSTANDING', 'YAS_RISK', 'Issue_Age']","[0.3629292823206067, 0.27795364656592, 0.20839740750007332]",0.8492803363866,0.1305179561452781,100.99587343848935
2026-06-01,FR0014016CV2,FRTR 4.4 05/25/57,2057-05-25,6.713926044154391,MODERATE BUY,1.4725320280834373,0.965931306191805,0.9903361063151948,-0.030323320577716032,1.2016242274417566,134.444,1.1993971017622869,0.002227125679469699,0.18568709709475287,1.4637665135587277,0.008765514524709639,0.598832831850725,0.987868110306888,0.0024679960083067165,0.24983051457719038,-0.030323320577716032,0.0,0.0,134.798,-0.3540000000000134,-0.2626151723124615,1.2672229827472248,-0.06559875530546821,-5.176575526242312,1.5788700394466397,-0.10633801136320242,-6.73507052720847,1.018493697137242,-0.028157590822047274,-2.764630809668129,-0.030323320577716032,0.0,0.0,133.149,1.2949999999999875,0.9725946119781057,,,,,,,,,,,,,,,,,,,,,,,,,,,,,,,,,,,,,,,,,,,,,,86.27450980392157,1.1608926124493706,94.11764705882352,1.4250758612973613,78.43137254901961,0.971763073997572,43.13725490196079,-0.12124619135900185,96.07843137254902,1.541841840104898,FRTR 4.4 05/25/57,100.0,0.0,100.0,0.0,100.0,0.0,100.0,0.0,100.0,0.0,0.975015366966644,-0.009084060774839031,falling,7.8431372549019605,100.0,1.0,1.0,1.0,1,1,1.2806414377949993,1.66408869489511,1.0883269032964518,0.04054278113653642,Top Quartile,Top Decile,Top Decile,Top Decile,Moderate,16.33032858935195,"['Issue_Age', 'YAS_RISK', 'REL_SPRD_LOG']","[0.4901212691744961, 0.20165064082619336, 0.1426546377819653]",0.8344265477826548,-0.122452652076693,134.09708439145084
2026-06-01,FR0014016G71,FRTR 2.4 09/24/29,2029-09-24,-1.1589016742787113,WEAK BUY,0.9830707499344437,0.9712781422364282,0.6404696267285022,0.8082693273735609,0.985097957413778,8.411,0.4085621179255397,0.5765358394882383,141.11338278356328,0.14030776582076623,0.8427629841136774,600.6530851078778,0.1709053407389233,0.4695642859895789,274.7510735968062,0.8082693273735609,0.0,0.0,5.128,3.2829999999999995,64.02106071758762,0.6991456068257439,0.28595235058803414,40.900256499685,0.5611759208808861,0.4218948290535576,75.1804925758849,0.4067391865781616,0.23373044015034056,57.46444948425948,0.8082693273735609,0.0,0.0,8.863,-0.45199999999999996,-5.099853317048568,,,,,,,,,,,,,,,,,,,,,,,,,,,,,,,,,,,,,,,,,,,,,,76.47058823529412,0.9491094693312039,78.43137254901961,0.951388743307992,66.66666666666666,0.6250715836552319,76.47058823529412,0.7265129737266007,15.686274509803921,-1.2094670751093877,FRTR 2.4 09/24/29,100.0,0.0,100.0,0.0,100.0,0.0,100.0,0.0,100.0,0.0,0.9917267004190414,-0.020448558182613263,falling,19.607843137254903,100.0,1.0,1.0,1.0,1,1,1.0498766883530117,1.1109550692606531,0.703842181526014,1.080669458844273,Top Quartile,Top Decile,Bottom Quartile,Top Decile,Very Tight,3.084552634643245,"['Issue_Age', 'Cpn', 'REL_SPRD_LOG']","[0.6296579392056022, 0.14329685918927368, 0.11174532304234587]",0.8847001214372218,0.7337421440112196,7.785287424636433
2026-06-01,FR0014017Z10,FRTR 3.8 06/25/37,2037-06-25,3.726065106426077,MODERATE BUY,1.4469524083228906,0.9841767158580226,0.8920790152344752,0.437992088454694,1.2393603139332585,70.548,1.0754581620478405,0.163902151885418,15.24021632318091,1.1870585824021957,0.2598938259206949,21.893934097621898,0.7958832617288755,0.09619575350559972,12.086666088186062,0.437992088454694,0.0,0.0,70.098,0.45000000000000284,0.641958401004033,0.9434250897857431,0.2959352241475154,31.368173712436082,1.249916903259843,0.19703550506304768,15.763888221111408,0.8221337647263219,0.06994525050815326,8.507769983228965,0.437992088454694,0.0,0.0,70.992,-0.4440000000000026,-0.62542258273814,,,,,,,,,,,,,,,,,,,,,,,,,,,,,,,,,,,,,,,,,,,,,,90.19607843137256,1.197802069233144,92.15686274509804,1.400320611179396,74.50980392156863,0.8743976522409077,60.78431372549019,0.3521882957283516,54.90196078431373,0.1469878380059877,FRTR 3.8 06/25/37,100.0,0.0,100.0,0.0,100.0,0.0,100.0,0.0,100.0,0.0,0.0,0.9841767158580226,rising,78.43137254901961,100.0,1.0,1.0,1.0,1,1,1.320858999123735,1.6351815096852618,0.9803475668056519,0.5856026663123006,Top Decile,Top Decile,Above Median,Top Decile,Tight,8.91522634360129,"['Issue_Age', 'GREEN_BOND_LOAN_INDICATOR', 'AMT_OUTSTANDING']","[0.6544310141518058, 0.12794838357506907, 0.08012262778275303]",0.862502025509628,0.3556927467899906,70.28015948297151
2026-06-01,FR0014018OI0,FRTR 3 1/4 02/25/32,2032-02-25,0.7621574360889234,NO ACTION,0.3483705682540184,0.9862755359020741,0.2665121406516316,2.1200079003392847,0.7750876016421373,31.051,1.126411486065979,-0.35132388442384177,-31.189657212381928,1.113436520394204,-0.7650659521401857,-68.71212963250987,0.6862677799281068,-0.41975563927647525,-61.164992068249134,2.1200079003392847,0.0,0.0,29.838,1.2129999999999974,4.065285875707047,,,,,,,,,,,,,,,,,,,,,,,,,,,,,,,,,,,,,,,,,,,,,,,,,,,,,,,,,,,,,68.62745098039215,0.7436995057875866,62.745098039215684,0.3371434224431797,54.90196078431373,0.2545077093285975,100.0,2.0525899434505375,31.372549019607842,-0.7152343436783226,FRTR 3 1/4,66.66666666666666,0.5754292270140309,66.66666666666666,0.43811697128421,66.66666666666666,0.25984583440094355,100.0,1.1018244355403748,33.33333333333333,-1.0922941286753296,,,stable,88.23529411764706,100.0,1.0,1.0,,1,0,0.8260563310189888,0.3936889067331369,0.2928827201963931,2.834485626034878,Above Median,Above Median,Below Median,Below Median,Very Tight,5.181117094488741,"['Issue_Age', 'AMT_OUTSTANDING', 'REL_SPRD_LOG']","[0.6015708602511474, 0.32482365696202853, 0.03694424471849537]",0.9633387619316712,2.0730142479878464,30.786837938843533
2026-06-01,DE0001030724,DBR 0 08/15/50,2050-08-15,-2.4734679296725552,STRONG SELL,-2.0886700075845956,0.8498482403609402,-1.760063220030063,0.0,-1.8546511674784276,25.596,-1.845170191698036,-0.009480975780391532,-0.513826625406511,-2.0706904809828095,-0.017979526601786144,-0.8682865295456369,-1.757932790884215,-0.002130429145847934,-0.12118945301984003,0.0,0.0,0.0,26.954,-1.3580000000000005,-5.038213250338277,-1.9339259344034647,0.0792747669250371,4.099162491430873,-2.2243167593595867,0.13564675177499108,6.098355847672082,-1.7710197127801364,0.010956492750073377,0.6186544739814608,0.0,0.0,0.0,25.249,0.3470000000000013,1.374311853390511,-1.8907782546174172,0.0361270871389896,1.9106993038287123,-2.183628389335822,0.09495838175122628,4.348651161530463,-1.7677479823061566,0.007684762276093604,0.4347204640899221,0.0,0.0,0.0,20.379,5.216999999999999,25.599882219147208,-1.5540413066404795,-0.30060986083794816,-19.343749591407608,-1.577313800151545,-0.5113562074330507,-32.419433859132994,-1.6884275400009354,-0.07163568002912757,-4.242745270834267,0.0,0.0,0.0,27.513,-1.9170000000000016,-6.967615306594118,-1.10503048147595,-0.7496206860024777,-67.8371042052637,-0.892239063459602,-1.1964309441249936,-134.09309003761808,-1.4207543351762193,-0.3393088848538437,-23.88230491821994,0.0,0.0,0.0,32.681,-7.084999999999997,-21.67926317380763,5.263157894736842,-1.908680109637679,5.263157894736842,-2.1046136759141665,2.631578947368421,-1.8764683721386544,51.31578947368421,0.0,84.21052631578947,1.2121362549569565,DBR 0 08/15/50,50.0,-0.7071067715327863,50.0,-0.7071067748038793,50.0,-0.7071067631095356,75.0,0.0,50.0,-0.7071067748694282,0.8551510375757087,-0.005302797214768451,falling,5.263157894736842,100.0,-1.0,-1.0,-1.0,1,1,2.2062125088015194,2.7624719267352766,2.194478368439137,0.0,Bottom Decile,Above Median,Top Quartile,Above Median,Very Tight,10.140757773783092,,,,,25.669476511576512
2026-06-01,DE0001030732,DBR 0 08/15/31,2031-08-15,-0.9593267167580972,WEAK SELL,-1.1042711252119004,0.955461407668004,-1.0069945603505208,0.0,-1.099163376107774,-14.545,-1.0622367869430982,-0.03692658916467573,-3.476304838143713,-1.055857587076944,-0.04841353813495641,-4.585233678195371,-0.9824185384180638,-0.024576021932457004,-2.5015836653359673,0.0,0.0,0.0,-15.859,1.314,8.285516105501282,-1.0800081873525564,-0.01915518875521749,-1.7736151264567204,-1.0788773560072082,-0.025393769204692163,-2.353721563246003,-0.9947826361395011,-0.012211924211019687,-1.227597230250353,0.0,0.0,0.0,-15.115,0.5700000000000003,3.7710883203631584,-0.828834623348847,-0.27032875275892687,-32.61552327593779,-0.7215020546869996,-0.38276907052490083,-53.05169441073642,-0.8021690153283105,-0.2048255450222103,-25.53396336119804,0.0,0.0,0.0,-14.434,-0.11100000000000065,-0.7690175968068372,-1.1270104087069623,0.027847032599188415,2.4708762347678896,-1.1531458760717417,0.048874750859841276,4.23838401109299,-1.0305434110876581,0.023548850737137306,2.2850905896117735,0.0,0.0,0.0,-10.538,-4.007,-38.02429299864841,-0.9789686905153626,-0.12019468559241131,-12.277684212900445,-0.9355713914757432,-0.1686997337361572,-18.031732636339154,-0.9204458763004598,-0.086548684050061,-9.402908453198195,0.0,0.0,0.0,-15.094,0.5489999999999995,3.6372068347441284,13.157894736842104,-1.1380992636178033,13.157894736842104,-1.1127004761875774,18.421052631578945,-1.0879995958998772,51.31578947368421,0.0,5.263157894736842,-1.1890961311284869,DBR 0 08/15/31,50.0,-0.7071067551835905,50.0,-0.7071067624785854,50.0,-0.707106746951353,75.0,0.0,50.0,-0.7071067586131876,0.9479731256128827,0.007488282055121309,rising,23.684210526315788,50.0,-1.0,-1.0,-1.0,1,1,1.3075170318321796,1.460507390743819,1.2555388662614926,0.0,Bottom Quartile,Above Median,Bottom Decile,Above Median,Very Tight,4.407196893072296,,,,,-14.928113462855835
2026-06-01,DE0001030757,DBR 1.8 08/15/53,2053-08-15,-0.6881044363561237,NO ACTION,-0.3216419027452291,0.8572490822098258,-0.6258379601318126,0.0,-0.5317487965380081,31.541,-0.7209985303017084,0.18924973376370025,26.248282511710354,-0.5747131932760722,0.2530712905308431,44.03436167609263,-0.7767179957109519,0.15088003557913932,19.425329974298013,0.0,0.0,0.0,32.899,-1.3580000000000005,-4.127785037804255,-0.6169505453915952,0.08520174885358711,13.810142175738418,-0.42134266388318586,0.09970076113795678,23.66263075588638,-0.6848432387962717,0.05900527866445915,8.61588089948626,0.0,0.0,0.0,31.082,0.45899999999999963,1.476738948112495,-0.3129165307226973,-0.2188322658153108,-69.93310909992361,-0.004325826705904297,-0.31731607603932477,-7335.368799433016,-0.4469199552582139,-0.1789180048735987,-40.03356725632664,0.0,0.0,0.0,26.841,4.699999999999999,17.510524936660133,0.5782008303880987,-1.1099496269261069,-191.96610405842526,0.37599342628956867,-0.6976353290347977,-185.5445499047273,0.6687401363690787,-1.2945780965008913,-193.58462379293312,0.0,0.0,0.0,34.634,-3.093,-8.930530689804662,0.8004041907641023,-1.3321529873021105,-166.43503195390235,0.6786533205475456,-1.0002952232927746,-147.39413751726886,0.8472016207114241,-1.4730395808432366,-173.87119281230312,0.0,0.0,0.0,39.826,-8.285,-20.802993014411943,34.21052631578947,-0.5593489359975303,39.473684210526315,-0.3240971263083769,26.31578947368421,-0.6889256545441659,51.31578947368421,0.0,92.10526315789474,1.5677658241076493,DBR 1.8 08/15/53,50.0,-0.707106774927486,50.0,-0.7071067739695733,50.0,-0.7071067752419585,75.0,0.0,50.0,-0.7071067740436886,0.9224951852125274,-0.06524610300270162,falling,7.894736842105263,50.0,-1.0,-1.0,-1.0,1,1,0.6325452823871545,0.425403114694472,0.7803059856190163,0.0,Below Median,Above Median,Top Decile,Above Median,Very Tight,13.873775158957358,,,,,31.48029093577423
2026-06-01,DE0001102341,DBR 2 1/2 08/15/46,2046-08-15,-0.9483909934730724,NO ACTION,-0.5792553598699561,0.9939421755976711,-0.640104226733471,0.0,-0.70361247272537,20.629,-0.821692210005716,0.11807973728034604,14.370312192991754,-0.7431285975751363,0.16387323770518014,22.05180046020651,-0.7338431091507678,0.09373888241729678,12.773695081555728,0.0,0.0,0.0,21.339,-0.7099999999999973,-3.327241199996594,-0.5823468248173588,-0.1212656479080112,-20.823612434683135,-0.41714857880941686,-0.16210678106053927,-38.860680680523934,-0.5436262211286557,-0.09647800560481534,-17.74712110644688,0.0,0.0,0.0,21.024,-0.3949999999999996,-1.8788051741444018,0.4953021251820753,-1.1989145979074451,-242.05722381283877,0.3067320030810316,-0.8859873629509878,-288.847373331368,0.4880721361256765,-1.1281763628591475,-231.14950767312314,0.0,0.0,0.0,18.352,2.277000000000001,12.407367037703052,-0.348354061768626,-0.355258410956744,-101.98198894391102,-0.10805528801538501,-0.47120007185457113,-436.07308527110007,-0.36805603348424604,-0.27204819324922497,-73.91488281889046,0.0,0.0,0.0,27.125,-6.495999999999999,-23.94838708794529,-1.2865254549716354,0.5829129822462654,45.309090112656044,-1.4207618177004873,0.8415064578305311,59.22924176478721,-1.045456415108592,0.4053521883751211,38.77274830780412,0.0,0.0,0.0,25.484,-4.855,-19.051169353692053,26.31578947368421,-0.7346460864071638,23.684210526315788,-0.5836770518090157,23.684210526315788,-0.7038625472488661,51.31578947368421,0.0,76.31578947368422,0.9150105913789092,DBR 2 1/2,16.666666666666664,-1.0286995058488788,33.33333333333333,-0.9409808453754889,16.666666666666664,-1.1324870781219476,58.333333333333336,0.0,83.33333333333334,0.6396758032285293,0.9825226489605415,0.011419526637129529,rising,97.36842105263158,100.0,-1.0,-1.0,-1.0,1,1,0.8369868500856699,0.7661222999521063,0.7980934225130106,0.0,Below Median,Bottom Quartile,Top Quartile,Top Quartile,Very Tight,13.105032117628925,,,,,20.76330449094687
2026-06-01,DE0001102432,DBR 1 1/4 08/15/48,2048-08-15,-0.1404878849666992,NO ACTION,0.22035071702254877,0.9820311783473556,0.7383214740075673,0.0,0.5250281404466561,24.824,0.7223559690763179,-0.1973278286296618,-27.317255528498062,0.4901393061866663,-0.2697885891641175,-55.04324592099654,0.8977612695477019,-0.15943979554013454,-17.759709532188932,0.0,0.0,0.0,26.094,-1.2699999999999996,-4.867019236273847,0.73131650770941,-0.2062883672627539,-28.20780910417272,0.510631089048208,-0.2902803720256592,-56.847374272097404,0.9097449334930948,-0.1714234594855275,-18.843024158762873,0.0,0.0,0.0,25.291,-0.46699999999999875,-1.8465066617189834,0.8561766933062857,-0.3311485528596295,-38.677594424239494,0.6703189867529222,-0.44996826973037346,-67.12748287159621,1.004206640084876,-0.2658851660773086,-26.477136558977765,0.0,0.0,0.0,21.76,3.064,14.08088234647018,-0.4253489101027903,0.9503770505494464,223.4346922333263,-0.0863832935971087,0.30673401061965744,355.08483450721377,-0.6563487489705594,1.3946702229781267,212.48919936491944,0.0,0.0,0.0,29.36,-4.535999999999998,-15.449591275391821,-1.1156413539446233,1.6406694943912794,147.06065474215572,-1.026164345087645,1.2465150621101937,121.47323729674167,-1.1860647387345373,1.9243862127421045,162.2496760649293,0.0,0.0,0.0,29.518,-4.693999999999999,-15.902161387661028,65.78947368421053,0.518540178105191,65.78947368421053,0.2220327437360235,71.05263157894737,0.7393599417362117,51.31578947368421,0.0,81.57894736842105,1.1659552579200625,DBR 1 1/4,100.0,0.0,100.0,0.0,100.0,0.0,100.0,0.0,100.0,0.0,0.9457391350326768,0.036292043314678835,rising,60.526315789473685,100.0,1.0,1.0,1.0,1,1,0.6245506816794361,0.291435539171032,0.920552446767242,0.0,Above Median,Top Decile,Top Quartile,Top Decile,Very Tight,11.864045135983758,,,,,25.13239132531632
2026-06-01,DE0001102481,DBR 0 08/15/50,2050-08-15,-0.8904679296725568,WEAK SELL,-0.5219271563769018,0.8467600595493866,-1.2068744662841564,0.0,-0.8187854895018889,27.179,-0.6521056868278163,-0.16667980267407256,-25.560243298730622,-0.292664034895415,-0.2292631214814868,-78.33662025802151,-1.0714400420124124,-0.13543442427174401,-12.640410820686313,0.0,0.0,0.0,28.654,-1.4750000000000014,-5.147623366668664,-0.8181543324623829,-0.0006311570395060029,-0.07714400654605365,-0.5224851209440772,0.0005579645671753841,0.10679051596496136,-1.207216856682596,0.00034239039843964036,0.028361962783084806,0.0,0.0,0.0,27.106,0.07299999999999685,0.269313067118223,-0.8157256052704054,-0.0030598842314835117,-0.37511194624790456,-0.5404377596373008,0.018510603260398995,3.425112806756983,-1.2191244338727802,0.012249967588623845,1.0048168298315385,0.0,0.0,0.0,22.68,4.498999999999999,19.836860661447588,-1.190344071686713,0.3715585821848242,31.214384806981784,-1.0300023045624562,0.5080751481855544,49.327573443500874,-1.489346544996993,0.2824720787128365,18.96617531796734,0.0,0.0,0.0,28.868,-1.689,-5.8507690155706085,-0.8587168089581901,0.03993131945630124,4.650114982579076,-0.5531567754414318,0.031229619064530034,5.645708393436425,-1.2268852829040826,0.02001081661992621,1.6310258779416835,0.0,0.0,0.0,33.4,-6.221,-18.62574849741744,18.421052631578945,-0.852120017448849,28.947368421052634,-0.5259112388041169,15.789473684210526,-1.2972754206211976,51.31578947368421,0.0,86.8421052631579,1.3068312268603284,DBR 0 08/15/50,100.0,0.7071067715327863,100.0,0.7071067748038793,100.0,0.7071067631095356,75.0,0.0,100.0,0.7071067748694282,0.8410879989511207,0.00567206059826586,rising,2.631578947368421,50.0,-1.0,-1.0,-1.0,1,1,0.9739916705847349,0.6903001010481871,1.5047527154376152,0.0,Bottom Quartile,Top Decile,Top Quartile,Top Decile,Very Tight,10.101200091978768,,,,,27.27505620221781
2026-06-01,DE0001102515,DBR 0 05/15/35,2035-05-15,-0.7309723787939011,NO ACTION,0.0229511711015127,0.9870599869022761,0.10885574816479357,0.0,0.22371687762392456,-3.802,0.2367872724594406,-0.01307039483551603,-5.519888863860273,0.04295920682066982,-0.020008035719157116,-46.57448901519604,0.12023071806851585,-0.011374969903722276,-9.460950695765584,0.0,0.0,0.0,-4.19,0.38800000000000034,9.26014317599012,-0.5330127578582359,0.7567296354821604,141.97214046539048,-0.4424883351593289,0.4654395062608416,105.1868396880032,-0.3379256784215435,0.446781426586337,132.21292192175758,0.0,0.0,0.0,-3.847,0.04499999999999993,1.169742653574881,-0.3917041007032405,0.6154209783271651,157.1137400683076,-0.251237729211835,0.2741889003133477,109.13523627999257,-0.22337706845462751,0.33223281661942106,148.73183001491552,0.0,0.0,0.0,-4.305,0.5029999999999997,11.684088242313377,-0.3317041801878551,0.5554210578117796,167.4446914575382,-0.17341042080855043,0.19636159191006314,113.23516757008198,-0.1819478302434115,0.29080357840820503,159.8279913733328,0.0,0.0,0.0,4.3,-8.102,-188.41860421298,-0.2909378003907293,0.5146546780146539,176.89508191577886,-0.11043170830748833,0.13338287940900104,120.78312413613546,-0.1490022652379817,0.25785801340277525,173.05642681692788,0.0,0.0,0.0,3.163,-6.965,-220.20233885487724,57.89473684210527,0.21120935095838364,57.89473684210527,0.023126366732459235,57.89473684210527,0.08030440389095737,51.31578947368421,0.0,44.73684210526316,-0.5464504689946109,DBR 0 05/15/35,100.0,0.0,100.0,0.0,100.0,0.0,100.0,0.0,100.0,0.0,0.9814275656735402,0.005632421228735973,rising,73.68421052631578,100.0,1.0,1.0,-1.0,1,0,0.2661238849109139,0.03035518565565407,0.13572329783916373,0.0,Above Median,Top Decile,Below Median,Top Decile,Very Tight,6.6849610412845095,,,,,-4.132309760052462
2026-06-01,DE0001102531,DBR 0 02/15/31,2031-02-15,-0.8000386679373577,NO ACTION,2.0565014261853593e-17,0.9855137620840297,0.005282652636753496,0.0,0.17896587997439387,-15.869,0.17853084183368167,0.0004350381407121906,0.24367672939659174,2.0565014261853593e-17,0.0,0.0,0.005282652636753496,0.0,0.0,0.0,0.0,0.0,-18.021,2.152000000000001,11.941623654657556,0.17827807663531908,0.0006878033390747829,0.3858036352396664,2.0565014261853593e-17,0.0,0.0,0.005282652636753496,0.0,0.0,0.0,0.0,0.0,-16.122,0.2530000000000001,1.5692842069412707,0.28777060150404177,-0.1088047215296479,-37.80953203003487,0.0858818877039754,-0.08588188770397538,-99.99998835610265,0.20000768090498974,-0.19472502826823623,-97.3587702488586,0.0,0.0,0.0,-14.893,-0.9759999999999991,-6.553414351337255,-0.8446505710035195,1.0236164509779133,121.1881544865294,-0.8568807594720026,0.8568807594720026,99.99999883297649,-0.6359194551969846,0.6412021078337381,100.83070937844576,0.0,0.0,0.0,-11.152,-4.7170000000000005,-42.29734572964729,-0.6687755020850499,0.8477413820594437,126.76023071126356,-0.6144291902879563,0.6144291902879563,99.99999837247317,-0.4945883073965551,0.4998709600333086,101.06808884297158,0.0,0.0,0.0,-15.671,-0.1980000000000004,-1.2634803131494632,52.63157894736842,0.16556432264304144,52.63157894736842,8.843265223915366e-17,52.63157894736842,-0.028137437145166415,51.31578947368421,0.0,2.631578947368421,-1.2682977374456472,DBR 0 02/15/31,100.0,0.0,100.0,0.0,100.0,0.0,100.0,0.0,100.0,0.0,0.9817786265123629,0.0037351355716668255,rising,71.05263157894737,100.0,1.0,1.0,1.0,1,1,0.21289004098004952,2.7199258075706437e-17,0.0065865059887652835,0.0,Above Median,Top Decile,Bottom Decile,Top Decile,Very Tight,4.046103171871351,,,,,-16.232069657528772
2026-06-01,DE0001102549,DBR 0 05/15/36,2036-05-15,-0.8437701277215293,NO ACTION,-0.0794043611642772,0.9707709994329412,-0.6228705766786676,0.0,-0.4179226086947202,-1.309,0.5799946559799037,-0.9979172646746239,-172.05628313643848,0.3058734207954418,-0.38527778195971896,-125.9598720156182,0.7587127244035377,-1.3815833010822054,-182.0957047950879,0.0,0.0,0.0,-1.151,-0.15799999999999992,-13.727193625306738,-1.4999857344202918,1.0820631257255715,72.1382272965376,-1.6282848572971729,1.5488804961328957,95.12343492474494,-1.3691675151446225,0.7462969384659549,54.50735025190764,0.0,0.0,0.0,-1.42,0.11099999999999999,7.816901353402103,-1.6387503400948158,1.2208277314000955,74.49748104276287,-1.8511315941983786,1.7717272330341014,95.71049562417996,-1.4054608973792413,0.7825903207005737,55.682112294383735,0.0,0.0,0.0,-2.131,0.8219999999999998,38.573439518660535,-0.4837474340228352,0.06582482532811501,13.607270930615556,-0.1753970760008716,0.0959927148365944,54.72879682625821,-0.67441935333266,0.05154877665399238,7.643430698558657,0.0,0.0,0.0,7.439,-8.748,-117.59645097782436,0.5002333632096394,-0.9181559719043596,-183.54552516422683,0.20293264784470505,-0.28233700900898223,-139.1284241815044,0.6993650553406388,-1.3222356320193063,-189.06229343544445,0.0,0.0,0.0,6.729,-8.038,-119.45311321228547,44.73684210526316,-0.4432487406940894,44.73684210526316,-0.08001048697339368,28.947368421052634,-0.6858187808615882,51.31578947368421,0.0,52.63157894736842,-0.39731934773427835,DBR 0 05/15/36,100.0,0.0,100.0,0.0,100.0,0.0,100.0,0.0,100.0,0.0,0.956475823293806,0.014295176139135224,rising,34.21052631578947,100.0,-1.0,1.0,-1.0,0,1,0.4971425911142285,0.10502009306406933,0.7766061987450655,0.0,Below Median,Top Decile,Above Median,Top Decile,Very Tight,7.163619331868887,,,,,-1.6539956081536915
2026-06-01,DE0001102564,DBR 0 08/15/31,2031-08-15,-0.5163267167580976,NO ACTION,-0.5697393692568912,0.9574579408604716,-0.7148975071037654,0.0,-0.7145917469750586,-14.102,-0.5738639406756854,-0.1407278062993732,-24.522851824666088,-0.3820540142429988,-0.18768535501389239,-49.12534435038915,-0.6035064974780165,-0.11139100962574888,-18.457300500576032,0.0,0.0,0.0,-15.284,1.1820000000000004,7.733577592427652,-0.8179567814860816,0.10336503451102308,12.636979799779796,-0.7127254640823012,0.14298609482541003,20.061875157404412,-0.7968429424636914,0.08194543535992593,10.283762328143302,0.0,0.0,0.0,-14.689,0.5869999999999997,3.996187620671121,-0.7823808897012975,0.06778914272623893,8.664468004282812,-0.657359783959639,0.08762041470274784,13.329141135170735,-0.7658756330936916,0.050978125989926126,6.6561884360239185,0.0,0.0,0.0,-14.366,0.26399999999999935,1.8376722804972303,-0.8116264934650163,0.09703474648995769,11.95559115870348,-0.7098737580837767,0.14013438882688556,19.74074759871214,-0.7957016411355587,0.08080413403179332,10.155079346194194,0.0,0.0,0.0,-9.702,-4.4,-45.35147387615804,-0.8890606931818146,0.17446894620675601,19.623963311206747,-0.8102799104304954,0.24054054117360424,29.68610416086911,-0.8539460522479295,0.1390485451441641,16.283059468432043,0.0,0.0,0.0,-14.534,0.4320000000000004,2.972340716270581,23.684210526315788,-0.745844703428704,26.31578947368421,-0.5740884217662606,21.052631578947366,-0.7821716967353746,51.31578947368421,0.0,7.894736842105263,-1.1625958957821865,DBR 0 08/15/31,100.0,0.70710675518359,100.0,0.7071067624785857,100.0,0.7071067469513524,75.0,0.0,100.0,0.707106758613182,0.9532506870458763,0.004207253814595302,rising,26.31578947368421,100.0,-1.0,-1.0,-1.0,1,1,0.8500473180658337,0.7535364645505302,0.8913470250025912,0.0,Bottom Quartile,Top Decile,Bottom Decile,Top Decile,Very Tight,4.405748107169671,,,,,-14.383460070747445
2026-06-01,DE0001102572,DBR 0 08/15/52,2052-08-15,-1.04537408141778,WEAK SELL,-0.6752424475044589,0.9731967721201119,-1.2239178994509377,0.0,-0.9319951556259245,29.864,-0.7361034464358612,-0.19589170919006327,-26.61198062274441,-0.418796137329582,-0.25644631017487696,-61.234161730017114,-1.0726193867181495,-0.15129851273278816,-14.10551712897512,0.0,0.0,0.0,31.602,-1.7379999999999995,-5.499651919024221,-0.8841522192490988,-0.047842936376825684,-5.41116504535177,-0.6122258243877678,-0.0630166231166911,-10.29303560502447,-1.1877006039715274,-0.036217295479410216,-3.0493623606292464,0.0,0.0,0.0,29.658,0.20599999999999952,0.6945849346906097,-1.189387577659213,0.2573924220332886,21.64075232530823,-1.0323342277826792,0.3570917802782203,34.59071366703941,-1.4173304311918213,0.1934125317408837,13.64625539110306,0.0,0.0,0.0,24.334,5.530000000000001,22.725404774091643,-1.2125824900375481,0.28058733441162365,23.13964900556747,-1.0698510175539533,0.39460857004949434,36.8844409068527,-1.437949941853418,0.21403204240248042,14.884526553000535,0.0,0.0,0.0,30.349,-0.48499999999999943,-1.5980757186075056,0.9958443456414996,-1.927839501267424,-193.58843481374709,0.7677420601599863,-1.4429845076644452,-187.95173063314715,1.286906979063339,-2.510824878514277,-195.10538833437784,0.0,0.0,0.0,38.807,-8.943000000000001,-23.04481149714103,15.789473684210526,-0.9675913742277796,18.421052631578945,-0.6803968479535315,13.157894736842104,-1.3151200284390794,51.31578947368421,0.0,89.47368421052632,1.4674477774355363,DBR 0 08/15/52,100.0,0.0,100.0,0.0,100.0,0.0,100.0,0.0,100.0,0.0,0.9627963755066443,0.010400396613467588,rising,39.473684210526315,100.0,-1.0,-1.0,-1.0,1,1,1.1086609743868452,0.8930746830267473,1.526002773380307,0.0,Bottom Quartile,Top Decile,Top Quartile,Top Decile,Very Tight,10.202709964378087,,,,,29.86486648755934
2026-06-01,DE0001102580,DBR 0 02/15/32,2032-02-15,-0.4435464999964118,NO ACTION,-0.4819214526329406,0.9769031953972231,-0.474767707664651,0.0,-0.5959615181310928,-12.544,-0.48714251595740643,-0.10881900217368634,-22.33822677661301,-0.3370159929158186,-0.14490545971712204,-42.996610980908585,-0.38886576103386516,-0.08590194663078582,-22.090385173886872,0.0,0.0,0.0,-13.617,1.0730000000000004,7.879856056488322,-0.7189941716728693,0.1230326535417765,17.11177317951571,-0.6506944769216365,0.1687730242886959,25.9373681014484,-0.5745174437434467,0.09974973607879573,17.3623508613786,0.0,0.0,0.0,-13.07,0.5259999999999998,4.024483547035588,-0.44019418359261897,-0.1557673345384738,-35.38604934044856,-0.26789829560716927,-0.21402315702577135,-79.8897016316343,-0.3477408698434845,-0.12702683782116647,-36.529164439435554,0.0,0.0,0.0,-12.636,0.09199999999999875,0.7280785052800799,-0.4142369801584695,-0.18172453797262328,-43.86970316269998,-0.2321307441818011,-0.24979070845113951,-107.60776155300276,-0.3264365783850079,-0.1483311292796431,-45.43949255611551,0.0,0.0,0.0,-7.41,-5.134,-69.28475024388024,-1.3472973728229098,0.7513358546918171,55.76614816230022,-1.5644892404904829,1.0825677878575424,69.19624327991686,-0.9772065956862581,0.5024388880216071,51.41583009140239,0.0,0.0,0.0,-11.419,-1.125,-9.852001042252384,31.57894736842105,-0.6248444925050236,31.57894736842105,-0.4856001552397588,34.21052631578947,-0.53075391872986,51.31578947368421,0.0,15.789473684210526,-1.069396422487522,DBR 0 02/15/32,100.0,0.0,100.0,0.0,100.0,0.0,100.0,0.0,100.0,0.0,0.9724668825170799,0.004436312880143234,rising,44.73684210526316,100.0,-1.0,-1.0,-1.0,1,1,0.7089299481868488,0.6373886152219584,0.5919488872028794,0.0,Below Median,Top Decile,Bottom Quartile,Top Decile,Very Tight,4.757618973914646,,,,,-12.774586414086814
2026-06-01,DE0001102598,DBR 1 05/15/38,2038-05-15,2.022839819350229,WEAK BUY,0.8376461041017799,0.991145455017002,0.77206594994269,0.0,0.8780768840017303,6.505,0.9064329734457838,-0.028356089444053434,-3.1283161537501014,0.8796281961542309,-0.04198209205245107,-4.772708714741928,0.7947398029949257,-0.022673853052235793,-2.8529907123679683,0.0,0.0,0.0,6.151,0.3540000000000001,5.755161752958608,0.3362007415575997,0.5418761424441306,161.17636261479134,0.10089152910438087,0.7367545749973989,730.2441627292094,0.3447246893122127,0.4273412606304773,123.96595355166005,0.0,0.0,0.0,5.644,0.8609999999999998,15.255138172829305,0.3917820598953504,0.4862948241063799,124.123807972191,0.18196749506785115,0.6556786090339287,360.3273061250373,0.38786587951562773,0.3842000704270622,99.05487458741385,0.0,0.0,0.0,4.257,2.248,52.807141055186435,0.6530647076834973,0.225012176318233,34.45480520160076,0.5424762829566985,0.2951698211450814,54.4115613857143,0.5997294493946563,0.17233650054803362,28.735707050639697,0.0,0.0,0.0,13.581,-7.076,-52.10220156681967,0.8167408652480822,0.061336018753648136,7.509850506137278,0.7580166051174195,0.07962949898436034,10.504980681990121,0.7238649905178868,0.04820095942480318,6.658832709181679,0.0,0.0,0.0,13.214,-6.7090000000000005,-50.771908543384356,78.94736842105263,0.8786420918652377,76.31578947368422,0.8440401977656231,73.68421052631578,0.7746906719470626,51.31578947368421,0.0,57.89473684210527,0.07011369740340272,DBR 1 05/15/38,100.0,0.0,100.0,0.0,100.0,0.0,100.0,0.0,100.0,0.0,0.9709708294663099,0.02017462555069216,rising,89.47368421052632,100.0,1.0,1.0,1.0,1,1,1.0445221393346527,1.1078695240117393,0.9626256641671698,0.0,Top Quartile,Top Decile,Above Median,Top Decile,Very Tight,8.52953886792136,,,,,6.483469451795459
2026-06-01,DE0001102606,DBR 1.7 08/15/32,2032-08-15,-1.0033221218885764,MODERATE SELL,-1.1573567711675368,0.9779025863843714,-1.3705751201159861,0.0,-1.2442074044374072,-11.657,-1.4338604449507812,0.18965304051337406,13.226743220272722,-1.4444565872382071,0.28709981607067037,19.87597388662308,-1.4711998538796836,0.1006247337636974,6.839637239928852,0.0,0.0,0.0,-12.981,1.3239999999999998,10.199522371004141,-1.1140610859727758,-0.13014631846463143,-11.682152705547113,-0.9709892655937843,-0.18636750557375248,-19.193569924836098,-1.27580906650337,-0.09476605361261625,-7.427918123324775,0.0,0.0,0.0,-11.939,0.28200000000000003,2.3620068662685263,-0.8187085790835668,-0.4254988253538404,-51.97195082930895,-0.5663465590897547,-0.591010212077782,-104.35486755533228,-1.0506303144627933,-0.31994480565319283,-30.452652869770013,0.0,0.0,0.0,-11.669,0.012000000000000455,0.10283657545391034,-0.4203232122783849,-0.8238841921590223,-196.0120565533147,-0.02326498523692268,-1.134091785930614,-4874.67018317182,-0.7368104926039127,-0.6337646275120734,-86.01460284188786,0.0,0.0,0.0,-5.505,-6.152,-111.75295165894106,-1.4195022727969662,0.175294868359559,12.349037439669388,-1.425756168555057,0.2683993973875203,18.82505588434704,-1.4649987833301628,0.09442366321417661,6.445306552064621,0.0,0.0,0.0,-9.323,-2.3339999999999996,-25.03485999674475,10.526315789473683,-1.2860409661006493,10.526315789473683,-1.166191346486506,7.894736842105263,-1.468671285443398,51.31578947368421,0.0,18.421052631578945,-1.0163361318505726,DBR 1.7 08/15/32,100.0,0.0,100.0,0.0,100.0,0.0,100.0,0.0,100.0,0.0,0.9881852462305576,-0.010282659846186148,falling,50.0,100.0,-1.0,-1.0,-1.0,1,1,1.4800551108192195,1.5307183891938048,1.7088576246505682,0.0,Bottom Quartile,Top Decile,Bottom Quartile,Top Decile,Very Tight,5.4216847915689925,,,,,-11.91052575152544
2026-06-01,DE0001102614,DBR 1.8 08/15/53,2053-08-15,0.7118955636438784,WEAK BUY,1.0639803282660005,0.8584800913189501,1.0563641107805388,0.0,1.065934768224508,32.941,1.1339761078228758,-0.06804133959836789,-6.000244496242184,1.1562478468854813,-0.09226751861948079,-7.979908293020886,1.1014455132417793,-0.04508140246124048,-4.092930745095473,0.0,0.0,0.0,34.554,-1.6129999999999995,-4.6680557953730215,0.615991349435824,0.44994341878868394,73.04378736753377,0.4281984932579954,0.6357818350080051,148.47829456912837,0.6989085348093856,0.3574555759711532,51.144828407934625,0.0,0.0,0.0,32.009,0.9320000000000022,2.9116810887838858,0.8197489316374065,0.24618583658710147,30.031857814339823,0.7055096734767685,0.358470654789232,50.81016790906116,0.8631417959276775,0.19322231485286134,22.38592934856076,0.0,0.0,0.0,27.835,5.106000000000002,18.343811741209343,0.8331450719646376,0.23278969625987034,27.941075486028126,0.7278076791737743,0.3361726490922262,46.18976332523471,0.8750113297402572,0.18135278104028163,20.72576351914654,0.0,0.0,0.0,35.505,-2.564,-7.221518094008866,1.1298626363992907,-0.0639278681747828,-5.658021209791446,1.1398806886724002,-0.07590036040639969,-6.658623178267652,1.0943314016297525,-0.037967290849213686,-3.4694508853282597,0.0,0.0,0.0,40.804,-7.8629999999999995,-19.270169586493928,81.57894736842105,1.0702529808953034,81.57894736842105,1.0721021231888272,81.57894736842105,1.0723530697663293,51.31578947368421,0.0,94.73684210526315,1.6515137461952811,DBR 1.8 08/15/53,100.0,0.707106774927486,100.0,0.7071067739695733,100.0,0.7071067752419585,75.0,0.0,100.0,0.7071067740436923,0.9181543720973415,-0.05967428077839143,falling,10.526315789473683,100.0,1.0,1.0,1.0,1,1,1.2679897225205352,1.4072188410616444,1.3170937065906878,0.0,Top Quartile,Top Decile,Top Decile,Top Decile,Very Tight,13.824115460852228,,,,,32.93927401901369
2026-06-01,DE0001135176,DBR 5 1/2 01/04/31,2031-01-04,1.5793265345435934,NO ACTION,2.0565014261853593e-17,0.9880963321151193,0.005282652636753496,0.0,0.17944144511967325,-13.837,0.17794126272773544,0.0015001823919378043,0.8430772518038605,2.0565014261853593e-17,0.0,0.0,0.005282652636753496,0.0,0.0,0.0,0.0,0.0,-15.994,2.157,13.486307356829869,0.1792124095705558,0.00022903554911746227,0.12780115890756732,2.0565014261853593e-17,0.0,0.0,0.005282652636753496,0.0,0.0,0.0,0.0,0.0,-13.939,0.10200000000000031,0.7317598100783724,0.17917028980216326,0.00027115531750998567,0.15133943394044141,2.0565014261853593e-17,0.0,0.0,0.005282652636753496,0.0,0.0,0.0,0.0,0.0,-10.369,-3.468,-33.44584816911385,1.4205149892053606,-1.2410735440856873,-87.3678591764217,1.439331077722415,-1.439331077722415,-99.99999930523282,1.5096889983148367,-1.5044063456780832,-99.6500827251402,0.0,0.0,0.0,-7.058,-6.779,-96.0470386851133,1.2211300160964402,-1.041688570976767,-85.30529499030584,1.1197238446999185,-1.1197238446999185,-99.99999910692267,1.39255343867082,-1.3872707860340665,-99.62064920080476,0.0,0.0,0.0,-8.396,-5.440999999999999,-64.8046688127624,55.26315789473685,0.1660493885781535,52.63157894736842,8.843265223915366e-17,52.63157894736842,-0.028137437145166415,51.31578947368421,0.0,10.526315789473683,-1.1467436105298847,DBR 5 1/2,100.0,0.0,100.0,0.0,100.0,0.0,100.0,0.0,100.0,0.0,0.9868525480592937,0.001243784055825592,rising,78.94736842105263,100.0,1.0,1.0,1.0,1,1,0.21345575263012323,2.7199258075706437e-17,0.0065865059887652835,0.0,Above Median,Top Decile,Bottom Quartile,Top Decile,Very Tight,4.590611049609095,,,,,-14.253854275960084
2026-06-01,DE0001135226,DBR 4 3/4 07/04/34,2034-07-04,-3.021939235547155,STRONG SELL,-2.055930138637349,0.9634961057387398,-1.712661171534953,0.0,-1.84294417492613,-8.404,-1.7442302896799338,-0.09871388524619618,-5.659452496858367,-1.8822799012086506,-0.17365023742869856,-9.225526787734466,-1.6955036082353583,-0.017157563299594614,-1.0119449534086997,0.0,0.0,0.0,-8.499,0.09500000000000064,1.1177785608686053,-1.410713137375642,-0.43223103755048786,-30.639186878960462,-1.3456323827017578,-0.7102977559355914,-52.78542340300364,-1.5799278270731227,-0.13273334446183016,-8.401228293294952,0.0,0.0,0.0,-7.051,-1.3529999999999998,-19.188767523487773,-1.6297724548925006,-0.21317172003362939,-13.079845476938413,-1.6947210914134874,-0.3612090472238618,-21.313775282705475,-1.6696341114643511,-0.04302706007060175,-2.5770352628433892,0.0,0.0,0.0,-7.873,-0.5309999999999997,-6.744570040969677,-1.9205020525798686,0.07755787765373867,4.038416785116743,-2.194541969096193,0.13861183045884395,6.316207745359708,-1.7246828788579498,0.0120217073229969,0.6970387078495011,0.0,0.0,0.0,-0.72,-7.684,-1067.2222073996916,-0.828493699430572,-1.014450475495558,-122.44516330640516,-0.52385275950195,-1.5320773791353992,-292.46335389082947,-1.16380936283595,-0.5488518086990029,-47.15994058043806,0.0,0.0,0.0,-1.374,-7.029999999999999,-511.6448288817697,7.894736842105263,-1.89673923603477,7.894736842105263,-2.071623890220975,5.263157894736842,-1.8268380566451705,51.31578947368421,0.0,26.31578947368421,-0.8217418528855258,DBR 4 3/4,50.0,-0.7071067741260603,50.0,-0.7071067756170812,50.0,-0.7071067740411473,75.0,0.0,50.0,-0.7071067806474639,0.9683686862640766,-0.004872580525336789,falling,31.57894736842105,50.0,-1.0,-1.0,-1.0,1,1,2.1922863787225997,2.719170223487117,2.135376644786026,0.0,Bottom Decile,Above Median,Below Median,Above Median,Very Tight,7.698273671591238,,,,,-8.642316918140182
2026-06-01,DE0001135275,DBR 4 01/04/37,2037-01-04,-1.7286065056747877,STRONG SELL,-2.348746820322271,0.9916110392495306,-1.360836015449254,0.0,-1.901905236243187,-0.572,-1.8209469282219914,-0.08095830802119552,-4.445945476052411,-2.208446376907791,-0.14030044341447967,-6.3529023953768995,-1.350678433628873,-0.010157581820380956,-0.752035532090861,0.0,0.0,0.0,-0.767,0.19500000000000006,25.423728482089597,-1.5947113765360925,-0.30719385970709445,-19.263288786967088,-1.8433438059185046,-0.5054030144037662,-27.417729131118882,-1.3160209166312442,-0.044815098818009824,-3.4053484949306774,0.0,0.0,0.0,-0.019,-0.5529999999999999,-2910.5247839343238,-0.6494591805978992,-1.2524460556452879,-192.84445793926977,-0.43133921920556517,-1.9174076011167056,-444.52427956718924,-0.7342996296820209,-0.6265363857672331,-85.3243487956152,0.0,0.0,0.0,0.706,-1.278,-181.0198274643084,-1.4252610516687854,-0.4766441845744016,-33.44258798569271,-1.5442606712413929,-0.8044861490808779,-52.095229701385094,-1.2618851903001513,-0.0989508251491027,-7.84150770019066,0.0,0.0,0.0,8.336,-8.908,-106.86180409445558,1.1530113939143636,-3.0549166301575505,-264.9511201525328,1.1382073607316057,-3.4869541810538767,-306.35491130342683,1.1373584617003543,-2.4981944771496085,-219.6488213091516,0.0,0.0,0.0,10.025,-10.597,-105.70573555540572,2.631578947368421,-1.9568782151564548,2.631578947368421,-2.366675760823819,10.526315789473683,-1.4584743666903226,51.31578947368421,0.0,55.26315789473685,-0.35323204874957514,DBR 4 01/04/37,100.0,0.0,100.0,0.0,100.0,0.0,100.0,0.0,100.0,0.0,0.9142869320538906,0.07732410719564009,rising,92.10526315789474,100.0,-1.0,-1.0,-1.0,1,1,2.2624238974597546,3.1064491425585934,1.6967147343976015,0.0,Bottom Decile,Top Decile,Above Median,Top Decile,Very Tight,9.391414881216065,,,,,-0.8391899514614561
2026-06-01,DE0001135325,DBR 4 1/4 07/04/39,2039-07-04,0.5966636287837357,NO ACTION,-0.37371541593084795,0.9960270165301727,-0.26423565600177723,0.0,-0.47509279367513163,7.746,-0.522740265130364,0.04764747145523235,9.114941725764242,-0.4433010775656554,0.06958566163480745,15.697155632288274,-0.3050181567937182,0.04078250079194096,13.370515343606368,0.0,0.0,0.0,7.52,0.22600000000000087,3.005319144939747,-0.28382292803389736,-0.19126986564123427,-67.39055939812401,-0.12209604459595101,-0.2516193713348969,-206.08313034157715,-0.12202951051644614,-0.1422061454853311,-116.53421637936019,0.0,0.0,0.0,8.073,-0.32699999999999996,-4.050538828130138,0.25878982644627363,-0.7338826201214053,-283.5824737938516,0.08781657016137628,-0.46153198609222423,-525.5636068315223,0.11304051970128004,-0.37727617570305727,-333.75301469308766,0.0,0.0,0.0,6.524,1.2220000000000004,18.730839946764508,-0.8026421395196067,0.3275493458444751,40.80888924666095,-0.8337823603975337,0.4600669444666858,55.17830081335654,-0.5346099406364075,0.2703742846346303,50.574121247233194,0.0,0.0,0.0,15.359,-7.6129999999999995,-49.56702907118495,0.7233767921304284,-1.19846958580556,-165.67708312955688,0.7235285992672101,-1.097244015198058,-151.65178006013429,0.4801591135839565,-0.7443947695857338,-155.030849779443,0.0,0.0,0.0,16.09,-8.344,-51.85829704670086,36.84210526315789,-0.5015610655423736,34.21052631578947,-0.3765681378158811,42.10526315789473,-0.31032521412236347,51.31578947368421,0.0,60.526315789473685,0.14435024833965335,DBR 4 1/4,100.0,0.0,100.0,0.0,100.0,0.0,100.0,0.0,100.0,0.0,0.9491989341336948,0.046828082396477844,rising,100.0,100.0,-1.0,-1.0,-1.0,1,1,0.5651497611125443,0.49427546780883785,0.3294537518125746,0.0,Below Median,Top Decile,Above Median,Top Decile,Very Tight,11.240204268320042,,,,,7.787634187717713
2026-06-01,DE0001135366,DBR 4 3/4 07/04/40,2040-07-04,0.7300430230176431,NO ACTION,-0.2604260013347176,0.9910756110650747,-0.31315943960106446,0.0,-0.4266113218621191,10.146,-0.562288330130851,0.1356770082687319,24.129436551566815,-0.45116116602563655,0.19073516469091895,42.27650224053869,-0.4273276157919363,0.11416817619087183,26.716778719674856,0.0,0.0,0.0,9.9,0.24600000000000044,2.484848482338541,0.4110105075468737,-0.8376218294089928,-203.7957165690939,0.24931580690808633,-0.5097418082428039,-204.45626537634683,0.3168388935281711,-0.6299983331292356,-198.8386925070963,0.0,0.0,0.0,10.785,-0.6389999999999993,-5.924895682962538,0.7367489232974634,-1.1633602451595826,-157.90457136500177,0.6911411043094495,-0.9515671056441671,-137.68058156906508,0.5796425460195213,-0.8928019856205858,-154.02630057937253,0.0,0.0,0.0,9.12,1.0260000000000016,11.249999987664491,0.6891899352333312,-1.1158012570954503,-161.9003969533662,0.6359241120112106,-0.8963501133459282,-140.9523687371819,0.5470774147901356,-0.8602368543912,-157.24225044036416,0.0,0.0,0.0,18.656,-8.509999999999998,-45.6153516050518,-0.3213361797471415,-0.10527514211497757,-32.7616824602975,-0.11911606370776182,-0.1413099376269558,-118.63213185958782,-0.23730094465784618,-0.07585849494321828,-31.967210183623283,0.0,0.0,0.0,17.245,-7.099,-41.16555520952998,42.10526315789473,-0.4521110360479444,42.10526315789473,-0.26241393900538806,39.473684210526315,-0.3615487981710155,51.31578947368421,0.0,63.1578947368421,0.2879181147755933,DBR 4 3/4,100.0,0.7071067741260605,100.0,0.7071067756170811,100.0,0.7071067740411473,75.0,0.0,100.0,0.7071067806474639,0.9784308817303067,0.012644729334768012,rising,86.8421052631579,100.0,-1.0,-1.0,1.0,1,0,0.5074783070760426,0.3444390521559893,0.39045280206771227,0.0,Below Median,Top Decile,Above Median,Top Decile,Very Tight,12.274892173296337,,,,,10.156233865142877
2026-06-01,DE0001135432,DBR 3 1/4 07/04/42,2042-07-04,1.8358911714718325,NO ACTION,0.6788561875683496,0.9850667616449006,0.649680404189263,0.0,0.7516758598206127,15.538,0.9247190562281842,-0.1730431964075715,-18.713055967732284,0.9177438696445446,-0.23888768207619493,-26.029885611301438,0.7829463559375548,-0.1332659517482918,-17.021083122176552,0.0,0.0,0.0,15.904,-0.36599999999999966,-2.301307845635493,0.9729527606262555,-0.22127690080564277,-22.742820359431693,0.9963186299293312,-0.31746244236098153,-31.863545419916978,0.8220929914925054,-0.17241258730324238,-20.97239448459338,0.0,0.0,0.0,15.933,-0.3949999999999996,-2.4791313610248316,1.095961317061211,-0.34428545724059834,-31.414015142650147,1.1580975797276885,-0.4792413921593388,-41.38177960218587,0.9048753811597288,-0.2551949769704658,-28.202223141840165,0.0,0.0,0.0,13.352,2.186,16.372079077013122,0.9145505846717844,-0.16287472485117171,-17.809263456837453,0.9192089747138421,-0.24035278714549246,-26.14778479567586,0.783783310244852,-0.13410290605558906,-17.109691236309494,0.0,0.0,0.0,22.701,-7.163,-31.553676035613552,-0.6672934947074429,1.4189693545280555,212.645461782243,-0.5608488678077528,1.2397050553761024,221.04083727899467,-0.5708272361158178,1.2205076403050807,213.81383748060375,0.0,0.0,0.0,21.028,-5.489999999999998,-26.108046401888878,71.05263157894737,0.749715841482619,71.05263157894737,0.6840381731662486,63.1578947368421,0.6465520483976741,51.31578947368421,0.0,71.05263157894737,0.6104672547016715,DBR 3 1/4,100.0,0.0,100.0,0.0,100.0,0.0,100.0,0.0,100.0,0.0,0.9469756181538623,0.03809114349103826,rising,65.78947368421053,100.0,1.0,1.0,1.0,1,1,0.8941609686931397,0.8978542104009931,0.8100331721992242,0.0,Above Median,Top Decile,Above Median,Top Decile,Very Tight,12.157190905714543,,,,,15.61406243899164
2026-06-01,DE0001135481,DBR 2 1/2 07/04/44,2044-07-04,1.118268839239743,NO ACTION,0.06932415013002481,0.9896561755440973,0.6989655998757922,0.0,0.43092167627247885,18.807,-0.38919252596207865,0.8201142022345576,210.7219760027634,-0.006776997076131567,0.07610114720615638,1122.9314998678772,-0.6513460448155778,1.35031164469137,207.31094242578894,0.0,0.0,0.0,19.071,-0.2640000000000029,-1.3843007700779864,0.623205977173408,-0.19228430090092913,-30.854052248927726,0.33756361953572533,-0.26823946940570054,-79.46337991881083,0.84897063777003,-0.1500050378942378,-17.669048781398068,0.0,0.0,0.0,19.086,-0.2789999999999999,-1.4618044632391254,0.5846612267650494,-0.15373955049257054,-26.295492299646323,0.2839533337910581,-0.21462918366103328,-75.58607368221882,0.8176989813791947,-0.11873338150340251,-14.520426557349367,0.0,0.0,0.0,15.977,2.8299999999999983,17.712962372339625,-1.160024708247871,1.5909463845203498,137.14762793359725,-1.089377003489001,1.1587011536190257,106.36364998266276,-1.2622466023873933,1.9612122022631855,155.37472495598777,0.0,0.0,0.0,24.401,-5.594000000000001,-22.925289937738093,-2.0431273819261517,2.4740490581986307,121.091277419869,-2.526682537429532,2.596006687559557,102.74368223267898,-1.5259632959412495,2.2249288958170417,145.80487533051485,0.0,0.0,0.0,22.045,-3.238000000000003,-14.688137893087724,63.1578947368421,0.42255366501050234,60.526315789473685,0.06985332958531885,65.78947368421053,0.6981540337281785,51.31578947368421,0.0,73.68421052631578,0.8060186527762913,DBR 2 1/2,66.66666666666666,0.18160571970404615,66.66666666666666,-0.23634211929430465,66.66666666666666,0.41675911802942156,58.333333333333336,0.0,66.66666666666666,0.5371506096135882,0.9791347292087321,0.010521446335365225,rising,81.57894736842105,83.33333333333334,1.0,-1.0,1.0,0,1,0.5126057175477555,0.09168802055066558,0.8714828375223431,0.0,Above Median,Above Median,Above Median,Above Median,Very Tight,12.284101601741073,,,,,18.879552030316592
2026-06-01,DE000BU27006,DBR 2.4 11/15/30,2030-11-15,2.430422631907401,NO ACTION,2.0565014261853593e-17,0.9845567520928951,0.005282652636753496,0.0,0.17878965218967208,-13.401,0.17492695603034367,0.0038626961593284104,2.208176501877,2.0565014261853593e-17,0.0,0.0,0.005282652636753496,0.0,0.0,0.0,0.0,0.0,-15.784,2.383000000000001,15.09756714704919,0.17720617445004597,0.0015834777396261102,0.8935792757687241,2.0565014261853593e-17,0.0,0.0,0.005282652636753496,0.0,0.0,0.0,0.0,0.0,-13.321,-0.08000000000000007,-0.6005555133994784,0.17926987034154182,-0.0004802181518697435,-0.2678744198160005,2.0565014261853593e-17,0.0,0.0,0.005282652636753496,0.0,0.0,0.0,0.0,0.0,-11.56,-1.8409999999999993,-15.925605522555697,1.5019251965993146,-1.3231355444096424,-88.09596766842401,1.5359650453238305,-1.5359650453238305,-99.99999934894352,1.5869931416070233,-1.5817104889702698,-99.66712757194924,0.0,0.0,0.0,-7.137,-6.264,-87.76796961220687,1.3191410670275427,-1.1403514148378706,-86.44650937619623,1.2405566474942769,-1.2405566474942769,-99.99999919391026,1.4971346837053772,-1.4918520310686236,-99.64714847241439,0.0,0.0,0.0,-8.427,-4.974,-59.024563831702196,50.0,0.16538457419840177,52.63157894736842,8.843265223915366e-17,52.63157894736842,-0.028137437145166415,51.31578947368421,0.0,13.157894736842104,-1.1206621147940223,DBR 2.4 11/15/30,100.0,0.0,100.0,0.0,100.0,0.0,100.0,0.0,100.0,0.0,0.9759576312451015,0.008599120847793573,rising,63.1578947368421,100.0,1.0,1.0,1.0,1,1,0.21268040805830704,2.7199258075706437e-17,0.0065865059887652835,0.0,Above Median,Top Decile,Bottom Quartile,Top Decile,Very Tight,4.114111967863465,,,,,-13.753749134153397
2026-06-01,DE000BU27014,DBR 2 1/2 11/15/32,2032-11-15,1.1707270456183476,MODERATE BUY,1.4658899986744554,0.9728683926282462,1.116796016105164,0.0,1.3275736085189258,-8.76,1.1324402117613754,0.19513339675755037,17.231231548279315,1.1639260763271864,0.301963922347269,25.943565136522356,1.014154983328432,0.10264103277673198,10.120842815146688,0.0,0.0,0.0,-9.967,1.2070000000000007,12.109962865345683,1.3069618557844995,0.02061175273442628,1.5770737673401165,1.4320460816401999,0.03384391703425549,2.363325959396476,1.1062960438863434,0.010499972218820597,0.9491105190093468,0.0,0.0,0.0,-8.393,-0.3669999999999991,-4.372691523444893,1.7276659663659446,-0.4000923578470188,-23.15796938298179,2.1272248056395875,-0.6613348069651321,-31.089088567551816,1.2189044415954338,-0.10210842549026977,-8.377065598260737,0.0,0.0,0.0,-8.172,-0.5879999999999992,-7.195301019095313,1.773221970528454,-0.4456483620095282,-25.132124849744784,2.216178105498047,-0.7502881068235916,-33.855045385419196,1.2259805098298564,-0.10918449372469241,-8.90589140354736,0.0,0.0,0.0,-1.335,-7.425,-556.1797711147583,,,,,,,,,,,,,,,,89.47368421052632,1.337118814080974,97.36842105263158,1.4770797337027894,84.21052631578947,1.1356257472634397,51.31578947368421,0.0,21.052631578947366,-0.8430377530735235,DBR 2 1/2,83.33333333333334,1.1381415102385095,100.0,1.2809342750938937,83.33333333333334,0.900170938769808,58.333333333333336,0.0,16.666666666666664,-1.0140634476767953,0.9799673886749481,-0.007098996046701944,falling,36.84210526315789,50.0,1.0,1.0,1.0,1,1,1.5792239278350944,1.9387839890051097,1.3924412892736477,0.0,Top Quartile,Top Quartile,Bottom Quartile,Bottom Quartile,Very Tight,5.769897214630504,,,,,-9.089346663122274
2026-06-01,DE000BU2D004,DBR 2 1/2 08/15/54,2054-08-15,1.0292661395234788,MODERATE BUY,1.3780915607000077,0.9786599021334716,1.4351620215877732,0.0,1.3778461021383361,34.514,1.4296049565590383,-0.05175885442070216,-3.6205004621159227,1.4632762932417904,-0.08518473254178272,-5.821507008147515,1.460993474981176,-0.02583145339340276,-1.7680745094996495,0.0,0.0,0.0,36.239,-1.7249999999999943,-4.760065121896266,1.250306642172593,0.12753945996574312,10.200654355003584,1.1833263753386385,0.19476518536136922,16.459126389346274,1.367596982962319,0.06756503862545427,4.940420238794418,0.0,0.0,0.0,33.979,0.5350000000000037,1.5745018977678966,1.0089693238201711,0.368876778318165,36.5597611298571,0.8419975159266974,0.5360940447733104,63.66931353904971,1.1959072198335603,0.23925480175421288,20.00613390283718,0.0,0.0,0.0,29.026,5.488000000000003,18.90718665372178,1.1681548019513324,0.20969130018700377,17.950643017660227,1.0754572154185391,0.3026343452814686,28.140063419416002,1.3150590784906115,0.12010294309716163,9.132893278203374,0.0,0.0,0.0,37.023,-2.5090000000000003,-6.776868431305711,1.3308886854441648,0.046957416694171306,3.5282752686166554,1.3060459323092342,0.07204562839077355,5.516316544224233,1.4109283900537561,0.02423363153401703,1.717566357945147,0.0,0.0,0.0,42.307,-7.792999999999999,-18.4201195976032,94.73684210526315,1.3883956462247353,89.47368421052632,1.3886110945142507,100.0,1.4689574448615303,51.31578947368421,0.0,97.36842105263158,1.74561051865517,DBR 2 1/2,100.0,1.1917715061120526,83.33333333333334,1.185547081184184,100.0,1.2685067142287831,58.333333333333336,0.0,100.0,1.4209943067101187,0.9829571954966307,-0.004297293363159094,falling,52.63157894736842,66.66666666666666,1.0,1.0,1.0,1,1,1.6390259036549368,1.8226619021101569,1.789385731000024,0.0,Top Decile,Top Decile,Top Decile,Top Decile,Very Tight,15.485318894070588,,,,,34.45204566096859
2026-06-01,DE000BU2D012,DBR 2.9 08/15/56,2056-08-15,1.0493023927117662,MODERATE BUY,1.3979220448741938,0.9807665223853115,1.3706214314818705,0.0,1.3693810737005823,36.86,1.2229689625911118,0.1464121111094705,11.971858190258605,1.18064360071765,0.21727844415654385,18.40338965832983,1.295752064356367,0.07486936712550363,5.778062687084113,0.0,0.0,0.0,38.599,-1.7389999999999972,-4.50529806354949,1.4958569262021182,-0.12647585250153592,-8.455076781784342,1.601124059204751,-0.2032020143305573,-12.691209771862589,1.4239962902608752,-0.05337485877900461,-3.748244203248728,0.0,0.0,0.0,36.526,0.3339999999999961,0.9144171272752405,1.2642025003284645,0.10517857337211778,8.319756725114424,1.2361680242242865,0.1617540206499073,13.08511595281707,1.317246572702866,0.05337485877900461,4.052002068548504,0.0,0.0,0.0,31.379,5.480999999999998,17.467095822853782,1.5433747055906253,-0.17399363189004302,-11.273583150768308,1.6923473829985662,-0.29442533812437244,-17.397452753639328,1.4436266731047573,-0.0730052416228868,-5.057072058676345,0.0,0.0,0.0,39.74,-2.8800000000000026,-7.247106188412913,,,,,,,,,,,,,,,,92.10526315789474,1.3797615043502356,92.10526315789474,1.4085929528458383,92.10526315789474,1.4013829422654664,51.31578947368421,0.0,100.0,1.8859481080963012,DBR 2.9 08/15/56,100.0,0.0,100.0,0.0,100.0,0.0,100.0,0.0,100.0,0.0,0.9690330913097901,0.011733431075521383,rising,55.26315789473685,100.0,1.0,1.0,1.0,1,1,1.6289562733361937,1.848889671755831,1.708915366491594,0.0,Top Decile,Top Decile,Top Decile,Top Decile,Very Tight,16.89462452761248,,,,,36.699334715157626
2026-06-01,DE000BU2F009,DBR 2.6 05/15/41,2041-05-15,2.35955486204519,MODERATE BUY,1.123644179679527,0.9120768069123169,1.4207055380980926,0.0,1.2205834357205216,13.663,1.2310290359113405,-0.01044560019081886,-0.8485258918554518,1.143140327555373,-0.019496147875846193,-1.7054903265454766,1.4307109464080559,-0.010005408309963215,-0.6993312146768487,0.0,0.0,0.0,13.633,0.030000000000001137,0.22005427989434245,1.3854727800349014,-0.16488934431437974,-11.901305135716598,1.3658161694120967,-0.24217198973256981,-17.73093578645485,1.5131889890544437,-0.09248345095635102,-6.1118241683055965,0.0,0.0,0.0,13.984,-0.32099999999999973,-2.2954805475575775,1.367776992479137,-0.14719355675861534,-10.76151715461092,1.3260993848770912,-0.20245520519756433,-15.26697063430368,1.4997596767600825,-0.07905413866198985,-5.271120390812064,0.0,0.0,0.0,11.409,2.2539999999999996,19.756332702466175,1.5001466574789204,-0.27956322175839876,-18.635725947264895,1.5452077414470478,-0.42156356176752086,-27.281998900972205,1.563748637890721,-0.14304309979262841,-9.147448343797043,0.0,0.0,0.0,21.069,-7.405999999999999,-35.1511699486681,0.7761297660295902,0.4444536696909315,57.265380535276165,0.4943939642915955,0.6292502153879314,127.27708024547992,1.0727988499056496,0.3479066881924431,32.42981524262999,0.0,0.0,0.0,20.154,-6.491,-32.20700603740845,86.8421052631579,1.2279912030030626,84.21052631578947,1.1322214130654653,94.73684210526315,1.453821393587434,51.31578947368421,0.0,68.42105263157895,0.4983048590485935,DBR 2.6 05/15/41,100.0,0.7071067649632814,100.0,0.7071067694249767,100.0,0.707106760263374,75.0,0.0,100.0,0.7071067711965363,0.9268580211921,-0.014781214279783184,falling,15.789473684210526,100.0,1.0,1.0,1.0,1,1,1.4519530632726774,1.4861301645221532,1.7713611282807764,0.0,Top Quartile,Top Decile,Above Median,Top Decile,Very Tight,11.002921524963227,,,,,13.766495326094882
2026-06-01,DE000BU2T000,DBR 3.4 05/15/47,2047-05-15,-0.2354213295822802,NO ACTION,0.12639222321839005,0.9626411795923999,0.10969270247209081,0.0,0.2766213560326539,22.64,-0.3297181071095346,0.6063394631421886,183.8963137535929,-0.19031460297257338,0.31670682619096346,166.41224824738222,-0.13195883207120038,0.2416515345432912,183.1264436322535,0.0,0.0,0.0,23.235,-0.5949999999999989,-2.560791907656207,0.5297217048852217,-0.2531003488525678,-47.779870399953055,0.4742389305344411,-0.34784670731605105,-73.34840680186386,0.30770848290310965,-0.19801578043101883,-64.35174361383956,0.0,0.0,0.0,23.249,-0.6089999999999982,-2.6194675028519567,,,,,,,,,,,,,,,,,,,,,,,,,,,,,,,,,,,,,,,,,,,,,,60.526315789473685,0.26517074940332286,63.1578947368421,0.12735702650426745,60.526315789473685,0.08118070159629974,51.31578947368421,0.0,78.94736842105263,1.0353084994633572,DBR 3.4 05/15/47,100.0,0.0,100.0,0.0,100.0,0.0,100.0,0.0,100.0,0.0,0.963543391335497,-0.0009022117430971255,falling,28.947368421052634,100.0,1.0,-1.0,1.0,0,1,0.3290567555680135,0.16716617135812423,0.136766827470278,0.0,Above Median,Top Decile,Top Quartile,Top Decile,Very Tight,14.638517325845868,,,,,22.76512409599682
2026-06-01,DE000BU2Z007,DBR 2.3 02/15/33,2033-02-15,0.889379648860972,WEAK BUY,1.12641117695416,0.9810439157111241,1.1752877091719633,0.0,1.1594914775619487,-8.324,1.2560484459825474,-0.09655696842059869,-7.687360146075474,1.2779152487473864,-0.15150407179322634,-11.85556481591203,1.23710819777915,-0.0618204886071867,-4.997177144121168,0.0,0.0,0.0,-9.089,0.7650000000000006,8.416767511919064,1.043518077874417,0.11597339968753162,11.113693287651811,0.9622563615304366,0.16415481542372345,17.059363832804838,1.091059671155772,0.08422803801619128,7.719837830224607,0.0,0.0,0.0,-8.196,-0.1280000000000001,-1.5617374309886085,1.2076875100192899,-0.048196032457341165,-3.990770100577951,1.202255228114964,-0.07584405116080406,-6.308481656500928,1.2097550092815703,-0.03446730010960697,-2.8491140404671227,0.0,0.0,0.0,-8.229,-0.09500000000000064,-1.154453759685931,0.79240888856164,0.36708258900030866,46.32489484489982,0.6316641403041322,0.49474703665002784,78.32438114650296,0.9082992851441266,0.26698842402783673,29.394322494268994,0.0,0.0,0.0,-2.239,-6.085,-271.77311178305894,0.612732603621198,0.5467588739407507,89.2328663084297,0.38581837388804974,0.7405928030661103,191.95373626390054,0.7631257562056506,0.41216195296631275,54.009702098728695,0.0,0.0,0.0,-4.92,-3.404,-69.18699172929473,84.21052631578947,1.1656787562096669,86.8421052631579,1.1350095319565603,89.47368421052632,1.1968670073527106,51.31578947368421,0.0,28.947368421052634,-0.816956257337661,DBR 2.3 02/15/33,100.0,0.7071067468301409,100.0,0.707106756520991,100.0,0.7071067348679885,75.0,0.0,100.0,0.7071067514246477,0.984091583817063,-0.0030476681059388167,falling,57.89473684210527,100.0,1.0,1.0,1.0,1,1,1.379280722166144,1.4897897911097762,1.465369780539024,0.0,Top Quartile,Top Decile,Below Median,Top Decile,Very Tight,5.918610866454799,,,,,-8.464751881852985
2026-06-01,DE000BU2Z015,DBR 2.6 08/15/33,2033-08-15,0.9743513064489032,MODERATE BUY,1.5704050444982034,0.9875662153082632,1.124994363978917,0.0,1.3905337567059064,-6.844,1.4577692355213396,-0.06723547881543324,-4.612216852701398,1.6793119215070815,-0.10890687700887813,-6.485208314523244,1.1483910412056368,-0.023396677226719786,-2.0373440912968466,0.0,0.0,0.0,-7.762,0.9179999999999993,11.826848735085216,1.3521253519532639,0.03840840475264251,2.8405949502461962,1.5170623969958923,0.0533426475023111,3.5161801687473715,1.112478092747062,0.012516271231854947,1.125080233125335,0.0,0.0,0.0,-6.939,0.09499999999999975,1.369073351536135,1.066246484738286,0.3242872719676204,30.413912127065696,1.0785519536713204,0.491853090826883,45.6030963174595,0.9540274250246428,0.17096693895427428,17.920547426380683,0.0,0.0,0.0,-7.121,0.27700000000000014,3.889903098034122,0.7339822404066315,0.6565515162992749,89.45059855814503,0.6269787410818727,0.9434263034163307,150.4718145213721,0.7072400345047541,0.4177543294741629,59.06825168061517,0.0,0.0,0.0,-0.608,-6.236000000000001,-1025.657877867469,1.0422505362457934,0.34828322046011295,33.416458423997554,1.0513575325845335,0.5190475119136699,49.369266961047785,0.9396850716677753,0.1853092923111418,19.720361206783284,0.0,0.0,0.0,-2.209,-4.635,-209.82344857481462,97.36842105263158,1.4013367734042341,100.0,1.582392585412586,86.8421052631579,1.1442094816044073,51.31578947368421,0.0,31.57894736842105,-0.7284227397021648,DBR 2.6 08/15/33,100.0,0.0,100.0,0.0,100.0,0.0,100.0,0.0,100.0,0.0,0.9598766767696374,0.02768953853862577,rising,76.31578947368422,100.0,1.0,1.0,1.0,1,1,1.6541185866915984,2.07701543722868,1.4026631363420632,0.0,Top Decile,Top Decile,Below Median,Top Decile,Very Tight,6.364404653231048,,,,,-7.068968764929794
2026-06-01,DE000BU2Z023,DBR 2.2 02/15/34,2034-02-15,0.8391822829480429,MODERATE BUY,1.4477492514720987,0.9901034676750202,1.4333549611515632,0.0,1.4178799357080312,-5.583,1.4493373073711286,-0.03145737166309748,-2.170465859538912,1.5025068275029574,-0.054757576030858734,-3.644414432207265,1.448115791662079,-0.014760830510515799,-1.0193128542326528,0.0,0.0,0.0,-6.418,0.835,13.010283557166899,1.509754560508695,-0.09187462480066388,-6.0854013357752414,1.596834941563627,-0.14908569009152828,-9.3363243299217,1.4699907337846219,-0.036635772633058616,-2.4922451238527232,0.0,0.0,0.0,-5.424,-0.1589999999999998,-2.9314159237990083,1.1855843928494456,0.23229554285858556,19.59333661106574,1.1012577202239469,0.3464915312481518,31.463255306974403,1.3048063882262197,0.1285485729253435,9.85192692955024,0.0,0.0,0.0,-5.858,0.27499999999999947,4.694434952723728,0.6407508743315533,0.7771290613764779,121.28411842727263,0.3581996559852796,1.089549595486819,304.1738167147243,0.8881553167025849,0.5451996444489784,61.385618940452346,0.0,0.0,0.0,0.782,-6.365,-813.938608517409,1.2094250483471913,0.20845488736083984,17.235866407937316,1.1424295999831706,0.30531965148892803,26.725467269132295,1.3253498121326075,0.10800514901895575,8.149180481660737,0.0,0.0,0.0,-0.328,-5.255,-1602.1340974959116,100.0,1.429229271458554,94.73684210526315,1.4588005107931192,97.36842105263158,1.4670654384522686,51.31578947368421,0.0,34.21052631578947,-0.652989789878948,DBR 2.2 02/15/34,100.0,0.0,100.0,0.0,100.0,0.0,100.0,0.0,100.0,0.0,0.9807145362601298,0.009388931414890389,rising,84.21052631578947,100.0,1.0,1.0,1.0,1,1,1.6866484139929985,1.9147910630309082,1.7871326556601184,0.0,Top Decile,Top Decile,Below Median,Top Decile,Very Tight,6.6282477257800565,,,,,-5.858846085257293
2026-06-01,DE000BU2Z031,DBR 2.6 08/15/34,2034-08-15,0.1712379684999669,WEAK BUY,0.8416396750025701,0.9853386775089384,0.7208976070647417,0.0,0.8635098602552613,-4.899,0.6760738831936254,0.18743597706163595,27.724185026022724,0.5895340158918551,0.25210565911071503,42.76354680789225,0.5740882128892756,0.14680939417546612,25.572619036949177,0.0,0.0,0.0,-5.823,0.9240000000000004,15.868109194799748,0.8838047349931067,-0.020294874737845414,-2.296307510546767,0.8706349756921026,-0.02899530068953249,-3.330362455683189,0.7367997389033903,-0.015902131838648637,-2.1582705290435342,0.0,0.0,0.0,-4.697,-0.20199999999999996,-4.3006174062154185,0.5569351022921636,0.30657475796309774,55.04676419149366,0.42758109212427997,0.4140585828782901,96.83743758112597,0.4766591228443497,0.24423848422039202,51.239652697506735,0.0,0.0,0.0,-5.366,0.46699999999999964,8.702944448932264,0.3283048663899541,0.5352049938653072,163.02072626834857,0.12133830576655984,0.7203013692360103,593.630597792195,0.30272480043693023,0.4181728066278115,138.1362849064972,0.0,0.0,0.0,2.175,-7.074,-325.24137781498223,0.9421961017781033,-0.07868624152284198,-8.351365553222893,0.9560773066607238,-0.11443763165815368,-11.969495527605256,0.7777344132057489,-0.05683680614100717,-7.307996720362607,0.0,0.0,0.0,1.084,-5.9830000000000005,-551.9372642810216,73.68421052631578,0.8637840496695054,78.94736842105263,0.848064253218622,68.42105263157895,0.7211170167795377,51.31578947368421,0.0,39.473684210526315,-0.6120729479447051,DBR 2.6 08/15/34,100.0,0.0,100.0,0.0,100.0,0.0,100.0,0.0,100.0,0.0,0.9820611161678604,0.003277561341078039,rising,68.42105263157895,100.0,1.0,1.0,1.0,1,1,1.027193840315941,1.1131514151007094,0.8988280571740436,0.0,Above Median,Top Decile,Below Median,Top Decile,Very Tight,7.10348639468279,,,,,-5.144728974650652
2026-06-01,DE000BU2Z049,DBR 2 1/2 02/15/35,2035-02-15,-0.7884618377513277,NO ACTION,-0.029216219003365393,0.9316890961146406,-0.1288202534188356,0.0,-0.23137289212901638,-4.506,-0.3477521749599349,0.1163792828309185,33.466154308800895,-0.192152538423744,0.16293631942037862,84.79529454954906,-0.21909718847413,0.09027693505529441,41.20405723305216,0.0,0.0,0.0,-5.107,0.601,11.768161324127352,0.2576610783156314,-0.4890339704446478,-189.79737050772204,0.07169060651705543,-0.10090682552042082,-140.75318420007557,0.1650267951977233,-0.2938470486165589,-178.0601934725043,0.0,0.0,0.0,-4.039,-0.4670000000000005,-11.562267859464564,-0.3453116027107344,0.11393871058171803,32.99591047265585,-0.20768602953877996,0.17846981053541455,85.93250221909594,-0.22693412426064105,0.09811387084180545,43.23451434992964,0.0,0.0,0.0,-4.833,0.32699999999999996,6.765983846956374,-0.6400440416539885,0.4086711495249722,63.85047223997984,-0.5851876089883591,0.5559713899849937,95.00737403606165,-0.45089548821787595,0.3220752347990403,71.430128726504,0.0,0.0,0.0,3.064,-7.57,-247.0626623790383,,,,,,,,,,,,,,,,47.368421052631575,-0.25297215375525256,47.368421052631575,-0.02943923829504005,47.368421052631575,-0.16854422856934878,51.31578947368421,0.0,42.10526315789473,-0.5885637098158201,DBR 2 1/2,50.0,-0.5249208997896863,50.0,-0.3433997106969744,50.0,-0.5409535112603959,58.333333333333336,0.0,50.0,-0.7746879407404841,0.9315582150626522,0.00013088105198832967,rising,18.421052631578945,16.666666666666664,-1.0,-1.0,1.0,1,0,0.275231147378855,0.03864132893614968,0.16061540081478093,0.0,Below Median,Above Median,Below Median,Above Median,Very Tight,7.430008778251818,,,,,-4.730168153251451
2026-06-01,DE000BU2Z056,DBR 2.6 08/15/35,2035-08-15,-1.146967112998532,NO ACTION,-0.3545329794607472,0.9917074075682164,-0.23332541169818397,0.0,-0.45421379559208375,-3.555,-0.5178332785603286,0.06361948296824482,12.285707461009052,-0.4453455466503513,0.09081256718960412,20.391483833957434,-0.2874230946516727,0.05409768295348874,18.821619444633576,0.0,0.0,0.0,-3.941,0.3859999999999997,9.794468384180483,-0.6460044079519043,0.19179061235982053,29.688746242305037,-0.6188977830020888,0.26436480354134156,42.71542192111991,-0.3902543443164265,0.15692893261824256,40.211961989026584,0.0,0.0,0.0,-3.329,-0.22599999999999998,-6.788825452722061,-0.7297550940918006,0.27554129849971687,37.75805019447384,-0.7340401180113847,0.3795071385506375,51.70114331198409,-0.4557650405512421,0.22243962885305815,48.80576704686334,0.0,0.0,0.0,-4.224,0.669,15.838068144322756,-0.4314976869827728,-0.022716108609310948,-5.264479687412531,-0.32992833090478696,-0.02460464855596023,-7.457573510806946,-0.21962979576059194,-0.013695615937592026,-6.235772913500169,0.0,0.0,0.0,4.936,-8.491,-172.0218797163252,,,,,,,,,,,,,,,,39.473684210526315,-0.48026494905888567,36.84210526315789,-0.3572392740002821,44.73684210526316,-0.27796194659551293,51.31578947368421,0.0,47.368421052631575,-0.5316749427405788,DBR 2.6 08/15/35,100.0,0.0,100.0,0.0,100.0,0.0,100.0,0.0,100.0,0.0,0.9785891446389391,0.013118262929277313,rising,94.73684210526315,100.0,-1.0,-1.0,-1.0,1,1,0.5403130114585969,0.46890480511793403,0.29091430520892025,0.0,Below Median,Top Decile,Below Median,Top Decile,Very Tight,7.807463535354486,,,,,-3.814049966130325
2026-06-01,DE000BU2Z064,DBR 2.9 02/15/36,2036-02-15,-1.6158490986098155,NO ACTION,-0.7800083605153443,0.9772378501315501,-0.5183463967105169,0.0,-0.7740706180564557,-2.714,-0.7791535015972053,0.005082883540749594,0.6523597038445056,-0.7870800292924,0.007071668777055673,0.8984688245191986,-0.522493124869399,0.004146728158882174,0.7936426111930979,0.0,0.0,0.0,-2.862,0.14800000000000013,5.17120892672534,-0.9042959839636453,0.13022536590718958,14.400745638205818,-0.9664935226194329,0.1864851621040886,19.29502431316518,-0.6188950437190054,0.10054864700848853,16.24647771932917,0.0,0.0,0.0,-2.307,-0.40700000000000003,-17.641959177971568,-1.231220448568839,0.4571498305123832,37.12981110172346,-1.4466046545305709,0.6665962940152266,46.08005976750668,-0.8168727807724199,0.298526384061903,36.545027259338866,0.0,0.0,0.0,-2.294,-0.41999999999999993,-18.30863113204607,,,,,,,,,,,,,,,,,,,,,,,,,,,,,,,21.052631578947366,-0.806511837063063,15.789473684210526,-0.7859624818218164,31.57894736842105,-0.5763811469784843,51.31578947368421,0.0,50.0,-0.4813663695436515,DBR 2.9 02/15/36,100.0,0.0,100.0,0.0,100.0,0.0,100.0,0.0,100.0,0.0,0.9573938344169268,0.019844015714623242,rising,47.368421052631575,100.0,-1.0,-1.0,-1.0,1,1,0.9208008008178389,1.0316379278286618,0.6462835777684006,0.0,Bottom Quartile,Top Decile,Above Median,Top Decile,Very Tight,8.274294144104033,,,,,-2.967936597270852
2026-06-01,DE000BU3F007,DBR 2.6 05/15/41,2041-05-15,1.3585548620451906,NO ACTION,0.2734176161081548,0.9119509091435957,0.9427665852537334,0.0,0.6041847616570022,12.662,0.5275299801475358,0.07665478150946636,14.5308860047991,0.16917322422106648,0.10424439188708831,61.61990835433657,0.8848645645398027,0.05790202071393069,6.5436025330818754,0.0,0.0,0.0,12.565,0.09700000000000131,0.771985673878255,0.8058962480773737,-0.2017114864203715,-25.029460603476988,0.5438189529220087,-0.27040133681385387,-49.72267523753732,1.1037661592756494,-0.160999574021916,-14.586384191098425,0.0,0.0,0.0,13.017,-0.35499999999999865,-2.727202886435264,,,,,,,,,,,,,,,,,,,,,,,,,,,,,,,,,,,,,,,,,,,,,,68.42105263157895,0.5992781818652246,68.42105263157895,0.2755047240624322,76.31578947368422,0.953415572123036,51.31578947368421,0.0,65.78947368421053,0.438425094755937,DBR 2.6 05/15/41,50.0,-0.7071067649632814,50.0,-0.7071067694249766,50.0,-0.7071067602633737,75.0,0.0,50.0,-0.7071067711965389,0.9278142324710669,-0.0158633233274712,falling,13.157894736842104,50.0,1.0,1.0,1.0,1,1,0.7187119616715996,0.36162174303786904,1.1754582757494425,0.0,Above Median,Above Median,Above Median,Above Median,Very Tight,11.01927002273584,,,,,12.7376973950556
2026-06-01,DE000BU3Z005,DBR 2.3 02/15/33,2033-02-15,0.5533796488609717,WEAK BUY,0.7209875426406537,0.9764967946063358,0.959391541266866,0.0,0.8684249639699049,-8.66,0.9067087127685862,-0.03828374879868135,-4.222276441962969,0.7775428563993957,-0.05655531375874201,-7.273594319067624,0.9914621085873941,-0.032070567320528154,-3.2346739950308283,0.0,0.0,0.0,-9.516,0.8559999999999999,8.995376199038065,1.0838998647838005,-0.21547490081389564,-19.879594584958802,1.0189841194342946,-0.2979965767936409,-29.244476747550372,1.118679163296583,-0.1592876220297169,-14.238901182035931,0.0,0.0,0.0,-8.13,-0.5299999999999994,-6.519065182633367,0.8397737617440645,0.02865120222584039,3.411776265212095,0.686485922405885,0.03450162023476866,5.025830626106634,0.939989418688611,0.01940212257825502,2.064078806218398,0.0,0.0,0.0,-8.771,0.11100000000000065,1.265534145176687,0.4077540845967863,0.46067087937311857,112.97762192398334,0.10370447786753048,0.6172830647731232,595.2327401313868,0.6025446593373835,0.35684688192948244,59.22330743078448,0.0,0.0,0.0,-2.812,-5.848000000000001,-207.96585985787394,-0.3538958234467516,1.2223207874166564,345.3899910354755,-0.021584644568986545,0.7425721872096402,3440.2782997351705,-0.544919695967206,1.504311237234072,276.0610821669575,0.0,0.0,0.0,-5.491,-3.1690000000000005,-57.71262054687195,76.31578947368422,0.868797346802784,73.68421052631578,0.7264911340207533,78.94736842105263,0.9708220310882466,51.31578947368421,0.0,23.684210526315788,-0.8370557586386927,DBR 2.3 02/15/33,50.0,-0.7071067468301409,50.0,-0.7071067565209906,50.0,-0.7071067348679891,75.0,0.0,50.0,-0.7071067514246403,0.9871702641639618,-0.010673469557626047,falling,42.10526315789473,50.0,1.0,1.0,1.0,1,1,1.0330406343047247,0.9535770795952269,1.1961865688765774,0.0,Top Quartile,Above Median,Bottom Quartile,Above Median,Very Tight,5.919966128079324,,,,,-8.777340671847192
2026-06-01,DE000BU3Z047,DBR 2 1/2 02/15/35,2035-02-15,-1.3994618377513277,NO ACTION,-0.5836530832933012,0.9379625433273927,-0.4495259266241168,0.0,-0.6372438000783172,-5.117,-0.7994515588718947,0.16220775879357752,20.289879350974157,-0.8133273769428594,0.22967429364955816,28.23884911989248,-0.5822592710859467,0.13273334446182988,22.796260836628424,0.0,0.0,0.0,-5.695,0.5780000000000003,10.149253713521947,-0.7089426224460676,0.07169882236775049,10.113487197175285,-0.6827108972860683,0.09905781399276703,14.509481676006091,-0.5068572966739813,0.057331370049864494,11.31114601584326,0.0,0.0,0.0,-4.731,-0.3860000000000001,-8.158951578611392,-1.3263760331798302,0.6891322331015131,51.956022324513626,-1.6084469483649098,1.0247938650716084,63.7132520747453,-0.9003399512365227,0.4508140246124059,50.0715334231372,0.0,0.0,0.0,-6.305,1.1879999999999997,18.842188709211435,-0.7776753022525064,0.1404315021741892,18.057857818249985,-0.7749950967055319,0.19134201341223067,24.689447940596253,-0.5590908541248535,0.10956492750073671,19.59698047869893,0.0,0.0,0.0,2.858,-7.975,-279.04128663736424,,,,,,,,,,,,,,,,28.947368421052634,-0.6669515074851189,21.052631578947366,-0.5881083448452784,36.84210526315789,-0.5043255765710104,51.31578947368421,0.0,36.84210526315789,-0.6251136958126363,DBR 2 1/2,33.33333333333333,-0.9578983304160432,16.666666666666664,-0.9457586809113098,33.33333333333333,-0.9119961816456692,58.333333333333336,0.0,33.33333333333333,-0.8090693311349566,0.9345993095899984,0.0033632337373943333,rising,21.052631578947366,33.33333333333333,-1.0,-1.0,-1.0,1,1,0.7580375585131972,0.77193872258202,0.5604769821917723,0.0,Below Median,Below Median,Below Median,Below Median,Very Tight,7.434660021415596,,,,,-5.416685983543516
2026-06-01,FI4000037635,RFGB 2 3/4 07/04/28,2028-07-04,-1.08705336597715,NO ACTION,-6.894374570870983e-18,0.8930420905580025,0.010299389544595828,0.0,0.05798600546234474,-15.842,0.0558089892716594,0.0021770161906853394,3.900833591529492,-6.894374570870983e-18,0.0,0.0,0.010299389544595828,0.0,0.0,0.0,0.0,0.0,-21.353,5.511000000000001,25.80901979777595,0.06449492645685583,-0.006508920994511086,-10.092142658153106,-6.894374570870983e-18,0.0,0.0,0.010299389544595828,0.0,0.0,0.0,0.0,0.0,-17.645,1.802999999999999,10.21819211662329,0.07209105765694303,-0.014105052194598289,-19.56560313646547,-6.894374570870983e-18,0.0,0.0,0.010299389544595828,0.0,0.0,0.0,0.0,0.0,-16.24,0.3979999999999979,2.4507389147470695,0.05900830230081713,-0.0010222968384723877,-1.7324624253966865,-6.894374570870983e-18,0.0,0.0,0.010299389544595828,0.0,0.0,0.0,0.0,0.0,-10.84,-5.002000000000001,-46.14391139654621,0.057221832704610856,0.000764172757733883,1.3354563949970577,-6.894374570870983e-18,0.0,0.0,0.010299389544595828,0.0,0.0,0.0,0.0,0.0,5.288,-21.130000000000003,-399.58396293573384,32.0,-0.0238462138652241,44.0,-9.700760631933782e-18,44.0,-0.2134282118206915,52.0,0.0,4.0,-1.5669431531022124,RFGB 2 3/4,50.0,-0.7071067633257059,50.0,-0.7071064457444711,50.0,-0.7071067751024108,75.0,0.0,50.0,-0.7071067809885512,0.9262194235205183,-0.03317733296251579,falling,20.0,50.0,1.0,1.0,1.0,1,1,0.0766165570546868,1.0057437017959342e-17,0.013203262216222372,0.0,Below Median,Above Median,Bottom Decile,Above Median,Very Tight,2.0068782440937127,"['GREEN_BOND_LOAN_INDICATOR', 'Issue_Age', 'REL_SPRD_LOG']","[nan, 0.5001527615801089, 0.27025955728727413]",,,-16.30735745395687
2026-06-01,FI4000046545,RFGB 2 5/8 07/04/42,2042-07-04,-1.9279883772059063,STRONG SELL,-2.125187158740618,0.9551908140569576,-1.9926241657889667,0.0,-2.2103140600627853,44.874,-2.4448186173820736,0.23450455731928832,9.591899975434872,-2.5048976378297736,0.3797104790891557,15.158722330157254,-2.03946347551699,0.04683930972802308,2.296648606883474,0.0,0.0,0.0,44.38,0.4939999999999998,1.1131140150714023,-2.8480054631923726,0.6376914031295873,22.39080679907505,-3.1654272461067703,1.0402400873661524,32.862549134854135,-2.0795144794873273,0.08689031369836053,4.178394242387896,0.0,0.0,0.0,46.44,-1.5659999999999954,-3.372093022529686,-1.8749157421925033,-0.33539831787028196,-17.88871406504913,-1.5862033539872218,-0.5389838047533961,-33.97948945200561,-1.9277958458030815,-0.06482831998588523,-3.362820798205266,0.0,0.0,0.0,44.806,0.06800000000000495,0.151765388530171,-1.8402180426253647,-0.3700960174374206,-20.1115306367862,-1.530709096966199,-0.594478061774419,-38.83677565312521,-1.9197177619514372,-0.07290640383752955,-3.797766781281528,0.0,0.0,0.0,59.766,-14.891999999999996,-24.917176986092894,-2.3361888806436952,0.12587482058090993,5.388041227532221,-2.321591648609116,0.196404489868498,8.459906768710804,-2.016247469825708,0.02362330403674129,1.1716470459659731,0.0,0.0,0.0,62.349,-17.474999999999994,-28.027714954846466,12.0,-1.960833676251536,12.0,-1.7338331556820252,4.0,-1.9904407927729597,52.0,0.0,76.0,0.869996666912714,RFGB 2 5/8,50.0,-0.7071067767966056,50.0,-0.7071067764810797,50.0,-0.7071067761938458,75.0,0.0,100.0,0.7071067809084451,0.9400999459741627,0.015090868082794917,rising,76.0,100.0,-1.0,-1.0,-1.0,1,1,2.920474551425137,3.100199413405168,2.5544367698081394,0.0,Bottom Quartile,Above Median,Top Quartile,Top Decile,Very Tight,11.055380634767433,"['GREEN_BOND_LOAN_INDICATOR', 'Issue_Age', 'REL_SPRD_LOG']","[nan, 0.6916257036054996, 0.1331893697363233]",,,44.96343459619612
2026-06-01,FI4000148630,RFGB 0 3/4 04/15/31,2031-04-15,-0.1615514968475584,NO ACTION,-6.894374570870983e-18,0.938790295970473,0.010299389544595828,0.0,0.06696115289227414,3.375,0.03536997582947216,0.03159117706280198,89.3163407390413,-6.894374570870983e-18,0.0,0.0,0.010299389544595828,0.0,0.0,0.0,0.0,0.0,1.075,2.3,213.95348638182804,0.04939716473919756,0.017563988153076582,35.55666542835543,-6.894374570870983e-18,0.0,0.0,0.010299389544595828,0.0,0.0,0.0,0.0,0.0,5.164,-1.7889999999999997,-34.64368699720432,0.07497129612117623,-0.008010143228902089,-10.684278617148918,-6.894374570870983e-18,0.0,0.0,0.010299389544595828,0.0,0.0,0.0,0.0,0.0,6.204,-2.8289999999999997,-45.5996130793043,0.0669162141265058,4.493876576834588e-05,0.06715675660866444,-6.894374570870983e-18,0.0,0.0,0.010299389544595828,0.0,0.0,0.0,0.0,0.0,16.386,-13.011,-79.40314898120154,0.06858484814878378,-0.0016236952565096413,-2.3674252602335293,-6.894374570870983e-18,0.0,0.0,0.010299389544595828,0.0,0.0,0.0,0.0,0.0,27.855,-24.48,-87.88368332870806,48.0,-0.01618199504820561,44.0,-9.700760631933782e-18,44.0,-0.2134282118206915,52.0,0.0,28.000000000000004,-0.7956362073016519,RFGB 0 3/4,100.0,0.0,100.0,0.0,100.0,0.0,100.0,0.0,100.0,0.0,0.8492629713039561,0.08952732466651692,rising,52.0,100.0,1.0,1.0,1.0,1,1,0.08847536487661821,1.0057437017959342e-17,0.013203262216222372,0.0,Below Median,Top Decile,Below Median,Top Decile,Very Tight,4.215598316795877,"['GREEN_BOND_LOAN_INDICATOR', 'Issue_Age', 'REL_SPRD_LOG']","[nan, 0.5167812210727333, 0.31694864063974626]",,,3.02027085173005
2026-06-01,FI4000242870,RFGB 1 3/8 04/15/47,2047-04-15,-0.8289280770206204,NO ACTION,-6.894374570870983e-18,0.9707907600723982,0.010299389544595828,0.0,0.07323918894967651,55.933,0.07792320254732991,-0.0046840135976534,-6.01106325641845,-6.894374570870983e-18,0.0,0.0,0.010299389544595828,0.0,0.0,0.0,0.0,0.0,56.106,-0.17300000000000182,-0.3083449184920816,0.07274807101473059,0.0004911179349459255,0.6750940067360405,-6.894374570870983e-18,0.0,0.0,0.010299389544595828,0.0,0.0,0.0,0.0,0.0,58.48,-2.546999999999997,-4.35533515657398,0.07191042674318719,0.0013287622064893229,1.847801608040171,-6.894374570870983e-18,0.0,0.0,0.010299389544595828,0.0,0.0,0.0,0.0,0.0,53.631,2.3019999999999996,4.292293635342936,0.07619815292809731,-0.0029589639784207977,-3.8832484468332367,-6.894374570870983e-18,0.0,0.0,0.010299389544595828,0.0,0.0,0.0,0.0,0.0,69.162,-13.229000000000006,-19.127555591346766,0.06839240571153504,0.004846783238141472,7.086726192834296,-6.894374570870983e-18,0.0,0.0,0.010299389544595828,0.0,0.0,0.0,0.0,0.0,70.336,-14.402999999999999,-20.4774226540495,68.0,-0.010820941933399856,44.0,-9.700760631933782e-18,44.0,-0.2134282118206915,52.0,0.0,92.0,1.3138684217968477,RFGB 1 3/8,100.0,0.0,100.0,0.0,100.0,0.0,100.0,0.0,100.0,0.0,0.9682874291416179,0.0025033309307802565,rising,92.0,100.0,1.0,1.0,1.0,1,1,0.09677049581292153,1.0057437017959342e-17,0.013203262216222372,0.0,Above Median,Top Decile,Top Decile,Top Decile,Tight,10.994212509009316,"['GREEN_BOND_LOAN_INDICATOR', 'AMT_OUTSTANDING', 'Issue_Age']","[nan, 0.5292639015160382, 0.18972219472490243]",,,56.069182152227256
2026-06-01,FI4000306758,RFGB 1 1/8 04/15/34,2034-04-15,0.1674662461965788,WEAK BUY,0.8209005966895859,0.9813365573460004,1.4431749688766138,0.0,1.0269715584669588,19.222,0.8817883930689748,0.14518316539798393,16.464626308611983,0.7054695339342554,0.11543106275533055,16.362302773780392,1.4285801114975925,0.014594857379021331,1.0216337998404612,0.0,0.0,0.0,18.716,0.5060000000000002,2.7035691372603297,1.1089469462942918,-0.08197538782733305,-7.392182949964152,0.9637086157368883,-0.14280801904730234,-14.818588859065768,1.4617070435950918,-0.018532074718478064,-1.2678378114751607,0.0,0.0,0.0,22.34,-3.1179999999999986,-13.957027746662021,0.07582270233279134,0.9511488561341674,1254.4379208692862,-6.894374570870983e-18,0.8209005966895859,8209005961.236262,0.010299389544595828,1.432875579332018,13912.224427528483,0.0,0.0,0.0,18.891,0.33100000000000307,1.752157110924712,0.0705841205187783,0.9563874379481805,1354.9609960750909,-6.894374570870983e-18,0.8209005966895859,8209005961.236262,0.010299389544595828,1.432875579332018,13912.224427528483,0.0,0.0,0.0,36.552,-17.33,-47.41190631226419,0.07444198352863876,0.95252957493832,1279.5594660853221,-6.894374570870983e-18,0.8209005966895859,8209005961.236262,0.010299389544595828,1.432875579332018,13912.224427528483,0.0,0.0,0.0,45.502,-26.28,-57.75570303332695,84.0,0.8036073033875224,84.0,0.6697314475130793,80.0,1.0578324534363113,52.0,0.0,48.0,-0.15958993732707277,RFGB 1 1/8,100.0,0.0,100.0,0.0,100.0,0.0,100.0,0.0,100.0,0.0,0.9398714224470462,0.0414651348989542,rising,100.0,100.0,1.0,1.0,1.0,1,1,1.3569312867036505,1.1975206691109233,1.8500725169643286,0.0,Top Quartile,Top Decile,Below Median,Top Decile,Very Tight,6.296696816135494,"['GREEN_BOND_LOAN_INDICATOR', 'Issue_Age', 'REL_SPRD_LOG']","[nan, 0.6770782222106508, 0.15703803099201358]",,,18.87926884925468
2026-06-01,FI4000348727,RFGB 0 1/2 09/15/28,2028-09-15,-0.0035246945177931,NO ACTION,-6.894374570870983e-18,0.9441189585805689,0.010299389544595828,0.0,0.06800656073065299,-13.293,0.06375719419535364,0.004249366535299351,6.664919814048289,-6.894374570870983e-18,0.0,0.0,0.010299389544595828,0.0,0.0,0.0,0.0,0.0,-16.755,3.4619999999999997,20.662488796978522,0.07075122798295119,-0.0027446672522982024,-3.879320462151603,-6.894374570870983e-18,0.0,0.0,0.010299389544595828,0.0,0.0,0.0,0.0,0.0,-10.382,-2.9109999999999996,-28.038913477134543,0.07434495276321146,-0.006338392032558468,-8.525650961378826,-6.894374570870983e-18,0.0,0.0,0.010299389544595828,0.0,0.0,0.0,0.0,0.0,-8.634,-4.658999999999999,-53.96108402367257,0.06602666894015803,0.0019798917904949587,2.998623923352853,-6.894374570870983e-18,0.0,0.0,0.010299389544595828,0.0,0.0,0.0,0.0,0.0,-0.962,-12.331,-1281.8087184843168,0.07134636854059943,-0.0033398078099464434,-4.681117497850205,-6.894374570870983e-18,0.0,0.0,0.010299389544595828,0.0,0.0,0.0,0.0,0.0,11.373,-24.665999999999997,-216.88208896783422,56.00000000000001,-0.01528928164278082,44.0,-9.700760631933782e-18,44.0,-0.2134282118206915,52.0,0.0,8.0,-1.464634707202976,RFGB 0 1/2,66.66666666666666,-0.5265734177610961,50.0,-0.5773502335666989,50.0,-0.5773502630084798,66.66666666666666,0.0,33.33333333333333,-0.686380821095096,0.958109102166211,-0.0139901435856421,falling,68.0,66.66666666666666,1.0,1.0,1.0,1,1,0.08985665590806514,1.0057437017959342e-17,0.013203262216222372,0.0,Above Median,Above Median,Bottom Decile,Below Median,Very Tight,2.113270951845436,"['GREEN_BOND_LOAN_INDICATOR', 'Cpn', 'AMT_OUTSTANDING']","[nan, 0.3560576934478386, 0.27332283293892334]",,,-13.865351906859097
2026-06-01,FI4000369467,RFGB 0 1/2 09/15/29,2029-09-15,0.6724691983113384,NO ACTION,-6.894374570870983e-18,0.732530084297911,0.010299389544595828,0.0,0.02649583207807081,-5.656,0.0681090004938226,-0.041613168415751786,-61.0978901529131,-6.894374570870983e-18,0.0,0.0,0.010299389544595828,0.0,0.0,0.0,0.0,0.0,-9.243,3.5870000000000006,38.807746360697024,0.06571785862601222,-0.03922202654794141,-59.68243853303649,-6.894374570870983e-18,0.0,0.0,0.010299389544595828,0.0,0.0,0.0,0.0,0.0,-1.618,-4.037999999999999,-249.5673655774575,0.06851049018315247,-0.04201465810508166,-61.32586682736489,-6.894374570870983e-18,0.0,0.0,0.010299389544595828,0.0,0.0,0.0,0.0,0.0,-3.158,-2.4979999999999998,-79.10069639296803,0.059596548929050315,-0.033100716850979504,-55.5413222605451,-6.894374570870983e-18,0.0,0.0,0.010299389544595828,0.0,0.0,0.0,0.0,0.0,8.057,-13.713000000000001,-170.19982602680918,0.060400497925860316,-0.033904665847789506,-56.13308068436509,-6.894374570870983e-18,0.0,0.0,0.010299389544595828,0.0,0.0,0.0,0.0,0.0,18.329,-23.985,-130.8582027765518,20.0,-0.05073686733773486,44.0,-9.700760631933782e-18,44.0,-0.2134282118206915,52.0,0.0,16.0,-1.1581107364958476,RFGB 0 1/2,33.33333333333333,-0.6266797391100533,50.0,-0.5773502335666989,50.0,-0.5773502630084798,66.66666666666666,0.0,66.66666666666666,-0.4609619542032389,0.9324529648096027,-0.19992288051169171,falling,8.0,33.33333333333333,1.0,1.0,1.0,1,1,0.03500878210069458,1.0057437017959342e-17,0.013203262216222372,0.0,Bottom Quartile,Below Median,Bottom Quartile,Above Median,Very Tight,2.957056829617244,"['GREEN_BOND_LOAN_INDICATOR', 'AMT_OUTSTANDING', 'Cpn']","[nan, 0.3187211059540365, 0.286183657398649]",,,-6.300330799228045
2026-06-01,FI4000415153,RFGB 0 1/8 04/15/36,2036-04-15,0.5576768585416936,STRONG BUY,1.7406689865129328,0.9419157975762095,1.9134348502401988,0.0,1.714338044108818,28.057,1.7877624278152573,-0.07342438370643922,-4.107054838682471,1.9098423904428437,-0.16917340392991087,-8.85797717605829,1.932645755534445,-0.019210905294246183,-0.994021027383344,0.0,0.0,0.0,28.309,-0.25200000000000244,-0.8901762687166088,0.7942044881133281,0.92013355599549,115.85599907597003,0.27570402902215835,1.4649649574907744,531.3541878771805,1.7328659170857945,0.18056893315440425,10.420248348818983,0.0,0.0,0.0,30.598,-2.5410000000000004,-8.304464341360724,2.1488763853892388,-0.4345383412804207,-20.221653614549112,2.4244608910185343,-0.6837919045056016,-28.203874280601326,1.9975419585779086,-0.08410710833770985,-4.2105302246834615,0.0,0.0,0.0,29.63,-1.5730000000000004,-5.308808638100302,2.374708449686445,-0.6603704055776269,-27.80848330598114,2.7881668530799626,-1.0474978665670298,-37.5694109429988,2.0347418741300185,-0.12130702388981973,-5.961789297991779,0.0,0.0,0.0,46.42,-18.363000000000003,-39.55838000009514,2.210302052163274,-0.49596400805445606,-22.438743398223345,2.5158873321324475,-0.7752183456195147,-30.812919666046945,2.0088784291932407,-0.0954435789530419,-4.751087825471996,0.0,0.0,0.0,52.551,-24.494000000000003,-46.60995983965863,96.0,1.3905756172312147,96.0,1.4201241474054596,100.0,1.4750514347973063,52.0,0.0,60.0,0.1950177988517247,RFGB 0 1/8,100.0,1.1547002703589913,100.0,1.1547005268894166,100.0,1.1547005278702782,66.66666666666666,0.0,66.66666666666666,-0.13833276040779008,0.9476455255651767,-0.005729727988967204,falling,60.0,33.33333333333333,1.0,1.0,1.0,1,1,2.2651444520139954,2.539268576287592,2.4529203359082126,0.0,Top Decile,Top Decile,Above Median,Above Median,Very Tight,6.959206609980839,"['GREEN_BOND_LOAN_INDICATOR', 'Cpn', 'REL_SPRD_LOG']","[nan, 0.6335642975066974, 0.27720660252782287]",,,27.83888395380288
2026-06-01,FI4000440557,RFGB 0 1/4 09/15/40,2040-09-15,1.1678887746221989,MODERATE BUY,1.4223737464632875,0.9690947398586139,1.6123056068293198,0.0,1.4338730383406957,43.269,0.9335943155582771,0.5002787227824186,53.58630714505023,0.6614761568864573,0.7608975895768302,115.03023505115016,1.5137394072277428,0.09856619960157698,6.511437733588968,0.0,0.0,0.0,42.884,0.384999999999998,0.8977707301329655,-1.6129864643101453,3.046859502650841,188.8955394963213,-1.3349538211005618,2.7573275675638493,206.548533988674,-1.5805061232399487,3.1928117300692684,202.01197976525305,0.0,0.0,0.0,43.016,0.2530000000000001,0.5881532451673442,-1.4614787610618,2.895351799402496,198.111108880422,-1.102708227711017,2.5250819741743045,228.98912766044327,-1.549551448984908,3.161857055814228,204.04982599839065,0.0,0.0,0.0,40.795,2.4739999999999966,6.064468683401274,-1.6544117412923998,3.0882847796330957,186.66965930461853,-1.407807063887871,2.8301808103511585,201.03470588020193,-1.5897382190703995,3.202043825899719,201.41956501682142,0.0,0.0,0.0,55.899,-12.630000000000003,-22.594321897959837,-1.2035841935342835,2.637457231874979,219.1335865102065,-0.6858471187343178,2.1082208651976053,307.38932582369733,-1.495788067384048,3.108093674213368,207.78970772711648,0.0,0.0,0.0,60.723,-17.454,-28.743639143529858,92.0,1.151075910791278,92.0,1.1604430937984531,84.0,1.2078867431600093,52.0,0.0,72.0,0.8055772649243754,RFGB 0 1/4,100.0,0.0,100.0,0.0,100.0,0.0,100.0,0.0,100.0,0.0,0.9680504241434209,0.0010443157151930338,rising,88.0,100.0,1.0,1.0,-1.0,1,0,1.894567742255456,2.0749430168030663,2.066888877974604,0.0,Top Decile,Top Decile,Above Median,Top Decile,Very Tight,8.440697911941442,"['GREEN_BOND_LOAN_INDICATOR', 'AMT_OUTSTANDING', 'Issue_Age']","[nan, 0.5294666782187749, 0.3715036506220783]",,,43.435839629480846
2026-06-01,FI4000441878,RFGB 0 09/15/30,2030-09-15,0.2471524986365939,NO ACTION,-6.894374570870983e-18,0.9359017347177581,0.010299389544595828,0.0,0.06639445824557152,0.311,0.06950376648991251,-0.003109308244340983,-4.473581726587556,-6.894374570870983e-18,0.0,0.0,0.010299389544595828,0.0,0.0,0.0,0.0,0.0,-2.082,2.393,114.93755948637099,0.0730369469271984,-0.006642488681626882,-9.094695290013199,-6.894374570870983e-18,0.0,0.0,0.010299389544595828,0.0,0.0,0.0,0.0,0.0,3.272,-2.961,-90.49510974787557,0.07493075218989062,-0.008536293944319095,-11.392242244495387,-6.894374570870983e-18,0.0,0.0,0.010299389544595828,0.0,0.0,0.0,0.0,0.0,3.045,-2.734,-89.78653500891122,0.0740917414233329,-0.007697283177761374,-10.388853050296978,-6.894374570870983e-18,0.0,0.0,0.010299389544595828,0.0,0.0,0.0,0.0,0.0,14.67,-14.359,-97.8800271998091,0.06328288035837795,0.003111577887193573,4.916933897254639,-6.894374570870983e-18,0.0,0.0,0.010299389544595828,0.0,0.0,0.0,0.0,0.0,24.144,-23.833,-98.71189525401263,44.0,-0.01666591710170618,44.0,-9.700760631933782e-18,44.0,-0.2134282118206915,52.0,0.0,24.0,-0.9186150532158381,RFGB 0 09/15/30,100.0,0.0,100.0,0.0,100.0,0.0,100.0,0.0,100.0,0.0,0.9697598901441216,-0.0338581554263635,falling,48.0,100.0,1.0,1.0,1.0,1,1,0.08772659467964591,1.0057437017959342e-17,0.013203262216222372,0.0,Below Median,Top Decile,Bottom Quartile,Top Decile,Very Tight,3.697775679088977,"['GREEN_BOND_LOAN_INDICATOR', 'REL_SPRD_LOG', 'Cpn']","[nan, 0.5118335821732684, 0.3954339185299952]",,,-0.1422498191716318
2026-06-01,FI4000480488,RFGB 0 1/8 04/15/52,2052-04-15,-2.6679786797582565,NO ACTION,-6.894374570870983e-18,0.9590303836770053,0.010299389544595828,0.0,0.07093197031610496,61.651,0.05671732739266959,0.01421464292343537,25.0622535839853,-6.894374570870983e-18,0.0,0.0,0.010299389544595828,0.0,0.0,0.0,0.0,0.0,62.48,-0.8289999999999935,-1.3268245836544672,0.06548901139152155,0.005442958924583408,8.311254022323922,-6.894374570870983e-18,0.0,0.0,0.010299389544595828,0.0,0.0,0.0,0.0,0.0,64.606,-2.954999999999991,-4.573878586420153,0.07227276051831172,-0.0013407902022067597,-1.8551803017805224,-6.894374570870983e-18,0.0,0.0,0.010299389544595828,0.0,0.0,0.0,0.0,0.0,57.756,3.895000000000003,6.743888079724382,0.07202463309682718,-0.0010926627807222172,-1.517067955829067,-6.894374570870983e-18,0.0,0.0,0.010299389544595828,0.0,0.0,0.0,0.0,0.0,69.081,-7.43,-10.755489930551745,0.06886061401191661,0.0020713563041883515,3.008041727635078,-6.894374570870983e-18,0.0,0.0,0.010299389544595828,0.0,0.0,0.0,0.0,0.0,77.616,-15.964999999999996,-20.56921253084812,64.0,-0.012791163437219087,44.0,-9.700760631933782e-18,44.0,-0.2134282118206915,52.0,0.0,96.0,1.543370067011377,RFGB 0 1/8,66.66666666666666,-0.5766844370739375,50.0,-0.5773502634447082,50.0,-0.5773502639351391,66.66666666666666,0.0,100.0,1.0619644638210424,0.9312864825458526,0.02774390113115277,rising,84.0,100.0,1.0,1.0,1.0,1,1,0.09372198183670939,1.0057437017959342e-17,0.013203262216222372,0.0,Above Median,Above Median,Top Decile,Top Decile,Tight,9.59631399851446,"['GREEN_BOND_LOAN_INDICATOR', 'Cpn', 'REL_SPRD_LOG']","[nan, 0.459983221482339, 0.29584111256434575]",,,61.6547545603743
2026-06-01,FI4000507231,RFGB 0 1/8 09/15/31,2031-09-15,0.137952705165115,NO ACTION,-6.894374570870983e-18,0.9525888230540333,0.010299389544595828,0.0,0.06966822771136787,6.078,0.06277858299907017,0.006889644712297693,10.974512780813258,-6.894374570870983e-18,0.0,0.0,0.010299389544595828,0.0,0.0,0.0,0.0,0.0,4.444,1.6340000000000003,36.76867678494898,0.07393131742338338,-0.004263089712015514,-5.766283199004434,-6.894374570870983e-18,0.0,0.0,0.010299389544595828,0.0,0.0,0.0,0.0,0.0,8.958,-2.88,-32.15003345372847,0.06881361235919337,0.0008546153521745009,1.2419275760743702,-6.894374570870983e-18,0.0,0.0,0.010299389544595828,0.0,0.0,0.0,0.0,0.0,6.961,-0.883,-12.684959039383767,0.07296509704766335,-0.0032968693362954854,-4.518419104273849,-6.894374570870983e-18,0.0,0.0,0.010299389544595828,0.0,0.0,0.0,0.0,0.0,21.596,-15.518,-71.85589920732734,0.07042134669636282,-0.0007531189849949577,-1.0694468557914838,-6.894374570870983e-18,0.0,0.0,0.010299389544595828,0.0,0.0,0.0,0.0,0.0,28.824,-22.746000000000002,-78.91340546804281,60.0,-0.013870321181056858,44.0,-9.700760631933782e-18,44.0,-0.2134282118206915,52.0,0.0,32.0,-0.6871467097474594,RFGB 0 1/8,33.33333333333333,-0.5780158332850539,50.0,-0.5773502634447082,50.0,-0.5773502639351391,66.66666666666666,0.0,33.33333333333333,-0.9236317034132525,0.9743186838011352,-0.021729860747101926,falling,72.0,66.66666666666666,1.0,1.0,1.0,1,1,0.09205220640371886,1.0057437017959342e-17,0.013203262216222372,0.0,Above Median,Below Median,Below Median,Below Median,Very Tight,4.430670358619437,"['GREEN_BOND_LOAN_INDICATOR', 'REL_SPRD_LOG', 'Cpn']","[nan, 0.45502456680582154, 0.42806319230340784]",,,5.598992756211924
2026-06-01,FI4000517677,RFGB 0 1/2 04/15/43,2043-04-15,0.1715913727530207,NO ACTION,0.2807180736145589,0.9561442668622246,1.6281223592447245,0.0,0.7645742118371547,48.832,-0.974697925556534,1.7392721373936886,178.44216899880857,-0.24133960383011893,0.5220576774446779,216.31661257739432,-1.60263600001,3.2307583592547244,201.59027621216157,0.0,0.0,0.0,48.598,0.23400000000000176,0.4815012962505692,0.8603439903699328,-0.09576977853277813,-11.131568127586036,0.44135803490247444,-0.16063996128791552,-36.396744806908785,1.6466544339632028,-0.018532074718478286,-1.1254379925562825,0.0,0.0,0.0,50.585,-1.7530000000000001,-3.4654541853384493,-1.3811030219220581,2.145677233759213,155.3596787614831,-0.8873320700375582,1.1680501436521171,131.63619009499544,-1.6813124637415622,3.3094348229862867,196.83639267967428,0.0,0.0,0.0,46.982,1.8500000000000014,3.9376782589209345,-2.040808317348306,2.8053825291854606,137.46428273499808,-1.9353152808683916,2.2160333544829505,114.50503000410845,-1.8103581561951418,3.438480515439866,189.93371475582506,0.0,0.0,0.0,60.906,-12.073999999999998,-19.823991064948608,-1.3080627946962946,2.072637006533449,158.45087858871372,-0.7818847532169714,1.0626028268315304,135.90274127603894,-1.666989138592848,3.2951114978375724,197.6684431700751,0.0,0.0,0.0,65.642,-16.809999999999995,-25.608604243379446,80.0,0.5795362563906167,80.0,0.22902373630025985,88.0,1.221919514384421,52.0,0.0,84.0,1.0288577217848907,RFGB 0 1/2,100.0,1.1532531568711495,100.0,1.154700467133398,100.0,1.1547005260169596,66.66666666666666,0.0,100.0,1.147342775298335,0.93149620254584,0.024648064316384666,rising,80.0,100.0,1.0,-1.0,1.0,0,1,1.0102272652977264,0.4095084066232603,2.0871651019823885,0.0,Top Quartile,Top Decile,Top Quartile,Top Decile,Very Tight,9.225387124797637,"['GREEN_BOND_LOAN_INDICATOR', 'Issue_Age', 'Cpn']","[nan, 0.37872234460088794, 0.23216981984606483]",,,48.87321537919506
2026-06-01,FI4000523238,RFGB 1 1/2 09/15/32,2032-09-15,1.4392854411958478,NO ACTION,-6.894374570870983e-18,0.9355960462660549,0.010299389544595828,0.0,0.06633448651778623,12.801,0.063291627442283,0.0030428590755032237,4.807679495222528,-6.894374570870983e-18,0.0,0.0,0.010299389544595828,0.0,0.0,0.0,0.0,0.0,11.077,1.7240000000000002,15.56378079302719,0.0657797573646448,0.0005547291531414339,0.8433127318105854,-6.894374570870983e-18,0.0,0.0,0.010299389544595828,0.0,0.0,0.0,0.0,0.0,15.609,-2.808,-17.989621360760058,0.06607247524477695,0.0002620112730092744,0.3965512603901735,-6.894374570870983e-18,0.0,0.0,0.010299389544595828,0.0,0.0,0.0,0.0,0.0,12.204,0.5969999999999995,4.891838737387869,0.06869795680356748,-0.0023634702857812523,-3.4403787997675033,-6.894374570870983e-18,0.0,0.0,0.010299389544595828,0.0,0.0,0.0,0.0,0.0,27.9,-15.098999999999998,-54.11827955049524,0.07643238216454912,-0.010097895646762889,-13.211539454402288,-6.894374570870983e-18,0.0,0.0,0.010299389544595828,0.0,0.0,0.0,0.0,0.0,37.818,-25.016999999999996,-66.15103917019644,40.0,-0.016717129234784734,44.0,-9.700760631933782e-18,44.0,-0.2134282118206915,52.0,0.0,40.0,-0.41730768197948476,RFGB 1 1/2,100.0,0.0,100.0,0.0,100.0,0.0,100.0,0.0,100.0,0.0,0.9327684756390174,0.0028275706270374235,rising,44.0,100.0,1.0,1.0,1.0,1,1,0.08764735439973882,1.0057437017959342e-17,0.013203262216222372,0.0,Below Median,Top Decile,Below Median,Top Decile,Very Tight,5.354139387521428,"['GREEN_BOND_LOAN_INDICATOR', 'Cpn', 'REL_SPRD_LOG']","[nan, 0.5093804163651011, 0.23213152386512287]",,,12.615524719364894
2026-06-01,FI4000546528,RFGB 2 3/4 04/15/38,2038-04-15,-0.047369283136426,NO ACTION,0.02981139207762432,0.918089737893076,1.653917921123925,0.0,0.6178700215918254,34.664,1.0292214303096072,-0.41135140871778186,-39.967240538055684,0.7199751639718462,-0.690163771894222,-95.85938471834167,1.733341098488832,-0.079423177364907,-4.58208583272741,0.0,0.0,0.0,35.334,-0.6700000000000017,-1.8961906373758493,1.5348468005086982,-0.9169767789168728,-59.74386320762245,1.473085238870483,-1.4432738467928585,-97.97626090543756,1.8289883266146052,-0.1750704054906802,-9.571980421413159,0.0,0.0,0.0,37.541,-2.8769999999999953,-7.663621105547623,2.138102218119586,-1.5202321965277605,-71.10194155051096,2.4424230803143376,-2.4126116882367135,-98.77943333422272,1.947580028201351,-0.2936621070774259,-15.078307505586869,0.0,0.0,0.0,36.327,-1.6629999999999967,-4.577862194902443,1.3025895263235399,-0.6847195047317145,-52.56602219178602,1.1108366113768169,-1.0810252192991925,-97.31631083239992,1.7832351458078124,-0.1293172246838874,-7.251832393653444,0.0,0.0,0.0,51.698,-17.034,-32.94905024702135,1.4080046120613023,-0.790134590469477,-56.11732931051954,1.273436188427958,-1.2436247963503335,-97.65897952999717,1.805568671750594,-0.1516507506266691,-8.399057436000481,0.0,0.0,0.0,57.159,-22.494999999999997,-39.35513216827531,76.0,0.45425998386229377,76.0,0.0243216131758728,92.0,1.2448055790422596,52.0,0.0,68.0,0.46020096952895356,RFGB 2 3/4,100.0,0.7071067633257058,100.0,0.7071064457444711,100.0,0.7071067751024109,75.0,0.0,100.0,0.7071067809885512,0.970506801124458,-0.052417063231381955,falling,28.000000000000004,100.0,1.0,1.0,1.0,1,1,0.8163879091897777,0.0434885275170828,2.12023362182341,0.0,Top Quartile,Top Decile,Above Median,Top Decile,Very Tight,9.200322191232855,"['GREEN_BOND_LOAN_INDICATOR', 'AMT_OUTSTANDING', 'Issue_Age']","[nan, 0.6151667528399395, 0.2693544574823889]",,,34.86541038471241
2026-06-01,FI4000550249,RFGB 3 09/15/33,2033-09-15,-1.353024656782484,STRONG SELL,-2.7630600269574748,0.6920245704501529,-1.8244099491135488,0.0,-2.4791072837121138,14.989,-2.771048115114418,0.2919408314023042,10.535393765138952,-3.180434992059261,0.4173749651017862,13.123203738845321,-1.8396157540107616,0.015205804897212793,0.8265750486971714,0.0,0.0,0.0,13.789,1.200000000000001,8.702589013922273,-2.4513501583671147,-0.02775712534499908,-1.1323198824543523,-2.6344670425231507,-0.1285929844343241,-4.8811764152132655,-1.8129377123830621,-0.011472236730486696,-0.6327981700003861,0.0,0.0,0.0,18.588,-3.599,-19.361953938367787,0.06873228139432169,-2.5478395651064356,-3706.9032814420693,-6.894374570870983e-18,-2.7630600269574748,-27630600250.525177,0.010299389544595828,-1.8347093386581446,-17813.750507628676,0.0,0.0,0.0,16.514,-1.5249999999999986,-9.234588828124862,0.07199271271548492,-2.551099996427599,-3543.5525983779507,-6.894374570870983e-18,-2.7630600269574748,-27630600250.525177,0.010299389544595828,-1.8347093386581446,-17813.750507628676,0.0,0.0,0.0,32.456,-17.467000000000002,-53.81747595088198,0.06569870183995734,-2.5448059855520713,-3873.4488307034726,-6.894374570870983e-18,-2.7630600269574748,-27630600250.525177,0.010299389544595828,-1.8347093386581446,-17813.750507628676,0.0,0.0,0.0,42.654,-27.665000000000003,-64.85909877974889,4.0,-2.190366405230501,4.0,-2.2542414987663917,8.0,-1.8411995606094749,52.0,0.0,44.0,-0.32948858444024204,RFGB 3 09/15/33,100.0,0.0,100.0,0.0,100.0,0.0,100.0,0.0,100.0,0.0,0.955440039419878,-0.2634154689697251,falling,4.0,100.0,-1.0,-1.0,-1.0,1,1,3.275629406315347,4.030721265911021,2.338795211476427,0.0,Bottom Decile,Top Decile,Below Median,Top Decile,Very Tight,6.422102705715105,"['GREEN_BOND_LOAN_INDICATOR', 'REL_SPRD_LOG', 'Issue_Age']","[nan, 0.254746960363826, 0.22182112441362264]",,,14.789720381922962
2026-06-01,FI4000557525,RFGB 2 7/8 04/15/29,2029-04-15,-0.413080865161568,NO ACTION,-6.894374570870983e-18,0.8570134054839599,0.010299389544595828,0.0,0.05091768972557303,-9.587,0.037176024072509216,0.013741665653063811,36.96377517370914,-6.894374570870983e-18,0.0,0.0,0.010299389544595828,0.0,0.0,0.0,0.0,0.0,-11.789,2.202,18.678429028180144,0.06942020078046016,-0.01850251105488713,-26.652916847805173,-6.894374570870983e-18,0.0,0.0,0.010299389544595828,0.0,0.0,0.0,0.0,0.0,-6.347,-3.2399999999999993,-51.04773900890539,0.07195159225148895,-0.021033902525915922,-29.233403937826353,-6.894374570870983e-18,0.0,0.0,0.010299389544595828,0.0,0.0,0.0,0.0,0.0,-5.116,-4.471,-87.39249396522187,0.06972706774375463,-0.018809378018181604,-26.975715355956297,-6.894374570870983e-18,0.0,0.0,0.010299389544595828,0.0,0.0,0.0,0.0,0.0,5.253,-14.84,-282.5052345659524,0.07164875586233461,-0.020731066136761588,-28.934296197919306,-6.894374570870983e-18,0.0,0.0,0.010299389544595828,0.0,0.0,0.0,0.0,0.0,17.226,-26.813,-155.654243494918,24.0,-0.029882116773486386,44.0,-9.700760631933782e-18,44.0,-0.2134282118206915,52.0,0.0,12.0,-1.3158881004934544,RFGB 2 7/8,100.0,0.0,100.0,0.0,100.0,0.0,100.0,0.0,100.0,0.0,0.9513245778623439,-0.09431117237838404,falling,12.0,100.0,1.0,1.0,1.0,1,1,0.06727723437486217,1.0057437017959342e-17,0.013203262216222372,0.0,Bottom Quartile,Top Decile,Bottom Quartile,Top Decile,Very Tight,2.732557059646723,"['GREEN_BOND_LOAN_INDICATOR', 'Cpn', 'YAS_RISK']","[nan, 0.4476611124486284, 0.21011928829983528]",,,-10.273625568415149
2026-06-01,FI4000566294,RFGB 2.95 04/15/55,2055-04-15,3.709439948441954,NO ACTION,-6.894374570870983e-18,0.9341543637718751,0.010299389544595828,0.0,0.06605164891102656,71.568,0.058039626540415175,0.00801202237061139,13.8043979049254,-6.894374570870983e-18,0.0,0.0,0.010299389544595828,0.0,0.0,0.0,0.0,0.0,72.28,-0.7120000000000033,-0.9850581072239866,0.06779742569641913,-0.001745776785392561,-2.5749894040384307,-6.894374570870983e-18,0.0,0.0,0.010299389544595828,0.0,0.0,0.0,0.0,0.0,73.143,-1.5750000000000028,-2.1533161065100845,0.07432755320991069,-0.008275904298884126,-11.134367846167509,-6.894374570870983e-18,0.0,0.0,0.010299389544595828,0.0,0.0,0.0,0.0,0.0,69.271,2.296999999999997,3.3159619460790246,0.07159823563366673,-0.005546586722640162,-7.746819315963885,-6.894374570870983e-18,0.0,0.0,0.010299389544595828,0.0,0.0,0.0,0.0,0.0,86.21,-14.641999999999996,-16.984108570121318,0.07492507606537105,-0.008873427154344485,-11.84306568110252,-6.894374570870983e-18,0.0,0.0,0.010299389544595828,0.0,0.0,0.0,0.0,0.0,88.702,-17.134,-19.316362650299165,36.0,-0.01695865499520391,44.0,-9.700760631933782e-18,44.0,-0.2134282118206915,52.0,0.0,100.0,1.9414057115710979,RFGB 2.95 04/15/55,100.0,0.0,100.0,0.0,100.0,0.0,100.0,0.0,100.0,0.0,0.9430529535283099,-0.00889858975643476,falling,40.0,100.0,1.0,1.0,1.0,1,1,0.08727364278669134,1.0057437017959342e-17,0.013203262216222372,0.0,Below Median,Top Decile,Top Decile,Top Decile,Tight,15.21329049462352,"['GREEN_BOND_LOAN_INDICATOR', 'Issue_Age', 'Cpn']","[nan, 0.31639204619359446, 0.26995266094406223]",,,71.51245351853812
2026-06-01,FI4000571104,RFGB 3 09/15/34,2034-09-15,0.3870714353469218,MODERATE BUY,1.3385336513309078,0.9298970952144479,1.3422328622598472,0.0,1.288530926632566,21.322,0.6490594757378231,0.6394714508947429,98.52278026070584,0.3200623024551105,1.0184713488757973,318.2103325641129,1.2133908189789977,0.12884204328084947,10.618346554445532,0.0,0.0,0.0,20.525,0.7970000000000006,3.883069425635535,1.9334561974453788,-0.6449252708128128,-33.356083697646014,2.3565321148328238,-1.017998463501916,-43.199006403281444,1.4653048456466649,-0.12307198338681768,-8.399070194338766,0.0,0.0,0.0,24.624,-3.3019999999999996,-13.40968160599022,0.07323253180507361,1.2152983948274922,1659.50595851542,-6.894374570870983e-18,1.3385336513309078,13385336504.080725,0.010299389544595828,1.3319334727152514,12932.146839707048,0.0,0.0,0.0,20.713,0.6089999999999982,2.9401824926663442,0.06761133598291241,1.2209195906496535,1805.7909850784804,-6.894374570870983e-18,1.3385336513309078,13385336504.080725,0.010299389544595828,1.3319334727152514,12932.146839707048,0.0,0.0,0.0,37.55,-16.227999999999998,-43.217043929902246,0.06331484096305476,1.2252160856695111,1935.116433243197,-6.894374570870983e-18,1.3385336513309078,13385336504.080725,0.010299389544595828,1.3319334727152514,12932.146839707048,0.0,0.0,0.0,46.528,-25.206,-54.17383079991106,88.0,1.0269627687893963,88.0,1.0920421832630263,76.0,0.9682756688410316,52.0,0.0,52.0,-0.07530286930494778,RFGB 3 09/15/34,100.0,0.0,100.0,0.0,100.0,0.0,100.0,0.0,100.0,0.0,0.9581008539139594,-0.028203758699511527,falling,32.0,100.0,1.0,1.0,1.0,1,1,1.7025280922511825,1.9526380176032474,1.7206701774811737,0.0,Top Quartile,Top Decile,Above Median,Top Decile,Very Tight,7.1298846279781,"['GREEN_BOND_LOAN_INDICATOR', 'Issue_Age', 'Cpn']","[nan, 0.43186696895133225, 0.2285983381218186]",,,21.025567777401072
2026-06-01,FI4000577952,RFGB 2 1/2 04/15/30,2030-04-15,0.6069397372543315,NO ACTION,-6.894374570870983e-18,0.8900675019151743,0.010299389544595828,0.0,0.05740243346488446,-1.943,0.05895229143307824,-0.0015498579681937769,-2.6290033306895615,-6.894374570870983e-18,0.0,0.0,0.010299389544595828,0.0,0.0,0.0,0.0,0.0,-3.622,1.6789999999999998,46.35560451033792,0.0711827448570663,-0.013780311392181839,-19.35905883363528,-6.894374570870983e-18,0.0,0.0,0.010299389544595828,0.0,0.0,0.0,0.0,0.0,0.359,-2.302,-641.2256088795095,0.07369208465496835,-0.01628965119008389,-22.105018545548475,-6.894374570870983e-18,0.0,0.0,0.010299389544595828,0.0,0.0,0.0,0.0,0.0,-0.051,-1.8920000000000001,-3709.8031941562367,0.07525957690981286,-0.0178571434449284,-23.72740029297193,-6.894374570870983e-18,0.0,0.0,0.010299389544595828,0.0,0.0,0.0,0.0,0.0,11.364,-13.307,-117.09785276566538,0.06822608303420068,-0.010823649569316217,-15.86438426701422,-6.894374570870983e-18,0.0,0.0,0.010299389544595828,0.0,0.0,0.0,0.0,0.0,20.802,-22.745,-109.34044798128045,28.000000000000004,-0.024344548128693164,44.0,-9.700760631933782e-18,44.0,-0.2134282118206915,52.0,0.0,20.0,-1.009083172892919,RFGB 2 1/2,100.0,0.0,100.0,0.0,100.0,0.0,100.0,0.0,100.0,0.0,0.9603086340123548,-0.07024113209718053,falling,16.0,100.0,1.0,1.0,1.0,1,1,0.07584548691660033,1.0057437017959342e-17,0.013203262216222372,0.0,Below Median,Top Decile,Bottom Quartile,Top Decile,Very Tight,3.5932360137842068,"['GREEN_BOND_LOAN_INDICATOR', 'Issue_Age', 'Cpn']","[nan, 0.4222120425371537, 0.262235016865203]",,,-2.487417055902742
2026-06-01,FI4000586284,RFGB 3.2 04/15/45,2045-04-15,-2.2930069111184963,STRONG SELL,-2.5434613398781027,0.9719493580633194,-1.6364757042120563,0.0,-2.3433280823143092,50.696,-2.2835343284744556,-0.059793753839853636,-2.618474039667808,-2.44892671346633,-0.09453462641177257,-3.8602472465147373,-1.6247998183088397,-0.011675885903216665,-0.7186045751475381,0.0,0.0,0.0,50.642,0.05399999999999494,0.10663085973960713,-1.0097304644615086,-1.3335976178528006,-132.07461313515483,-0.4513492346333993,-2.0921121052447034,-463.52400721175144,-1.3768908920382061,-0.2595848121738502,-18.852968800185103,0.0,0.0,0.0,54.219,-3.5230000000000032,-6.497722199506134,-1.5560881920394518,-0.7872398902748574,-50.59095552829713,-1.2906403195970748,-1.252821020281028,-97.06972512412861,-1.4842818891247733,-0.15219381508728302,-10.253700134524726,0.0,0.0,0.0,50.692,0.003999999999997783,0.007890791444821084,1.1196827643983223,-3.4630108467126313,-309.28499802754675,0.9748279772656827,-3.5182893171437852,-360.9138599941427,1.4627931725163217,-3.0992688767283783,-211.87334708499006,0.0,0.0,0.0,67.159,-16.463000000000008,-24.513468034885364,,,,,,,,,,,,,,,,8.0,-2.0744193950630057,8.0,-2.075081991314781,12.0,-1.6744625342799309,52.0,0.0,88.0,1.103672528829291,RFGB 3.2 04/15/45,100.0,0.0,100.0,0.0,100.0,0.0,100.0,0.0,100.0,0.0,0.8833007783338047,0.08864857972951468,rising,96.0,100.0,-1.0,-1.0,-1.0,1,1,3.096225171659276,3.7103731412444603,2.0978736399504583,0.0,Bottom Decile,Top Decile,Top Quartile,Top Decile,Tight,12.737698540328068,"['GREEN_BOND_LOAN_INDICATOR', 'AMT_OUTSTANDING', 'YAS_RISK']","[nan, 0.6749229377131565, 0.2632894793517089]",,,50.870701170700976
2026-06-01,FI4000587415,RFGB 3 09/15/35,2035-09-15,-0.6631890135982452,MODERATE SELL,-1.1370432075759518,0.9388752006809881,-1.1615318918756694,0.0,-1.353786310168933,24.512,0.5540157903106487,-1.9078021004795818,-344.3587889388417,0.24506076522705125,-1.3821039728030031,-563.9841674060118,1.0718207024024902,-2.2333525942781596,-208.36997908652944,0.0,0.0,0.0,24.991,-0.4789999999999992,-1.9166900076360696,-1.2462825112852087,-0.10750379888372419,-8.625957361005323,-0.96147771706872,-0.1755654905072318,-18.25996438237654,-1.1390625998177342,-0.022469292057935242,-1.9726125556461416,0.0,0.0,0.0,27.926,-3.413999999999998,-12.225166507116956,0.07092605957101085,-1.4247123697399438,-2008.7287768195424,-6.894374570870983e-18,-1.1370432075759518,-11370432067.920315,0.010299389544595828,-1.1718312814202652,-11377.666011948568,0.0,0.0,0.0,25.404,-0.8919999999999995,-3.5112580682131695,0.06888665310698194,-1.422672963275915,-2065.2371578319658,-6.894374570870983e-18,-1.1370432075759518,-11370432067.920315,0.010299389544595828,-1.1718312814202652,-11377.666011948568,0.0,0.0,0.0,41.812,-17.299999999999997,-41.375681612605064,,,,,,,,,,,,,,,,16.0,-1.2294121425902653,16.0,-0.9276562794151731,16.0,-1.25308792538896,52.0,0.0,56.00000000000001,0.05273320069056605,RFGB 3 09/15/35,100.0,0.0,100.0,0.0,100.0,0.0,100.0,0.0,100.0,0.0,0.9550511232888651,-0.016175922607877036,falling,56.00000000000001,100.0,-1.0,1.0,-1.0,0,1,1.7887496344314973,1.6587059970907412,1.4890212739828104,0.0,Bottom Quartile,Top Decile,Above Median,Top Decile,Very Tight,7.809363751526632,"['GREEN_BOND_LOAN_INDICATOR', 'AMT_OUTSTANDING', 'Issue_Age']","[nan, 0.4706266101250996, 0.31610722829671395]",,,24.256598763727943
2026-06-01,FI4000591862,RFGB 2 5/8 04/15/32,2032-04-15,-0.233748268191011,NO ACTION,-6.894374570870983e-18,0.9421506638111292,0.010299389544595828,0.0,0.06762040928313709,8.916,0.05725737838946208,0.010363030893675011,18.099028239266097,-6.894374570870983e-18,0.0,0.0,0.010299389544595828,0.0,0.0,0.0,0.0,0.0,6.607,2.309,34.947782601865015,0.06878815779644319,-0.0011677485133061022,-1.697600838507117,-6.894374570870983e-18,0.0,0.0,0.010299389544595828,0.0,0.0,0.0,0.0,0.0,10.615,-1.6989999999999998,-16.005652363631036,0.0664400443882355,0.0011803648949015866,1.7765862863450534,-6.894374570870983e-18,0.0,0.0,0.010299389544595828,0.0,0.0,0.0,0.0,0.0,10.625,-1.7089999999999996,-16.084705867214392,0.06750184767450872,0.00011856160862837306,0.1756419937360427,-6.894374570870983e-18,0.0,0.0,0.010299389544595828,0.0,0.0,0.0,0.0,0.0,25.0,-16.084,-64.3359999742656,,,,,,,,,,,,,,,,52.0,-0.015619031010507205,44.0,-9.700760631933782e-18,44.0,-0.2134282118206915,52.0,0.0,36.0,-0.5732387578204161,RFGB 2 5/8,100.0,0.7071067767966057,100.0,0.7071067764810797,100.0,0.707106776193846,75.0,0.0,50.0,-0.7071067809084453,0.948102922453554,-0.005952258642424768,falling,64.0,50.0,1.0,1.0,1.0,1,1,0.08934643634431946,1.0057437017959342e-17,0.013203262216222372,0.0,Above Median,Top Decile,Below Median,Above Median,Very Tight,5.256298921253233,"['GREEN_BOND_LOAN_INDICATOR', 'Cpn', 'Issue_Age']","[nan, 0.46065454923721616, 0.3665844320153239]",,,8.714122701416443
2026-06-01,FI4000598776,RFGB 3.55 04/15/41,2041-04-15,2.477710238932829,STRONG BUY,2.9232961641507855,0.9307929368250515,1.9063071291946299,0.0,2.4058692122234375,46.163,2.206571145708129,0.19929806651530857,9.032025366585117,2.640393610709095,0.2829025534416907,10.714408307262739,1.8879787036488822,0.01832842554574765,0.9707961966543808,0.0,0.0,0.0,46.549,-0.3860000000000028,-0.8292337105353056,2.2481929224811092,0.15767628974232828,7.013467904123178,2.669988196099029,0.2533079680517565,9.487231721590659,1.8908976751246866,0.015409454069943207,0.8149279673440977,0.0,0.0,0.0,47.159,-0.9960000000000022,-2.1120040708853067,,,,,,,,,,,,,,,,,,,,,,,,,,,,,,,,,,,,,,,,,,,,,,100.0,1.9811003114044592,100.0,2.3849700918983086,96.0,1.4687276537734295,52.0,0.0,80.0,0.9217328719986753,RFGB 3.55 04/15/41,100.0,0.0,100.0,0.0,100.0,0.0,100.0,0.0,100.0,0.0,0.912690205818698,0.018102731006353512,rising,36.0,100.0,1.0,1.0,1.0,1,1,3.1788603869968624,4.2644719624037455,2.443782981741614,0.0,Top Decile,Top Decile,Top Quartile,Top Decile,Very Tight,11.236682957972022,"['GREEN_BOND_LOAN_INDICATOR', 'AMT_OUTSTANDING', 'Issue_Age']","[nan, 0.5030204242166735, 0.25659603791848085]",,,46.139666420296194
2026-06-01,FI4000602891,RFGB 3.35 09/15/36,2036-09-15,-0.0625209480989603,NO ACTION,0.012449122312464436,0.9061488151759496,1.253170290719028,0.0,0.4742737125420474,29.042,1.2089443607644095,-0.734670648222362,-60.7695991634283,1.1733190235588236,-1.160869901246359,-98.9389814742283,1.3922626756939809,-0.1390923849749528,-9.990383740380247,0.0,0.0,0.0,29.949,-0.907,-3.028481751301051,0.5178016426935654,-0.04352793015151801,-8.406294171733322,0.3672988319687445,-0.3548497096562801,-96.61062576572898,1.2912526860196376,-0.03808239530060953,-2.9492596931646884,0.0,0.0,0.0,31.259,-2.2169999999999987,-7.092357398799587,,,,,,,,,,,,,,,,,,,,,,,,,,,,,,,,,,,,,,,,,,,,,,72.0,0.33163764896852943,72.0,0.01015661182391238,72.0,0.889258519285546,52.0,0.0,64.0,0.2345524474240073,RFGB 3.35 09/15/36,100.0,0.0,100.0,0.0,100.0,0.0,100.0,0.0,100.0,0.0,0.0,0.9061488151759496,rising,24.0,100.0,1.0,1.0,1.0,1,1,0.6266549776413337,0.01816064130247362,1.6064967616090153,0.0,Above Median,Top Decile,Above Median,Top Decile,Very Tight,8.586651875484108,"['GREEN_BOND_LOAN_INDICATOR', 'AMT_OUTSTANDING', 'Issue_Age']","[nan, 0.7650896332144504, 0.11352566274075786]",,,28.81794402282313
2026-06-01,EU000A18Z2D4,EU 0 3/4 04/04/31,2031-04-04,-1.1473125558535004,NO ACTION,-0.09838323881357168,0.907477618231351,-0.5922598976341705,-1.2604624377892075,-0.5996885845960875,6.304,-0.6033674290723475,0.0036788444762599903,0.6097187614094757,-0.09087084587000116,-0.00751239294357052,-8.26710926363197,-0.589046049055023,-0.003213848579147527,-0.5456022546527758,-1.2604624377892075,0.0,0.0,5.407,0.8970000000000002,16.589606035528753,0.6835198518341697,-1.2832084364302574,-187.73535460796595,0.540150149775502,-0.6385333885890737,-118.21405159899643,0.8667261337215312,-1.4589860313557017,-168.3329898289599,-1.2604624377892075,0.0,0.0,8.985,-2.680999999999999,-29.838619888882995,1.2476275894894084,-1.847316174085496,-148.066312002196,1.373002903645318,-1.4713861424588897,-107.16555134995049,1.303025057761557,-1.8952849553957276,-145.45268562266443,-1.2604624377892075,0.0,0.0,8.548,-2.2439999999999998,-26.251754765732617,-1.510942483395718,0.9112538987996304,60.31029657201995,-1.466351884084133,1.3679686452705613,93.29061126387941,-1.2733174315758917,0.6810575339417212,53.486861304501275,-1.2604624377892075,0.0,0.0,16.972,-10.668000000000001,-62.85646944210672,-1.650403508525428,1.0507149239293405,63.66412287269685,-1.6954534646736104,1.5970702258600387,94.19723098963178,-1.3336466836442995,0.741386786010129,55.5909439541464,-1.2604624377892075,0.0,0.0,27.308,-21.003999999999998,-76.91518965983771,31.57894736842105,-0.6128398703271566,45.614035087719294,-0.09494353945672607,31.57894736842105,-0.6448229332707821,12.280701754385964,-1.3277624648058317,26.31578947368421,-0.9090214463975065,EU 0 3/4,100.0,0.7071067700295558,100.0,0.7071067747039719,100.0,0.7071067718681602,50.0,-0.7071067773369759,50.0,-0.7071067809805277,0.9188635312603076,-0.01138591302895664,falling,3.508771929824561,50.0,-1.0,-1.0,1.0,1,0,0.707363622515066,0.12555576046771558,0.7390891310220981,1.7111402086777938,Below Median,Top Decile,Below Median,Above Median,Very Tight,4.183425270080221,"['YAS_RISK', 'REL_SPRD_LOG', 'Cpn']","[0.48292920791109545, 0.19889411561369194, 0.15375437035996514]",0.8355776938847526,-1.3395650442413614,6.97882017132661
2026-06-01,EU000A19XC51,EU 1 1/4 04/04/33,2033-04-04,7.217897607354676,STRONG BUY,2.380791162794234,0.9657823954149779,1.767438830395543,-3.1463746952101554,1.903894383692689,24.882,1.8854189486905522,0.018475435002136775,0.9799113834607989,2.3448802421202752,0.035910920673958735,1.5314607490718364,1.7663506769396111,0.0010881534559319395,0.061604610227048405,-3.1463746952101554,0.0,0.0,24.361,0.5210000000000008,2.138664257567975,2.010508791815026,-0.10661440812233725,-5.3028570691204635,2.5891297091115484,-0.2083385463173144,-8.046663123113241,1.7703237023484786,-0.0028848719529355193,-0.16295731299381974,-3.1463746952101554,0.0,0.0,25.819,-0.9369999999999976,-3.6291103436890917,1.5422817382983738,0.36161264539431515,23.446600842763566,1.717752722880498,0.6630384399137359,38.59917828812808,1.7065528486520067,0.06088598174353632,3.5677759077225244,-3.1463746952101554,0.0,0.0,24.496,0.3860000000000028,1.5757674715971017,0.6484411581815271,1.255453225511162,193.6109684448205,0.34232291064676507,2.038468252147469,595.4810879435433,1.07129898343672,0.6961398469588231,64.98091113906598,-3.1463746952101554,0.0,0.0,32.722,-7.84,-23.959415676315803,-2.140166042040493,4.044060425733182,188.96012399960574,-1.821487205921103,4.202278368715337,230.7058941717743,-1.6633824866859757,3.4308213170815187,206.25570630428558,-3.1463746952101554,0.0,0.0,30.163,-5.280999999999999,-17.5082054114285,100.0,1.973808904281788,100.0,2.2975533477944157,100.0,1.8671595402699759,1.7543859649122806,-3.341695053550896,43.859649122807014,-0.2910116616682623,EU 1 1/4,100.0,0.7071067766333798,100.0,0.707106777126355,100.0,0.7071067762887407,50.0,-0.707106778390568,50.0,-0.7071067808844965,0.953610853545765,0.012171541869212876,rising,26.31578947368421,50.0,1.0,1.0,1.0,1,1,2.245741644460404,3.038343203214524,2.2056108044962257,4.2713595353016025,Top Decile,Top Decile,Below Median,Above Median,Very Tight,5.636327898447036,"['YAS_RISK', 'REL_SPRD_LOG', 'Cpn']","[0.43866704789882244, 0.1733279403620974, 0.1381678784098393]",0.7501628666707592,-3.371399629756565,24.709693182840383
2026-06-01,EU000A1G1Q17,EU 3 3/8 04/04/32,2032-04-04,-1.1250682256684446,NO ACTION,-0.1907721190792699,0.9321357212394937,-0.8241631132192756,-0.9680101390436439,-0.6680219875039428,11.545,-0.5560047164382516,-0.11201727106569126,-20.146819935015714,-0.015912311112202825,-0.17485980796706707,-1098.895671687839,-0.7438675105292343,-0.08029560269004132,-10.794341797974184,-0.9680101390436439,0.0,0.0,11.757,-0.21199999999999974,-1.8031810820760534,-0.89575620254467,0.22773421504072722,25.42368245415551,-0.5346335506038237,0.3438614315245538,64.31721778486768,-0.9913338511235973,0.1671707379043217,16.86321273388635,-0.9680101390436439,0.0,0.0,12.3,-0.7550000000000008,-6.138211377123411,0.4687163812903948,-1.1367383687943375,-242.5215737953716,0.1281231780754623,-0.3188952971547322,-248.89741033208486,0.8572111174557084,-1.681374230674984,-196.14470424170497,-0.9680101390436439,0.0,0.0,11.316,0.2289999999999992,2.0236832785227183,1.830275710696252,-2.4982976982001945,-136.4984340856481,2.3044906718660534,-2.4952627909453233,-108.27827643567613,1.647564808982771,-2.4717279222020467,-150.0231064491973,-0.9680101390436439,0.0,0.0,32.585,-21.04,-64.56958721357385,-1.0477505728528502,0.3797285853489074,36.242269063212525,-0.7501684583567448,0.559396339277475,74.56942845156381,-1.1248730554713275,0.30070994225205194,26.73278892370429,-0.9680101390436439,0.0,0.0,31.543,-19.997999999999998,-63.39916936772051,28.07017543859649,-0.6834404915709081,38.59649122807017,-0.1841022966256253,21.052631578947366,-0.8916920806699209,15.789473684210526,-1.0154577895594084,31.57894736842105,-0.7346760226831148,EU 3 3/8,14.285714285714285,-1.5218037241494613,14.285714285714285,-1.296388369249621,14.285714285714285,-1.4321943091738227,28.57142857142857,-0.9927984971196282,14.285714285714285,-1.4359664589571792,0.9412724946092175,-0.009136773369723739,falling,5.263157894736842,14.285714285714285,-1.0,-1.0,-1.0,1,1,0.7879663964568754,0.2434615771536395,1.0284842880683291,1.3141217236355027,Below Median,Bottom Quartile,Below Median,Bottom Quartile,Very Tight,5.352635181748866,"['YAS_RISK', 'Cpn', 'Issue_Age']","[0.4023094525737812, 0.28324512965336535, 0.16326856486858848]",0.848823147095735,-1.024484269477603,11.341894042815085
2026-06-01,EU000A1G30R0,EU 3 3/8 04/04/38,2038-04-04,0.7374099566419545,NO ACTION,-0.04947832908522406,0.9664223750854123,-0.6092401527255723,-0.36976851611725614,-0.43567862387369355,40.55,-0.557521481192028,0.1218428573183345,21.854378574326198,-0.24315625602023333,0.19367792693500926,79.65162901411435,-0.6987724068438723,0.08953225411830001,12.812791684406788,-0.36976851611725614,0.0,0.0,39.64,0.9099999999999966,2.2956609479576953,-0.43414820137322135,-0.001530422500472195,-0.35251152956070725,-0.04800979334905196,-0.0014685357361720955,-3.0588247268900637,-0.6084809758958524,-0.0007591768297199319,-0.12476590843709169,-0.36976851611725614,0.0,0.0,42.029,-1.4790000000000063,-3.5189987857148783,1.0255762905204258,-1.4612549143941194,-142.48134572265465,1.0078488083892618,-1.057327137474486,-104.90929970670602,1.189477509929784,-1.7987176626553563,-151.2191388670831,-0.36976851611725614,0.0,0.0,44.114,-3.564,-8.079067867779148,-0.6853005453415117,0.2496219214678182,36.425174257070594,-0.44774233583034384,0.3982640067451198,88.94937243573291,-0.7945552168601995,0.18531506413462717,23.323119384278243,-0.36976851611725614,0.0,0.0,56.121,-15.571000000000005,-27.74540724011593,-1.8176856784720943,1.3820070545984007,76.03113472055144,-2.2824910872798103,2.2330127581945862,97.83226584567227,-1.435249849355146,0.8260096966295737,57.551630557253475,-0.36976851611725614,0.0,0.0,46.254,-5.704000000000001,-12.331906427048061,42.10526315789473,-0.4433882606542361,49.122807017543856,-0.047748455391446426,28.07017543859649,-0.662899013356424,36.84210526315789,-0.37660606376235534,63.1578947368421,0.23019499712912145,EU 3 3/8,28.57142857142857,-1.186504961851204,28.57142857142857,-0.9833753174258683,28.57142857142857,-1.1928238640311615,71.42857142857143,0.13968022471138317,42.857142857142854,-0.2833431717956077,0.9632270377558129,0.0031953373295994236,rising,29.82456140350877,28.57142857142857,-1.0,-1.0,-1.0,1,1,0.513905412828973,0.06314377641845055,0.7602790208494683,0.5019790807420897,Below Median,Below Median,Above Median,Below Median,Very Tight,9.474804518129076,"['REL_SPRD_LOG', 'YAS_RISK', 'Cpn']","[0.6085716046134236, 0.15823534663421857, 0.10911114931340181]",0.875918100561044,-0.3799537431110914,40.578436702214894
2026-06-01,EU000A1G6TV9,EU 2 7/8 04/04/28,2028-04-04,5.326688512796962,STRONG BUY,1.8626063534432749,0.9556672712292308,1.483709143234893,-0.4765497966294929,1.5521876572468758,-4.201,1.5756462478664415,-0.023458590619565678,-1.4888234273681835,1.9027011296426568,-0.040094776199381954,-2.107255593850755,1.4887703220996924,-0.005061178864799398,-0.3399569937467351,-0.4765497966294929,0.0,0.0,-5.941,1.7400000000000002,29.287998604127257,1.5140003186280055,0.03818733861887025,2.5222807351353618,1.787960188459339,0.07464616498393584,4.1749343776364505,1.4714104785934308,0.012298664641462231,0.8358418494908872,-0.4765497966294929,0.0,0.0,-3.106,-1.0949999999999998,-35.254346312767716,1.3782888647886387,0.17389879245823714,12.617006176220105,1.5647937945280048,0.29781255891527003,19.032064036392352,1.4224435730764973,0.06126557015839573,4.307065031422125,-0.4765497966294929,0.0,0.0,-2.979,-1.2219999999999995,-41.020476532324665,0.17553036131528785,1.376657295931588,784.2843865799352,0.0,1.8626063534432749,18626063534.432747,0.03075856767546455,1.4529505755594285,4723.724844788306,-0.4765497966294929,0.0,0.0,0.359,-4.56,-1270.1949506909484,-1.5286148107030841,3.08080246794996,201.5421037546234,-1.702085761692635,3.5646921151359097,209.43081567452447,-1.3937228767694676,2.8774320200043606,206.456537904318,-0.4765497966294929,0.0,0.0,9.203,-13.404,-145.64815805101796,96.49122807017544,1.6104329808528939,96.49122807017544,1.7974854451131907,94.73684210526315,1.5651192870356738,28.07017543859649,-0.4906359184628125,10.526315789473683,-1.2584774044436209,EU 2 7/8,100.0,0.707106769276457,100.0,0.7071067738647199,100.0,0.7071067681789321,50.0,-0.7071067709595485,50.0,-0.7071067785027044,0.9788717692418948,-0.023204498012664,falling,15.789473684210526,50.0,1.0,1.0,1.0,1,1,1.8308854166247657,2.377040642072342,1.8515406931035652,0.6469399594962946,Top Decile,Top Decile,Bottom Quartile,Above Median,Very Tight,1.7707410918745836,"['YAS_RISK', 'REL_SPRD_LOG', 'Cpn']","[0.4619622421729499, 0.32893408967740684, 0.08018553914128264]",0.8710818709916395,-0.4949972176824198,-4.972730946616932
2026-06-01,EU000A1GY6W8,EU 3 3/4 04/04/42,2042-04-04,4.522479676580204,NO ACTION,0.6544509204953173,0.8995207947331508,0.9150097800917167,-1.3338084898241027,0.7532608248748194,59.133,0.48119322984526347,0.2720675950295559,56.54019477020172,0.23814825668382697,0.4163026638114903,174.80818550915032,0.6990239720364054,0.2159858080553113,30.898197144266597,-1.3338084898241027,0.0,0.0,57.767,1.3659999999999997,2.3646718710743717,0.4426254362662047,0.31063538860861467,70.18019213061504,0.18819031691051838,0.4662606035847989,247.7601326483155,0.6755401021037366,0.23946967798798013,35.44862454462318,-1.3338084898241027,0.0,0.0,58.147,0.9860000000000042,1.6957022715366814,0.6809539489427209,0.0723068759320985,10.618467663271293,0.5517045272416967,0.10274639325362056,18.623445398385094,0.8540731865595328,0.06093659353218395,7.1348209705743155,-1.3338084898241027,0.0,0.0,55.276,3.8569999999999993,6.977711844746776,1.0328863218411792,-0.27962549696635985,-27.072242931892742,1.0420390544070008,-0.38758813391168356,-37.19516351647052,1.1471154428314139,-0.23210566273969713,-20.233853721244273,-1.3338084898241027,0.0,0.0,80.107,-20.973999999999997,-26.18248092848534,-0.8848095964677187,1.638070421342538,185.13253126646532,-0.5175570893033471,1.1720080097986645,226.4499919673085,-0.7725643946926465,1.6875741747843631,218.43799229343733,-1.3338084898241027,0.0,0.0,74.589,-15.455999999999996,-20.72155411378064,73.68421052631578,0.7849987379566467,75.43859649122807,0.6315698440288224,82.45614035087719,0.9597187687575366,8.771929824561402,-1.4060874260375227,78.94736842105263,0.8483711102534378,EU 3 3/4,50.0,-0.7071065273070936,50.0,-0.7071066781922619,100.0,0.7071066663130634,50.0,-0.7071067732521022,50.0,-0.7071067803376505,0.8978060955517124,0.001714699181438406,rising,1.7543859649122806,50.0,1.0,1.0,1.0,1,1,0.8885100024723988,0.8352040855992932,1.141853071508197,1.8107111082317808,Above Median,Above Median,Top Quartile,Above Median,Tight,11.708024739171208,"['YAS_RISK', 'REL_SPRD_LOG', 'Cpn']","[0.4463229258422254, 0.20172721758580345, 0.18420563537995527]",0.8322557788079841,-1.4185862418867374,59.152969007449215
2026-06-01,EU000A1Z6TV6,EU 1 1/2 10/04/35,2035-10-04,2.6624307941168404,MODERATE BUY,1.4305733812711068,0.9818768784042441,1.4210770547830016,-1.5690844063425444,1.3149706094289835,31.96,1.0870795584329573,0.22789105099602613,20.963603549695517,1.0782429517071614,0.35233042956394534,32.67634865949946,1.281413824008864,0.13966323077413767,10.899151161588879,-1.5690844063425444,0.0,0.0,31.003,0.9570000000000007,3.086798050805796,0.9982147755792261,0.31675583384975736,31.732232223544553,0.94483853023909,0.48573485103201675,51.409296969310994,1.2152895221402606,0.20578753264274097,16.93321033386391,-1.5690844063425444,0.0,0.0,31.648,0.31200000000000117,0.985844286847247,1.3198249714851777,-0.004854362056194272,-0.36780346820922705,1.4515741412695493,-0.02100075999844253,-1.4467576444562085,1.4274288342583246,-0.0063517794753229495,-0.4449804626599977,-1.5690844063425444,0.0,0.0,34.327,-2.3669999999999973,-6.895446730883714,-0.6494889015912149,1.9644595110201983,302.46236324610567,-0.02958359142733388,1.4601569726984407,4935.697150615756,-0.6585613407630416,2.079638395546043,315.7850659071431,-1.5690844063425444,0.0,0.0,46.755,-14.795000000000002,-31.643674466550387,-1.5127486249968949,2.8277192344258784,186.9259154500366,-1.3488199479147085,2.7793933291858153,206.06110644172185,-1.3313438472608161,2.7524209020438177,206.7400459342493,-1.5690844063425444,0.0,0.0,42.359,-10.399000000000001,-24.549682470183505,92.98245614035088,1.3653453628963368,92.98245614035088,1.3805573175714447,91.22807017543859,1.4984452211460113,5.263157894736842,-1.6573344465491409,54.385964912280706,-0.05555718560444544,EU 1 1/2,100.0,0.0,100.0,0.0,100.0,0.0,100.0,0.0,100.0,0.0,0.9469902669455293,0.034886611458714745,rising,71.9298245614035,100.0,1.0,1.0,1.0,1,1,1.5510756710718925,1.8256842421169348,1.7733812634124455,2.1301098216074448,Top Decile,Top Decile,Above Median,Top Decile,Very Tight,7.215258748589548,"['REL_SPRD_LOG', 'GREEN_BOND_LOAN_INDICATOR', 'Issue_Age']","[0.6339391106682138, 0.09700818872103663, 0.09065260098220508]",0.8215999003714556,-1.6720666158754491,31.7150324719658
2026-06-01,EU000A1ZR7H3,EU 1 3/8 10/04/29,2029-10-04,4.088438681103458,STRONG BUY,2.0943025545367484,0.9523267026616247,1.5747850569069568,-1.3966361124257927,1.6977933004638133,3.324,1.7838448489668035,-0.08605154850299024,-4.823936794191339,2.256652645433727,-0.16235009089697838,-7.194287986946526,1.5838192611806237,-0.009034204273666857,-0.5704062602377925,-1.3966361124257927,0.0,0.0,2.905,0.41900000000000004,14.423407867733538,1.4140143311660383,0.283778969297775,20.069030492559396,1.5943664707014582,0.4999360838352902,31.35640957625615,1.4983359501541629,0.07644910675279393,5.102267367655524,-1.3966361124257927,0.0,0.0,3.349,-0.025000000000000355,-0.7464914877680264,1.3136693266430854,0.3841239738207278,29.24053740968848,1.426948735316197,0.6673538192205515,46.76788997580098,1.4492678210599335,0.12551723584702335,8.660734279544819,-1.3966361124257927,0.0,0.0,3.599,-0.27500000000000036,-7.6410113708224285,1.56159821628792,0.1361950841758932,8.721518882590113,1.8405090393665353,0.2537935151702131,13.78931091143309,1.5484416209156764,0.026343435991280417,1.7012869884996655,-1.3966361124257927,0.0,0.0,14.493,-11.169,-77.06478984539793,-1.5861380385545285,3.2839313390183418,207.0394403571012,-1.4892761700228854,3.5835787245596338,240.62553155886545,-1.4074892832817218,2.9822743401886784,211.88611198847315,-1.3966361124257927,0.0,0.0,18.122,-14.798,-81.65765363554924,98.24561403508771,1.7608696403819644,98.24561403508771,2.021081025780913,96.49122807017544,1.6620728074950257,7.017543859649122,-1.4731799411495217,19.298245614035086,-1.0081531698603738,EU 1 3/8,100.0,0.0,100.0,0.0,100.0,0.0,100.0,0.0,100.0,0.0,0.9355255334169614,0.01680116924466324,rising,14.035087719298245,100.0,1.0,1.0,1.0,1,1,2.002634784363591,2.6727291462991296,1.9651955567230965,1.896002718696546,Top Decile,Top Decile,Bottom Quartile,Top Decile,Very Tight,3.047030569674547,"['YAS_RISK', 'REL_SPRD_LOG', 'Issue_Age']","[0.6156818603837169, 0.14620195724474053, 0.06752643615169321]",0.8294102537801505,-1.4862751473623206,2.6843877849958377
2026-06-01,EU000A283859,EU 0 10/04/30,2030-10-04,-5.383394722527919,STRONG SELL,-1.872416565830479,0.9834949627771729,-1.5929055709936453,0.9055772475369431,-1.6017719904039,-0.609,-1.520152233787275,-0.08161975661662502,-5.369183050592307,-1.7305922167813337,-0.14182434904914532,-8.195133830741822,-1.5688902772801723,-0.024015293713472996,-1.5307184898891752,0.9055772475369431,0.0,0.0,-1.625,1.016,62.523076538319536,-1.608118607134154,0.00634661673025394,0.3946609822579081,-1.9007466409999356,0.028330075169456626,1.4904708712522459,-1.5965243138819765,0.0036187428883311945,0.22666381176906586,0.9055772475369431,0.0,0.0,0.211,-0.82,-388.62557399878796,-1.7431545573872982,0.14138256698339813,8.110730375178795,-2.1296671942142877,0.25725062838380874,12.079381598906574,-1.6166171939752296,0.023711622981584357,1.4667432044690571,0.9055772475369431,0.0,0.0,-4.274,3.665,85.75105267723198,-1.0566572658071436,-0.5451147245967565,-51.58860276435067,-0.9850698866072264,-0.8873466792232526,-90.0795651434937,-1.3056836704162833,-0.28722190057736197,-21.997816537447164,0.9055772475369431,0.0,0.0,15.084,-15.693,-104.0373905435976,-0.5299166910909562,-1.071855299312944,-202.26863903445232,-0.20792530084161506,-1.664491264988864,-800.5236391142264,-0.8712067707675852,-0.72169880022606,-82.83897877725425,0.9055772475369431,0.0,0.0,28.056,-28.665,-102.17065864621804,5.263157894736842,-1.6481711721135797,7.017543859649122,-1.806952670405787,7.017543859649122,-1.7100455245471624,85.96491228070175,0.9853132860029479,14.035087719298245,-1.13898708542395,EU 0 10/04/30,100.0,0.0,100.0,0.0,100.0,0.0,100.0,0.0,100.0,0.0,0.9292415304126249,0.05425343236454794,rising,82.45614035087719,100.0,-1.0,-1.0,-1.0,1,1,1.889372695560666,2.389560342495696,1.9878083911620013,1.2293659801890646,Bottom Decile,Top Decile,Bottom Quartile,Top Decile,Very Tight,3.738836967688286,"['YAS_RISK', 'REL_SPRD_LOG', 'Cpn']","[0.4624958167015164, 0.23974114955901873, 0.23144280248627716]",0.9336797687468122,0.994071809184,-1.084544802189921
2026-06-01,EU000A283867,EU 0.1 10/04/40,2040-10-04,-13.661775999256122,STRONG SELL,-2.727370393031503,0.984454571655138,-1.6900295934091445,0.7644685066382132,-2.072605774385241,35.679,-2.038351705634234,-0.034254068751006894,-1.680478814734322,-2.6736006651831388,-0.0537697278483642,-2.0111353332404827,-1.6897006167829325,-0.0003289766262120075,-0.01946952146418713,0.7644685066382132,0.0,0.0,35.62,0.059000000000004604,0.16563728237911532,-2.1779839878746245,0.10537821348938348,4.838337361165937,-2.9370237898242837,0.20965339679278072,7.138294105935534,-1.690839382027512,0.0008097886183675573,0.04789269886813597,0.7644685066382132,0.0,0.0,35.325,0.3539999999999992,1.002123141966842,-1.776913032990226,-0.295692741395015,-16.640811015569852,-2.19074496496901,-0.5366254280624929,-24.49511167177658,-1.6787937763292897,-0.01123581707985477,-0.6692791676589458,0.7644685066382132,0.0,0.0,34.938,0.7409999999999997,2.1208998791800036,-1.5964293926616815,-0.4761763817235596,-29.827587798724092,-1.8502180111784627,-0.8771523818530402,-47.40805525688016,-1.6484520090348174,-0.041577584374327126,-2.522219870170753,0.7644685066382132,0.0,0.0,58.882,-23.202999999999996,-39.40593049838559,-0.5318750138541029,-1.5407307605311382,-289.67909592118235,-0.18800095329347,-2.539369439738033,-1350.7215044287143,-0.9205532646993787,-0.7694763287097658,-83.5884624886105,0.7644685066382132,0.0,0.0,71.419,-35.739999999999995,-50.04270571555991,1.7543859649122806,-2.1346266424558555,1.7543859649122806,-2.632015388460378,3.508771929824561,-1.8134374699550517,80.7017543859649,0.834625739042854,59.64912280701754,0.06815787465005235,EU 0.1 10/04/40,100.0,0.0,100.0,0.0,100.0,0.0,100.0,0.0,100.0,0.0,0.9646352698209532,0.0198193018341849,rising,85.96491228070175,100.0,-1.0,-1.0,-1.0,1,1,2.444745433335622,3.4806443445421973,2.1090107714264534,1.0378038732125032,Bottom Decile,Top Decile,Above Median,Top Decile,Very Tight,8.43344464234761,"['REL_SPRD_LOG', 'Cpn', 'YAS_RISK']","[0.6112822036012562, 0.19717110999406454, 0.11883550102580402]",0.9272888146211248,0.8420447893964365,35.800188656725005
2026-06-01,EU000A284469,EU 0.3 11/04/50,2050-11-04,-20.097373958189443,STRONG SELL,-2.302479085708548,0.9632840543045331,-1.759924473532023,1.8216962450875795,-1.8690348720824814,59.529,-1.8451469358252113,-0.023887936257270148,-1.2946359806907772,-2.2631239514498462,-0.03935513425870196,-1.7389738666144259,-1.7583808139782588,-0.0015436595537641207,-0.08778869359321488,1.8216962450875795,0.0,0.0,59.575,-0.045999999999999375,-0.07721359629421404,-1.7371439913347675,-0.13189088074771393,-7.5923976737894545,-2.061691029009294,-0.2407880566992544,-11.67915328452708,-1.7471196910040807,-0.01280478252794226,-0.7329081413587902,1.8216962450875795,0.0,0.0,58.736,0.7930000000000064,1.3501089619058082,-1.532633364921312,-0.33640150716116946,-21.949248441652973,-1.7274717327855738,-0.5750073529229744,-33.28606417583228,-1.7028596818314106,-0.057064791700612405,-3.351115301768622,1.8216962450875795,0.0,0.0,55.565,3.9640000000000057,7.133987220888343,-1.7660918923832547,-0.10294297969922672,-5.828857465475619,-2.111852261634925,-0.19062682407362308,-9.026522670832756,-1.7501563983229602,-0.009768075209062754,-0.5581258430738054,1.8216962450875795,0.0,0.0,73.088,-13.55899999999999,-18.551609016726182,-1.3356988035974569,-0.5333360684850246,-39.929366040880346,-1.3626024553399478,-0.9398766303686004,-68.97658372679636,-1.6010793748602965,-0.15884509867172647,-9.921125721419905,1.8216962450875795,0.0,0.0,94.311,-34.782000000000004,-36.880109421289134,3.508771929824561,-1.9243015077760237,3.508771929824561,-2.2219792370984655,1.7543859649122806,-1.8878430335862628,100.0,1.9636206791893052,80.7017543859649,0.8615443191431342,EU 0.3 11/04/50,100.0,0.0,100.0,0.0,100.0,0.0,100.0,0.0,100.0,0.0,0.9429024194604789,0.020381634844054197,rising,22.807017543859647,100.0,-1.0,-1.0,-1.0,1,1,2.2046230521691887,2.9384020698378164,2.1962335370049875,2.473042908310777,Bottom Decile,Top Decile,Top Quartile,Top Decile,Tight,9.85056430054776,"['REL_SPRD_LOG', 'YAS_RISK', 'Cpn']","[0.7853988633472235, 0.11706275504303089, 0.07271008380963075]",0.9751717021998852,1.9810754496483949,59.61304695134619
2026-06-01,EU000A285VM2,EU 0 07/04/35,2035-07-04,-1.980132499487322,WEAK SELL,-0.8156428267006548,0.9680359937933146,-0.8322863052972784,-0.6663567571464593,-0.9480678810385117,26.198,-1.0073552359217235,0.059287354883211796,5.885446581356138,-0.9095349977934123,0.09389217109275749,10.32309589935913,-0.888136414070339,0.055850108773060625,6.288460562972855,-0.6663567571464593,0.0,0.0,25.895,0.3030000000000008,1.1701100594052514,-1.6301729693372276,0.6821050882987159,41.84249751066518,-1.9156482042905472,1.1000053775898924,57.42209709402596,-1.2226550311392506,0.39036872584197213,31.927952914522216,-0.6663567571464593,0.0,0.0,25.925,0.2729999999999997,1.05303760807983,-0.8426987049351146,-0.10536917610339713,-12.503777950048287,-0.6682405893771607,-0.1474022373234941,-22.05825827716568,-0.7347067767839476,-0.09757952851333085,-13.281424681057926,-0.6663567571464593,0.0,0.0,25.628,0.5700000000000003,2.224129857099997,-1.5110194651872826,0.5629515841487709,37.256408232527654,-1.6992825611011457,0.8836397344004909,52.00075310770044,-1.186923108353767,0.3546368030564886,29.87866674535425,-0.6663567571464593,0.0,0.0,38.753,-12.555,-32.39749179872591,0.6650864778394032,-1.613154358877915,-242.54805778995757,0.559548409571465,-1.3751912362721197,-245.7680494076494,0.7309600106732892,-1.5632463159705676,-213.86208161298032,-0.6663567571464593,0.0,0.0,55.138,-28.939999999999998,-52.486488437649804,17.543859649122805,-0.9727779637141144,15.789473684210526,-0.787126118567735,19.298245614035086,-0.9003395049731862,19.298245614035086,-0.6933274391587532,45.614035087719294,-0.24723402808533174,EU 0 07/04/35,100.0,0.0,100.0,0.0,100.0,0.0,100.0,0.0,100.0,0.0,0.96906370482175,-0.001027711028435352,falling,31.57894736842105,100.0,-1.0,-1.0,-1.0,1,1,1.1182949750048645,1.0409156743710584,1.0386213292525106,0.9046123123489188,Bottom Quartile,Top Decile,Below Median,Top Decile,Very Tight,6.560538901563007,"['Cpn', 'REL_SPRD_LOG', 'YAS_RISK']","[0.43803748570463213, 0.22536934154148694, 0.19907849919644321]",0.8624853264425623,-0.6994904784013939,25.872632310997247
2026-06-01,EU000A287074,EU 0 06/02/28,2028-06-02,0.3864364312681854,NO ACTION,-0.5979876030871722,0.9598414587863043,-0.7284309149915964,1.3903260672921542,-0.6890441686260851,-8.171,-0.4673862286606684,-0.22165793996541666,-47.42500348332778,-0.2641751134829497,-0.33381248960422255,-126.36030418124035,-0.5571353163124632,-0.17129559867913324,-30.74577945234512,1.3903260672921542,0.0,0.0,-9.707,1.5360000000000014,15.82363241390376,-1.0536241280615533,0.36457995943546817,34.60246840075424,-1.1321345252791384,0.5341469221919661,47.18051658589032,-1.0357710015565353,0.30734008656493894,29.67259009335226,1.3903260672921542,0.0,0.0,-9.243,1.072000000000001,11.597966015797946,-1.221288332083213,0.532244163457128,43.58054892665661,-1.3954968977639945,0.7975092946768223,57.14876831613134,-1.1377284497879179,0.40929753479632147,35.97497551152214,1.3903260672921542,0.0,0.0,-11.085,2.9140000000000015,26.287776250529753,0.413142283828692,-1.102186452454777,-266.78131697448407,0.0,-0.5979876030871722,-5979876030.871722,0.03075856767546455,-0.759189482667061,-2468.220379619991,1.3903260672921542,0.0,0.0,-2.002,-6.169,-308.14185660268805,-0.5989374230682928,-0.0901067455577923,-15.044433789383477,-0.46456070415354295,-0.1334268989336293,-28.72108959465955,-0.6525385379139305,-0.07589237707766594,-11.630328556111003,1.3903260672921542,0.0,0.0,13.756,-21.927,-159.399534632597,24.561403508771928,-0.7051601628292422,22.807017543859647,-0.5770806112200083,22.807017543859647,-0.7897817811706911,98.24561403508771,1.502968039886241,1.7543859649122806,-1.3905421501307291,EU 0 06/02/28,100.0,0.0,100.0,0.0,100.0,0.0,100.0,0.0,100.0,0.0,0.9572984376377952,0.002543021148509128,rising,17.543859649122805,100.0,-1.0,-1.0,-1.0,1,1,0.8127631435914605,0.763146133033376,0.9090187840192357,1.8874365197976097,Bottom Quartile,Top Decile,Bottom Decile,Top Decile,Very Tight,1.8426617596588808,"['YAS_RISK', 'REL_SPRD_LOG', 'Cpn']","[0.4848794875297808, 0.31056767379673095, 0.16018735983184756]",0.9556345211583592,1.5163280347271963,-8.807123708306674
2026-06-01,EU000A28X702,EU 0 1/8 06/10/35,2035-06-10,3.1227764304779093,MODERATE BUY,1.653302887422988,0.979165320139927,1.6537394471978262,-0.5604779678774816,1.496774167976117,31.007,1.4951615215654297,0.0016126464106873684,0.10785767133795453,1.6574415508713445,-0.00413866344835645,-0.249701922894988,1.6548782124424062,-0.001138765244580009,-0.06881263099222643,-0.5604779678774816,0.0,0.0,30.681,0.3260000000000005,1.0625468527549486,0.87636530153305,0.620408866443067,70.79340752976275,0.6983750692193725,0.9549278182036155,136.73566635152724,1.2310550943041105,0.42268435289371564,34.33512857514613,-0.5604779678774816,0.0,0.0,29.835,1.1720000000000006,3.928272162249617,0.6417866467621839,0.8549875212139332,133.21989670638345,0.3599705372515648,1.2933323501714233,359.2883806873178,1.040349874678472,0.6133895725193541,58.959930841817396,-0.5604779678774816,0.0,0.0,29.071,1.936,6.659557632465495,-1.3641677013749833,2.8609418693511004,209.72068503714078,-1.292566586658661,2.945869474081649,227.90852569584,-1.4801425058859161,3.1338819530837423,211.72839233038357,-0.5604779678774816,0.0,0.0,39.588,-8.581,-21.67576032593822,-1.5398148748001386,3.0365890427762556,197.20481161411763,-1.5775445515341657,3.230847438957154,204.802293243314,-1.573166973420928,3.226906420618754,205.121672055543,-0.5604779678774816,0.0,0.0,39.272,-8.264999999999997,-21.045528615541464,94.73684210526315,1.5531809401038768,94.73684210526315,1.5954996991246644,98.24561403508771,1.7461225390407822,26.31578947368421,-0.5802613390119369,52.63157894736842,-0.08725937770515431,EU 0 1/8,100.0,0.0,100.0,0.0,100.0,0.0,100.0,0.0,100.0,0.0,0.9541907480783743,0.024974572061552625,rising,61.40350877192983,100.0,1.0,1.0,1.0,1,1,1.765522347335787,2.1099295349202096,2.063723807485235,0.7608766101712003,Top Decile,Top Decile,Above Median,Top Decile,Very Tight,6.5437127968515085,"['REL_SPRD_LOG', 'Cpn', 'YAS_RISK']","[0.4737800954828737, 0.2622507201606874, 0.13124986564939276]",0.8672806812929539,-0.5854193252697099,30.66064487130392
2026-06-01,EU000A3K4C42,EU 0.4 02/04/37,2037-02-04,-1.315381588148732,NO ACTION,-0.4312467292967169,0.9791315863589618,-0.9165043216075396,1.2658382306431213,-0.6601355998041355,33.745,-0.5539511315160036,-0.10618446828813188,-19.16856204999159,-0.28118454950612076,-0.15006217979059616,-53.36785919332446,-0.8453188408741367,-0.07118548073340292,-8.421139627939285,1.2658382306431213,0.0,0.0,34.481,-0.7360000000000042,-2.1345088593328305,-0.7069475391424451,0.04681193933830963,6.621699077264548,-0.5106132832895056,0.07936655399278869,15.543377940963579,-0.95785415293295,0.04134983132541037,4.316923486431082,1.2658382306431213,0.0,0.0,34.673,-0.9280000000000044,-2.676434112226692,-1.1302631154102571,0.47012751560612165,41.59451945629715,-1.1276488787097507,0.6964021494130338,61.75700223585137,-1.3144142039580622,0.3979098823505226,30.272792101989427,1.2658382306431213,0.0,0.0,27.676,6.068999999999999,21.928746920823546,-0.9097158597839244,0.24958025997978894,27.43496824333395,-0.7958467564256004,0.3646000271288835,45.81284268659123,-1.1367668258036059,0.2202625041960663,19.376225384017104,1.2658382306431213,0.0,0.0,49.02,-15.275000000000006,-31.160750707637554,-0.7718076925153718,0.11167209271123635,14.468901041968055,-0.5931382793126939,0.161891550015977,27.294064964777565,-1.0061377993031353,0.08963347769559571,8.908668063838796,1.2658382306431213,0.0,0.0,53.699,-19.954,-37.158978745012206,29.82456140350877,-0.6752924432185339,31.57894736842105,-0.41616937348599253,15.789473684210526,-0.989992551955327,92.98245614035088,1.370029664761242,56.14035087719298,0.0038220514362316436,EU 0.4 02/04/37,100.0,0.0,100.0,0.0,100.0,0.0,100.0,0.0,100.0,0.0,0.9433124494978223,0.03581913686113947,rising,57.89473684210527,100.0,-1.0,-1.0,-1.0,1,1,0.7786639953187058,0.5503530042212348,1.1437181300654593,1.718438113819647,Below Median,Top Decile,Above Median,Top Decile,Very Tight,7.392834054494557,"['GREEN_BOND_LOAN_INDICATOR', 'REL_SPRD_LOG', 'Cpn']","[0.5132922118476018, 0.2538502679718288, 0.18285386436872206]",0.9499963441881528,1.3822079604850497,33.556310839712054
2026-06-01,EU000A3K4D09,EU 2 3/4 12/04/37,2037-12-04,3.5911810493604364,NO ACTION,0.48125243478687046,0.9731726399624463,0.39340468628549824,-1.3224110974164864,0.5262262991434826,42.07,0.4534147815867905,0.07281151755669213,16.058478661862292,0.38290323655244957,0.0983491982344209,25.685130413473566,0.3432737096296609,0.05013097665583732,14.603791024235957,-1.3224110974164864,0.0,0.0,41.839,0.23100000000000165,0.5521164462458232,0.33376271484191994,0.19246358430156268,57.66479297312761,0.19650305680806462,0.28474937797880584,144.90836331675996,0.2581446811237363,0.13526000516176195,52.39697340780404,-1.3224110974164864,0.0,0.0,42.068,0.0020000000000024443,0.0047542074724898345,-0.6353778293544947,1.1616041284979772,182.8210013868435,-0.3254989269133417,0.8067513617002122,247.8506901898102,-0.2544262084088154,0.6478308946943137,254.62426739895588,-1.3224110974164864,0.0,0.0,35.366,6.704000000000001,18.956059486807654,-0.8897614053878217,1.4159877045313043,159.14240379980015,-0.6978143791219222,1.1790668139087928,168.96567802112003,-0.46087169430397995,0.8542763805894782,185.36099582846552,-1.3224110974164864,0.0,0.0,53.311,-11.241,-21.085704634862278,0.5306032969680895,-0.004376997824606876,-0.8249096391082442,0.4849959661060198,-0.0037435313191493402,-0.7718685316125193,0.39563160498600985,-0.0022269187005116153,-0.56287683192112,-1.3224110974164864,0.0,0.0,65.048,-22.978,-35.32468330535533,63.1578947368421,0.5504314856565233,66.66666666666666,0.46442676701683944,61.40350877192983,0.4044517602251216,10.526315789473683,-1.393916350789407,64.91228070175438,0.2807588292309867,EU 2 3/4,100.0,1.10730625455915,100.0,1.022896241427486,100.0,0.9976865382688642,33.33333333333333,-1.1321408000501,100.0,1.1543965309974533,0.9378494778124227,0.035323162150023624,rising,40.35087719298245,33.33333333333333,1.0,1.0,1.0,1,1,0.6207110670207998,0.6141698134283204,0.49093502512704057,1.7952385833567375,Above Median,Top Decile,Above Median,Top Decile,Very Tight,8.922084009436304,"['YAS_RISK', 'REL_SPRD_LOG', 'Cpn']","[0.32820362501725653, 0.2977681046743892, 0.20680024826577173]",0.8327719779574174,-1.4063069770442935,42.024981561176425
2026-06-01,EU000A3K4D41,EU 3 1/4 07/04/34,2034-07-04,-0.7744835078529562,NO ACTION,-0.2323124260435846,0.976562549268754,-0.2781631372847242,-0.33582593227840185,-0.43100166697797365,22.848,-0.3980236479895937,-0.03297801898837993,-8.285441914420609,-0.18636166983989794,-0.04595075620368666,-24.65676218585422,-0.25652659763770713,-0.02163653964701706,-8.434423175928158,-0.33582593227840185,0.0,0.0,22.587,0.26099999999999923,1.1555319426415462,0.2770227129046231,-0.7080243798825967,-255.5835032082781,0.07989296178712378,-0.3122053878307084,-390.7795402361363,0.26889968621143473,-0.547062823496159,-203.44493921108997,-0.33582593227840185,0.0,0.0,24.567,-1.7190000000000012,-6.997191351407506,-0.6286367664011164,0.19763509942314278,31.438679193187554,-0.5419174200847057,0.3096049940411211,57.13139619678361,-0.42999850322870403,0.15183536594397984,35.310672309981435,-0.33582593227840185,0.0,0.0,21.858,0.9899999999999984,4.529234145608358,0.7039384385515888,-1.1349401055295625,-161.22717943092823,0.7168988723190444,-0.949211298362629,-132.4051859715688,0.5989391599849988,-0.877102297269723,-146.44263411452806,-0.33582593227840185,0.0,0.0,40.55,-17.701999999999998,-43.65474721488169,0.8362481560962696,-1.2672498230742433,-151.53992253160368,0.8966264843511206,-1.1289389103947052,-125.90960868401582,0.7137773084272955,-0.9919404457120197,-138.97057529057045,-0.33582593227840185,0.0,0.0,51.976,-29.128,-56.04124979682137,43.859649122807014,-0.4385561280760689,36.84210526315789,-0.22419026100728648,45.614035087719294,-0.3104558602111887,38.59649122807017,-0.34035937441066605,40.35087719298245,-0.3586740527835215,EU 3 1/4,33.33333333333333,-1.1179671663655804,33.33333333333333,-1.075495720099892,33.33333333333333,-1.1186890539872405,66.66666666666666,-0.5248093225296927,33.33333333333333,-0.7936923687299346,0.941041322443988,0.035521226824765995,rising,52.63157894736842,33.33333333333333,-1.0,-1.0,1.0,1,0,0.5083887008936748,0.2964749246899009,0.3471235385670758,0.4559003415017906,Below Median,Below Median,Below Median,Below Median,Very Tight,7.049415162791206,"['REL_SPRD_LOG', 'Cpn', 'GREEN_BOND_LOAN_INDICATOR']","[0.6023562242250334, 0.21115006871197087, 0.06394910074167239]",0.8774553936786766,-0.343384854238262,22.582122955520727
2026-06-01,EU000A3K4D74,EU 3 3/8 10/04/38,2038-10-04,4.759356154916617,WEAK BUY,0.6985040804041796,0.994567772474063,1.2115189438859852,-0.6126694137465185,0.8777813800810967,46.556,0.9323544446435407,-0.05457306456244393,-5.8532529437324765,0.7840079977947286,-0.08550391739054908,-10.906000517910012,1.2684825120093017,-0.05696356812331649,-4.490686086323448,-0.6126694137465185,0.0,0.0,47.585,-1.0290000000000035,-2.162446148542101,0.9249208849512817,-0.04713950487018492,-5.096598544534762,0.7785604769985792,-0.08005639659439967,-10.28261746277727,1.264964992698266,-0.053446048812280766,-4.225100986847565,-0.6126694137465185,0.0,0.0,48.658,-2.102000000000004,-4.319947387003183,0.9283420633843769,-0.05056068330328012,-5.446341898407704,0.7788536679394791,-0.08034958753529953,-10.316390589291547,1.265268663430154,-0.05374971954416874,-4.248087435726422,-0.6126694137465185,0.0,0.0,44.665,1.8909999999999982,4.233740063979904,1.1408408689245184,-0.2630594888434217,-23.05838559110981,1.0859532701661483,-0.38744918976196874,-35.67825585486421,1.4350712143441713,-0.22355227045818604,-15.577782249821755,-0.6126694137465185,0.0,0.0,66.56,-20.004000000000005,-30.05408653394621,1.1356220522448155,-0.25784067216371875,-22.704795964780573,1.0826814448830162,-0.38417736447883666,-35.483877805993,1.4336540842620276,-0.22213514037604232,-15.49433306577248,-0.6126694137465185,0.0,0.0,72.818,-26.262,-36.0652585849563,84.21052631578947,0.9136507321656083,78.94736842105263,0.6740828063630484,85.96491228070175,1.2753632253349823,21.052631578947366,-0.6359956677304527,66.66666666666666,0.4299886652895177,EU 3 3/8,71.42857142857143,0.7089720888949455,71.42857142857143,0.6736561537706246,71.42857142857143,0.8350465619684246,42.857142857142854,-0.32013415051245575,57.14285714285714,-0.04467206465227378,0.9384164398399395,0.05615133263412353,rising,100.0,100.0,1.0,1.0,1.0,1,1,1.0353884211563655,0.8914243123377534,1.5118708645146015,0.8317290837539749,Top Quartile,Above Median,Above Median,Above Median,Very Tight,9.705750432541294,"['YAS_RISK', 'REL_SPRD_LOG', 'Cpn']","[0.3252649733336166, 0.3127092713345397, 0.22694263453728772]",0.8649168792054439,-0.6416490805870507,46.57019080932968
2026-06-01,EU000A3K4DD8,EU 1 07/06/32,2032-07-06,-2.194084073447341,NO ACTION,-0.52027627346617,0.9825449939959496,-0.393178426987289,0.05177844311847875,-0.5562733978864536,11.768,-0.5905415977552249,0.034268199868771276,5.802842580225979,-0.5735162795341414,0.05324000606797141,9.283085247886762,-0.4251650774128207,0.031986650425531726,7.523348311634484,0.05177844311847875,0.0,0.0,11.356,0.4120000000000008,3.6280380383691178,-0.5348042689102096,-0.02146912897624398,-4.01438990353488,-0.4875158100907071,-0.0327604633754629,-6.719876981503389,-0.37566674811508327,-0.017511678872205727,-4.661492797518467,0.05177844311847875,0.0,0.0,13.726,-1.9580000000000002,-14.264898721940186,-1.0326312063758873,0.47635780848943376,46.13048694782389,-1.2301761221781986,0.7098998487120286,57.707171367001884,-0.7870140603516484,0.39383563336435945,50.04175251763776,0.05177844311847875,0.0,0.0,10.252,1.516,14.78735854975872,-0.3570873274643283,-0.19918607042212527,-55.78077112354152,-0.22110196815897815,-0.29917430530719186,-135.310551175656,-0.2483274878767322,-0.1448509391105568,-58.33060790652337,0.05177844311847875,0.0,0.0,27.648,-15.879999999999999,-57.43634257181844,0.5044343832457887,-1.0607077811322423,-210.27665744738502,0.4154851227008329,-0.9357613961670028,-225.22139121661212,0.4003385013302733,-0.7935169283175623,-198.21148999150938,0.05177844311847875,0.0,0.0,39.63,-27.862000000000002,-70.30532423156565,35.08771929824561,-0.567984221073938,28.07017543859649,-0.5020862445059042,42.10526315789473,-0.43289369029947844,47.368421052631575,0.07355653290702863,33.33333333333333,-0.727257776262907,EU 1 07/06/32,100.0,0.0,100.0,0.0,100.0,0.0,100.0,0.0,100.0,0.0,0.9856348133229373,-0.0030898193269877083,falling,75.43859649122807,100.0,-1.0,-1.0,-1.0,1,1,0.656153170070354,0.6639716678990132,0.49065267309076877,0.07029180188674689,Below Median,Top Decile,Below Median,Top Decile,Very Tight,5.123880342092235,"['REL_SPRD_LOG', 'YAS_RISK', 'Cpn']","[0.4926898085785189, 0.29428174265952706, 0.10803882710210569]",0.8950103783401516,0.0742103824062042,11.484166488503606
2026-06-01,EU000A3K4DE6,EU 1 1/8 06/04/37,2037-06-04,-2.17980781147736,WEAK SELL,-0.5920086036421621,0.93382030251142,-0.6051152919507607,-2.0011736297120915,-0.9914074199292167,34.248,-1.0037739247573483,0.01236650482813162,1.2320009914504395,-0.6139933442690868,0.02198474062692468,3.580615404721419,-0.6189829220403109,0.013867630089550165,2.240389738023833,-2.0011736297120915,0.0,0.0,33.997,0.25099999999999767,0.7383004380567921,-1.325545610217123,0.33413819028790637,25.207596418535555,-1.0837572159478674,0.4917486123057053,45.37442524321958,-0.8938302402932383,0.2887149483424776,32.30087013141019,-2.0011736297120915,0.0,0.0,32.822,1.4259999999999948,4.3446468818643895,-1.1809778293668316,0.18957040943761494,16.051987016051974,-0.8556165004381086,0.26360789679594643,30.80911758715,-0.7744876426612702,0.1693723507105095,21.868954285909854,-2.0011736297120915,0.0,0.0,30.477,3.7709999999999972,12.373265081086297,-1.5216748658406882,0.5302674459114716,34.84761786702378,-1.3750094064765972,0.7830008028344351,56.94512295347338,-1.0111736722736104,0.4060583803228497,40.15713496516572,-2.0011736297120915,0.0,0.0,47.404,-13.156000000000006,-27.75293223615035,-1.1235570609260006,0.13214964099678395,11.76172038042272,-0.771083320504168,0.17907471686200582,23.2237826675515,-0.7193714048236055,0.11425611287284476,15.882770779940024,-2.0011736297120915,0.0,0.0,53.797,-19.549,-36.33845752805204,14.035087719298245,-1.017555455246733,24.561403508771928,-0.5713106510462561,29.82456140350877,-0.6585079536634885,3.508771929824561,-2.118754941996529,57.89473684210527,0.020554687980467293,EU 1 1/8,100.0,0.0,100.0,0.0,100.0,0.0,100.0,0.0,100.0,0.0,0.9131549598476697,0.020665342663750308,rising,7.017543859649122,100.0,-1.0,-1.0,-1.0,1,1,1.1694161969445989,0.7555157903936423,0.7551315513384975,2.7166923501124627,Bottom Quartile,Top Decile,Above Median,Top Decile,Very Tight,7.891488415202019,"['REL_SPRD_LOG', 'Cpn', 'YAS_RISK']","[0.5255769852400357, 0.16184451010249074, 0.11460865770377542]",0.8020301530463018,-2.137588712471425,34.02142662163707
2026-06-01,EU000A3K4DG1,EU 1 1/4 02/04/43,2043-02-04,0.5617529856227179,NO ACTION,-0.08214617642812039,0.9662520412896272,-0.2742913354531528,0.4301893267108097,-0.29237871716961467,57.989,0.37895555626650346,-0.6713342734361181,-177.15382308542132,0.09253860927651057,-0.17468478570463097,-188.76960459358386,0.3405406730426693,-0.6148320084958221,-180.54583170574793,0.4301893267108097,0.0,0.0,59.856,-1.8670000000000044,-3.1191526324647305,0.3777556856244501,-0.6701344027940648,-177.39888784106807,0.1026495637923819,-0.18479574022050227,-180.02582318974697,0.3450198163380167,-0.6193111517911696,-179.50016332812976,0.4301893267108097,0.0,0.0,60.478,-2.4890000000000043,-4.115546148332369,-0.3078923847188548,0.015513667549240107,5.038665395878347,-0.11512644829736901,0.03298027186924862,28.64699597034535,-0.28952548383619875,0.015234148383045931,5.261764061324689,0.4301893267108097,0.0,0.0,54.134,3.854999999999997,7.121217717678123,0.5726555693228743,-0.8650342864924889,-151.0566416754958,0.3833992990869541,-0.46554547551507447,-121.42574712086657,0.4736496771868915,-0.7479410126400443,-157.91016712841693,0.4301893267108097,0.0,0.0,79.535,-21.546,-27.089960391388708,0.956749759885685,-1.2491284770552997,-130.55957956536,0.9439049736085223,-1.0260511500366427,-108.70280037235081,0.8063462698644752,-1.080637605317628,-134.01656736101685,0.4301893267108097,0.0,0.0,88.244,-30.255000000000003,-34.285617148555644,50.877192982456144,-0.2953338391420799,47.368421052631575,-0.0792741612999891,47.368421052631575,-0.3063341906834642,66.66666666666666,0.4776548717367476,77.19298245614034,0.8103151734609811,EU 1 1/4,50.0,-0.7071067766333798,50.0,-0.707106777126355,50.0,-0.7071067762887407,100.0,0.7071067783905679,100.0,0.7071067808844966,0.8992944398155284,0.0669576014740988,rising,28.07017543859649,100.0,-1.0,1.0,1.0,0,0,0.3448757802563579,0.10483417475706248,0.3422918647316249,0.5840033246607529,Above Median,Above Median,Top Quartile,Top Decile,Tight,9.761677730627838,"['GREEN_BOND_LOAN_INDICATOR', 'YAS_RISK', 'REL_SPRD_LOG']","[0.5215612107113813, 0.30576079545358636, 0.08482697452041443]",0.912148980685382,0.481900781465236,58.11978092416346
2026-06-01,EU000A3K4DM9,EU 2 5/8 02/04/48,2048-02-04,2.453559760758367,NO ACTION,0.41600380625128336,0.9828128491991972,0.3163102792274425,0.23533991355809233,0.5125456576104804,74.933,0.5017369018191778,0.010808755791302582,2.1542676125048525,0.404151824836328,0.01185198141495536,2.932556626831877,0.3100091115407674,0.006301167686675102,2.0325749304916743,0.23533991355809233,0.0,0.0,76.756,-1.8229999999999933,-2.375058627029141,0.6048791675969983,-0.0923335099865179,-15.264785664028139,0.5571742656814856,-0.1411704594302023,-25.336858787591225,0.39220265630510837,-0.07589237707766588,-19.350296058065684,0.23533991355809233,0.0,0.0,76.703,-1.769999999999996,-2.307602049162661,0.6872057041787525,-0.17466004656827205,-25.415977045097787,0.6781843068750685,-0.2621805006237851,-38.6591807123848,0.4656909734219946,-0.14938069419455213,-32.07721418543936,0.23533991355809233,0.0,0.0,70.962,3.9710000000000036,5.595952762662282,0.522614420639432,-0.010068763028951544,-1.9266140463500323,0.42996691368775714,-0.013963107436473776,-3.247484089407262,0.32316817658924557,-0.006857897361803089,-2.1220830658432477,0.23533991355809233,0.0,0.0,94.209,-19.275999999999996,-20.46089014632775,0.5066437390541843,0.005901918556296182,1.1649050377733934,0.4059534004547831,0.010050405796500239,2.4757535070935677,0.3112744062569672,0.005035872970475308,1.6178242436468118,0.23533991355809233,0.0,0.0,97.631,-22.697999999999993,-23.248763197831753,61.40350877192983,0.5362969372491295,63.1578947368421,0.40145937732148,59.64912280701754,0.322382046393664,57.89473684210527,0.26957860440141124,87.71929824561403,1.3739688386807207,EU 2 5/8,100.0,0.7071067360353331,100.0,0.707106754248578,100.0,0.7071067285610548,50.0,-0.707106725636719,100.0,0.7071067810635312,0.9677324682628441,0.01508038093635311,rising,78.94736842105263,100.0,1.0,1.0,1.0,1,1,0.6045740445700015,0.5309001297499355,0.39472787257997116,0.319485592527711,Above Median,Top Decile,Top Quartile,Top Decile,Tight,12.487270107101978,"['YAS_RISK', 'GREEN_BOND_LOAN_INDICATOR', 'REL_SPRD_LOG']","[0.4507343443310267, 0.3575518210171012, 0.09503789313225862]",0.9033240584803864,0.2719749086929566,74.93803822223082
2026-06-01,EU000A3K4DT4,EU 2 1/2 10/04/52,2052-10-04,3.984347037450775,WEAK BUY,0.6005380288596169,0.9874056246524419,0.7325036702270531,0.9036321446164903,0.8439861326479202,88.183,0.838484935508454,0.005501197139466174,0.6560877650737389,0.594417929230238,0.006120099629378983,1.0295953781785956,0.7285812566068335,0.003922413620219611,0.5383632272741752,0.9036321446164903,0.0,0.0,90.641,-2.4579999999999984,-2.7117970893181,0.892857795768836,-0.04887166312091573,-5.473622205591018,0.6722256227737721,-0.07168759391415513,-10.664216063638348,0.7761310320416233,-0.043627361814570165,-5.6211334750647,0.9036321446164903,0.0,0.0,89.461,-1.2779999999999916,-1.428555459761389,0.8829098814365224,-0.038923748788602164,-4.408575457827524,0.663881484287687,-0.06334345542807007,-9.541379895825317,0.770462511713048,-0.03795884148599493,-4.926760279214771,0.9036321446164903,0.0,0.0,81.716,6.467000000000013,7.913994810329207,0.800161812019568,0.043824320628352176,5.476932218253277,0.539274444934865,0.06126358392475195,11.360371952376555,0.6958354293515819,0.03666824087547116,5.2696713621888325,0.9036321446164903,0.0,0.0,107.208,-19.02499999999999,-17.74587717168999,1.0846548898710209,-0.24066875722310066,-22.188509658852713,0.9623259128345847,-0.36178788397496775,-37.59515101799413,0.9564102232057753,-0.2239065529787222,-23.41114149607262,0.9036321446164903,0.0,0.0,114.489,-26.305999999999997,-22.976879872915575,82.45614035087719,0.8787341999524251,71.9298245614035,0.5795418683698812,77.19298245614034,0.7654345816075377,84.21052631578947,0.9832361447443613,94.73684210526315,1.8147390856213217,EU 2 1/2,100.0,1.1433943791592671,100.0,1.1494250767551182,100.0,1.118315083915104,100.0,1.0576339272482023,100.0,1.1523861631034662,0.9827601389779352,0.004645485674506622,rising,98.24561403508771,100.0,1.0,1.0,1.0,1,1,0.9955251833656613,0.7664009623237853,0.9141012303234066,1.2267254066047846,Top Quartile,Top Decile,Top Decile,Top Decile,Tight,13.17323252667464,"['YAS_RISK', 'REL_SPRD_LOG', 'Cpn']","[0.5514446817357469, 0.3149277679764317, 0.06721922340387991]",0.9335916731160584,0.9919762040620697,88.09531535369386
2026-06-01,EU000A3K4DV0,EU 3 3/8 11/04/42,2042-11-04,5.618020309399093,WEAK BUY,0.8581943526130679,0.9871113875694543,1.2771371278681087,0.08169192619096104,0.9921664136966396,62.208,1.046716338826956,-0.05454992513031642,-5.211528910525756,0.943171849454781,-0.08497749684171318,-9.009757446626544,1.325167715295054,-0.048030587426945326,-3.6244911878042547,0.08169192619096104,0.0,0.0,63.859,-1.6510000000000034,-2.585383422448621,1.0541507151211318,-0.06198430142449218,-5.880022652108844,0.9613733137905777,-0.1031789611775098,-10.73245518927941,1.3349864022927649,-0.05784927442465615,-4.3333230879334,0.08169192619096104,0.0,0.0,64.467,-2.2590000000000003,-3.504118385607503,0.9300709265715082,0.062095487125131354,6.676424849273543,0.7826606610082107,0.07553369160485712,9.650886316742586,1.228271445928471,0.048865681939637806,3.9784106114148376,0.08169192619096104,0.0,0.0,58.414,3.793999999999997,6.49501831641472,1.218086511444848,-0.22592009774820843,-18.547130583156818,1.2008261002846379,-0.34263174767157,-28.53300280007688,1.4458515253261939,-0.16871439745808514,-11.668860414497678,0.08169192619096104,0.0,0.0,83.06,-20.852000000000004,-25.10474355585063,1.0435427856324975,-0.05137637193585787,-4.92326449388387,0.9558324989617083,-0.09763814634864043,-10.214984888377753,1.3320256126568573,-0.054888484788748526,-4.120677849970183,0.08169192619096104,0.0,0.0,87.435,-25.227000000000004,-28.852290269474214,85.96491228070175,1.0318309206326515,84.21052631578947,0.8281899474081795,89.47368421052632,1.345216095174132,49.122807017543856,0.10550061628921703,82.45614035087719,0.9506630732226714,EU 3 3/8,85.71428571428571,0.8740431268513866,85.71428571428571,1.027423573080251,100.0,0.9081288137351647,85.71428571428571,0.9943003732753077,85.71428571428571,0.5773193054788388,0.9402544247503165,0.04685696281913776,rising,96.49122807017544,85.71428571428571,1.0,1.0,1.0,1,1,1.17031146924856,1.0952195299812453,1.5937566831768537,0.11090083721564185,Top Quartile,Top Quartile,Top Quartile,Top Quartile,Tight,11.6055739575053,"['YAS_RISK', 'Cpn', 'REL_SPRD_LOG']","[0.5813317334576488, 0.22147853825182212, 0.09355491779856548]",0.8963651895080365,0.1064384191246308,62.31433428570704
2026-06-01,EU000A3K4DW8,EU 2 3/4 02/04/33,2033-02-04,-2.0226838348383662,NO ACTION,-0.4674453535112358,0.9858240920741476,-0.6932557218812411,-0.4242327657483898,-0.6890378386645702,14.848,-0.6910604440158189,0.002022605351248652,0.2926813912581884,-0.4736874959071779,0.0062421423959421185,1.3177764492621653,-0.6968238529809245,0.003568131099683458,0.5120563874519801,-0.4242327657483898,0.0,0.0,14.7,0.14800000000000146,1.0068027204035455,-0.7011837911317345,0.012145952467164212,1.7322066550254342,-0.48957897723166066,0.022133623720424878,4.520950510065828,-0.7050229627418995,0.01176724086065839,1.6690577918184002,-0.4242327657483898,0.0,0.0,16.641,-1.7929999999999975,-10.774592866549716,-1.2129578555071197,0.5239200168425494,43.19358748900204,-1.260587903857057,0.7931425503458214,62.91846380781332,-1.1275554802696712,0.43429975838843016,38.51692995477865,-0.4242327657483898,0.0,0.0,12.997,1.8510000000000009,14.241748084756681,0.4096815394332413,-1.0987193780978115,-268.1886405716328,0.1413849817275,-0.6088303352387358,-430.61878619491097,0.6023807616130623,-1.2956364834943033,-215.08596299062344,-0.4242327657483898,0.0,0.0,31.242,-16.394,-52.47423338695529,0.49992131438453696,-1.1889591530491073,-237.82925333558404,0.27988021028158766,-0.7473255637928234,-267.01621252153467,0.6644055086011781,-1.3576612304824192,-204.34225672008313,-0.4242327657483898,0.0,0.0,41.687,-26.839,-64.38218147998604,26.31578947368421,-0.705153622847383,29.82456140350877,-0.4511024123637111,24.561403508771928,-0.7523365482063957,29.82456140350877,-0.4347674797148068,35.08771929824561,-0.6247994848986014,EU 2 3/4,33.33333333333333,-0.8372101973009312,33.33333333333333,-0.9754119310780326,33.33333333333333,-1.002297479274822,100.0,0.7627754189030275,33.33333333333333,-0.6001435401042741,0.9701766371876246,0.01564745488652297,rising,89.47368421052632,100.0,-1.0,-1.0,-1.0,1,1,0.812755677075301,0.5965493466668346,0.8651231851220007,0.5759169980375538,Below Median,Below Median,Below Median,Below Median,Very Tight,5.895030692022374,"['GREEN_BOND_LOAN_INDICATOR', 'REL_SPRD_LOG', 'YAS_RISK']","[0.3794665499779983, 0.3534108013953666, 0.14057400957491217]",0.873451360948277,-0.438632160221549,14.597689274902493
2026-06-01,EU000A3K4DY4,EU 3 03/04/53,2053-03-04,4.271104803522334,WEAK BUY,0.6351062685129119,0.9835649918528512,0.7119299781416437,0.6862613914708358,0.8177842399864999,89.415,0.8010445487940219,0.01673969119247798,2.089732838043329,0.6102786093864384,0.024827659126473445,4.068249867811962,0.6982394893123616,0.013690488829282144,1.9607153194233173,0.6862613914708358,0.0,0.0,91.765,-2.3499999999999943,-2.560889227640065,0.8611556860127754,-0.04337144602627552,-5.0364232887373355,0.6972677851499687,-0.062161516637056824,-8.91501329466781,0.7514577850757265,-0.039527806934082754,-5.260149963591691,0.6862613914708358,0.0,0.0,90.64,-1.2249999999999943,-1.351500441157154,0.9018368008208694,-0.08405256083436952,-9.320151919487877,0.7585095365139798,-0.12340326800106793,-16.269177964630078,0.792352110303305,-0.08042213216166127,-10.149797053723592,0.6862613914708358,0.0,0.0,83.461,5.954000000000008,7.133870908911493,0.8010219609855798,0.01676227900092009,2.0926116396402623,0.6099101635101113,0.025196105002800562,4.131117350903288,0.6980876539464176,0.01384232419522613,1.9828919647387737,0.6862613914708358,0.0,0.0,108.931,-19.51599999999999,-17.915928430114842,1.0040957591728208,-0.18631151918632094,-18.555154289695427,0.9070964424992599,-0.27199017398634806,-29.98470264512141,0.8846933186915686,-0.17276334054992493,-19.528048301826352,0.6862613914708358,0.0,0.0,115.226,-25.810999999999993,-22.400326313297313,78.94736842105263,0.8516629606911102,73.68421052631578,0.612901524598432,73.68421052631578,0.743533161175903,78.94736842105263,0.7511097338376532,96.49122807017544,1.855722402167044,EU 3 03/04/53,100.0,0.0,100.0,0.0,100.0,0.0,100.0,0.0,100.0,0.0,0.9824657687452216,0.0010992231076295544,rising,84.21052631578947,100.0,1.0,1.0,1.0,1,1,0.9646186992573857,0.8105166233859719,0.8884270419036567,0.9316338396156953,Top Quartile,Top Decile,Top Decile,Top Decile,Tight,14.12773327718213,"['YAS_RISK', 'REL_SPRD_LOG', 'Cpn']","[0.6066031506905681, 0.20720476850965666, 0.10993881799781678]",0.9237467371980416,0.7577864042010642,89.30085664947603
2026-06-01,EU000A3K4EL9,EU 4 04/04/44,2044-04-04,6.016825117733809,WEAK BUY,0.9323621725560909,0.98262239303119,1.4351850908686294,0.47636096714655773,1.143391547944854,67.208,1.165873435246153,-0.022481887301299075,-1.9283299909581897,0.9712485547231648,-0.03888638216707396,-4.003751828262186,1.4564926538894345,-0.021307563020805054,-1.4629365151696059,0.47636096714655773,0.0,0.0,68.793,-1.585000000000008,-2.304013489409688,1.2070430072846197,-0.06365145933976568,-5.2733381021462575,1.0368835290690286,-0.1045213565129377,-10.08033714247048,1.4892384811446862,-0.05405339027605671,-3.6295993286145323,0.47636096714655773,0.0,0.0,69.482,-2.274000000000001,-3.2727900746563456,1.2565536419321277,-0.11316209398727373,-9.005751072647882,1.1214701537135399,-0.18910798115744898,-16.862506669928077,1.528918123444713,-0.09373303257608345,-6.130677014399668,0.47636096714655773,0.0,0.0,64.593,2.614999999999995,4.0484262994367075,1.521542151854513,-0.37815060390965893,-24.853113728294897,1.5264528032461466,-0.5940906306900557,-38.919685268663216,1.677640864386841,-0.24245577351821157,-14.452185638766487,0.47636096714655773,0.0,0.0,89.655,-22.447000000000003,-25.037086606989345,1.4974448520053112,-0.3540533040604572,-23.64382910141512,1.5098383006916776,-0.5774761281355867,-38.24754770403441,1.6727568267823096,-0.2375717359136802,-14.202407109611324,0.47636096714655773,0.0,0.0,96.418,-29.210000000000008,-30.295173097316365,91.22807017543859,1.188073518999816,89.47368421052632,0.8997646935143057,92.98245614035088,1.5134637228565109,68.42105263157895,0.5269607559227567,84.21052631578947,1.1169914682945963,EU 4 04/04/44,100.0,0.0,100.0,0.0,100.0,0.0,100.0,0.0,100.0,0.0,0.9477231101241648,0.034899282907025264,rising,77.19298245614034,100.0,1.0,1.0,1.0,1,1,1.3486893165594158,1.1898718015213672,1.7909868723226672,0.6466836141176882,Top Decile,Top Decile,Top Quartile,Top Decile,Tight,12.802706858681743,"['YAS_RISK', 'Cpn', 'REL_SPRD_LOG']","[0.5260062360511114, 0.22080375840503558, 0.16743014538814485]",0.914240139844292,0.5316449493278586,67.32420859748174
2026-06-01,EU000A3K4EN5,EU 3 1/8 12/05/28,2028-12-05,0.5185009643526026,NO ACTION,-0.5322101515286732,0.9697472490754314,-0.46249127154071573,0.5884373651463792,-0.5801845765848938,-5.023,-0.5388178304462412,-0.041366746138652544,-7.677315603431616,-0.46900692758290247,-0.06320322394577077,-13.475967812224281,-0.4276197491622484,-0.03487152237846736,-8.154796786468497,0.5884373651463792,0.0,0.0,-7.009,1.9860000000000007,28.334997819467837,-0.46344502388845105,-0.1167395526964427,-25.18951421638091,-0.3544970309401581,-0.17771312058851513,-50.13105895530296,-0.3698210865262401,-0.09267018501447566,-25.058112120950998,0.5884373651463792,0.0,0.0,-4.311,-0.7119999999999997,-16.515889546472067,-0.25408203248634004,-0.3261025440985537,-128.34537258416665,-0.03580478105385998,-0.49640537047481326,-1386.4216376185154,-0.2251979004645993,-0.23729337107611642,-105.37103589751935,0.5884373651463792,0.0,0.0,-4.15,-0.8729999999999993,-21.036144527623733,0.5701886763572372,-1.1503732529421309,-201.75308287709407,0.352413713158768,-0.8846238646874413,-251.01856328361652,0.4306043509417733,-0.8930956224824891,-207.40515040981072,0.5884373651463792,0.0,0.0,6.383,-11.405999999999999,-178.69340407536674,1.0017258616148046,-1.5819104381996985,-157.91849676894373,0.983098061397723,-1.5153082129263962,-154.13601725125974,0.799336537136728,-1.2618278086774437,-157.85939141621728,0.5884373651463792,0.0,0.0,20.86,-25.883,-124.07957808049876,33.33333333333333,-0.5926887432979611,26.31578947368421,-0.513602887344285,38.59649122807017,-0.5066796565507051,77.19298245614034,0.6466451736218468,8.771929824561402,-1.2858217925934454,EU 3 1/8,33.33333333333333,-0.6301638452298669,33.33333333333333,-0.7753594197708572,66.66666666666666,-0.4747628218967229,100.0,0.8264598998901498,33.33333333333333,-0.8886890465962801,0.9810264204119213,-0.011279171336489924,falling,35.08771929824561,33.33333333333333,-1.0,-1.0,-1.0,1,1,0.6843576388849902,0.6792015704061453,0.577149108615608,0.7988328772069084,Below Median,Below Median,Bottom Decile,Below Median,Very Tight,2.409712111401064,"['YAS_RISK', 'REL_SPRD_LOG', 'Cpn']","[0.4080043161324293, 0.3996765094951296, 0.11163536488253265]",0.9193161905100916,0.6523932507294414,-5.737038487453862
2026-06-01,EU000A3K4ES4,EU 3 12/04/34,2034-12-04,-1.7886456822578405,NO ACTION,-0.7229955615429897,0.9771645286733209,-0.4939085393439576,-0.26443942094301665,-0.7349445126426699,23.766,-0.641875781737768,-0.09306873090490186,-14.4994922854053,-0.59656169385734,-0.12643386768564968,-21.19376199781753,-0.41540965515091993,-0.07849888419303769,-18.89673996018334,-0.26443942094301665,0.0,0.0,23.785,-0.019000000000001904,-0.07988227871353237,-0.6034565280286777,-0.13148798461399225,-21.789139122351113,-0.5440942409070256,-0.1789013206359641,-32.88057544032653,-0.3844099346040242,-0.10949860473993345,-28.48485224614222,-0.26443942094301665,0.0,0.0,25.501,-1.735000000000003,-6.803654755968933,-0.7971641823746809,0.062219669732010985,7.80512601132574,-0.826264899766842,0.10326933822385231,12.498332798980073,-0.5631960780030604,0.06928753865910275,12.302560357757002,-0.26443942094301665,0.0,0.0,22.623,1.1429999999999971,5.052380318679039,0.565023267438355,-1.2999677800810248,-230.0733141428591,0.5346721257439376,-1.2576676872869275,-235.22222371603877,0.440258549626378,-0.9341670889703356,-212.1860140012063,-0.26443942094301665,0.0,0.0,42.204,-18.438000000000002,-43.68780209371439,0.8702531699554933,-1.6051976825981633,-184.4518031729866,0.9796638469443069,-1.7026594084872966,-173.80037003693312,0.7125499725525817,-1.2064585118965394,-169.31563278896164,-0.26443942094301665,0.0,0.0,54.389,-30.623000000000005,-56.303664333541036,21.052631578947366,-0.7525834238549314,21.052631578947366,-0.6977180102239677,36.84210526315789,-0.5401244455616209,40.35087719298245,-0.26412697228833265,42.10526315789473,-0.3281361594483161,EU 3 12/04/34,100.0,0.0,100.0,0.0,100.0,0.0,100.0,0.0,100.0,0.0,0.9346131653743472,0.04255136329897369,rising,54.385964912280706,100.0,-1.0,-1.0,-1.0,1,1,0.8669049672850493,0.922680109325602,0.6163551417313758,0.3589896155324708,Bottom Quartile,Top Decile,Below Median,Top Decile,Very Tight,7.271821513885612,"['REL_SPRD_LOG', 'Cpn', 'GREEN_BOND_LOAN_INDICATOR']","[0.6255256377782994, 0.18718850730014785, 0.06797441414498295]",0.8806885592234301,-0.2664748166160113,23.44248700207827
2026-06-01,EU000A3K4EU0,EU 3 1/4 02/04/50,2050-02-04,4.504579710537215,NO ACTION,0.6632513355124472,0.9855067970988636,0.42121586414757056,0.409376005816736,0.7012653887750141,82.259,0.6893422676926955,0.011923121082318633,1.7296372887829587,0.64737600225726,0.015875333255187196,2.4522584950025172,0.4112959535725639,0.009919910575006685,2.4118667464764805,0.409376005816736,0.0,0.0,84.46,-2.2009999999999934,-2.6059673215005885,0.757989615704323,-0.056724226929308896,-7.483509668961605,0.7433279962789707,-0.08007666076652353,-10.772722148245116,0.47321947698338357,-0.05200361283581301,-10.989321924868035,0.409376005816736,0.0,0.0,83.735,-1.475999999999999,-1.7627037676285051,0.7617689592954552,-0.060503570520441086,-7.942509206748028,0.7616291421957948,-0.09837780668334761,-12.916759606656608,0.48658098918645376,-0.0653651250388832,-13.433554772621903,0.409376005816736,0.0,0.0,76.625,5.634,7.3526916793014445,0.648892129366548,0.052373259408466044,8.071181053232221,0.5880423012288286,0.07520903428361858,12.789731767167348,0.37569056025870057,0.045525303888869995,12.11776592037465,0.409376005816736,0.0,0.0,101.316,-19.057000000000002,-18.80946740704238,0.6791943874402236,0.022071001334790452,3.2495853054696218,0.6382848497298449,0.0249664857826023,3.911495847350884,0.4059311039758765,0.015284760171694056,3.765358122462717,0.409376005816736,0.0,0.0,105.046,-22.787000000000006,-21.692401422072965,70.17543859649122,0.7312781571824665,77.19298245614034,0.6400625767390936,63.1578947368421,0.43405773938178394,63.1578947368421,0.4554286917733668,92.98245614035088,1.6176732031401049,EU 3 1/4,100.0,0.8092075371827899,100.0,0.9017281794068462,100.0,0.8071368700843533,100.0,1.1531522889381967,100.0,1.1231652032675512,0.987226168898666,-0.001719371799802416,falling,87.71929824561403,100.0,1.0,1.0,1.0,1,1,0.8271787032305074,0.846435092153174,0.525640969866653,0.5557482103549038,Above Median,Top Decile,Top Decile,Top Decile,Tight,13.839680449149938,"['YAS_RISK', 'GREEN_BOND_LOAN_INDICATOR', 'Cpn']","[0.49008034381230736, 0.30721638190102907, 0.11390959912953691]",0.9112063248428732,0.4594770313328533,82.42389360645787
2026-06-01,EU000A3K4EY2,EU 3 3/8 10/05/54,2054-10-05,2.656400066894193,NO ACTION,0.44045591581368365,0.9867680178146905,0.7578475233925357,0.3887417163144018,0.6793942697349875,91.303,0.6885579845876858,-0.00916371485269829,-1.330855922773157,0.4548283735101313,-0.014372457696447627,-3.1599737873719307,0.7643511382338029,-0.006503614841267158,-0.8508674130071177,0.3887417163144018,0.0,0.0,93.955,-2.652000000000001,-2.8226278534593563,0.7666585074753123,-0.08726423774032477,-11.38241286716479,0.5771712127716143,-0.13671529695793067,-23.687129843621584,0.8333350061610175,-0.07548748276848183,-9.05847963958544,0.3887417163144018,0.0,0.0,92.969,-1.6659999999999968,-1.7919951809966737,0.972704889918606,-0.29331062018361853,-30.154121790500092,0.8687816206869517,-0.4283257048732681,-49.30188320563223,1.0189031292388848,-0.2610556058463491,-25.621238741236606,0.3887417163144018,0.0,0.0,87.726,3.576999999999998,4.077468480943223,0.9060118084978652,-0.2266175387628777,-25.012647090917795,0.7704951955098462,-0.3300392796961626,-42.834696093633895,0.9555371698515973,-0.19768964645906162,-20.68884922821783,0.3887417163144018,0.0,0.0,114.168,-22.86500000000001,-20.027503326674076,1.34701189679435,-0.6676176270593626,-49.56286011221492,1.4462948114898968,-1.0058388956762132,-69.54591005449711,1.2722404373164151,-0.5143929139238794,-40.43205158340217,0.3887417163144018,0.0,0.0,122.766,-31.463000000000008,-25.62843132254628,68.42105263157895,0.7086813812893635,64.91228070175438,0.4250565861248731,78.94736842105263,0.7924140066533951,61.40350877192983,0.4333936962899712,98.24561403508771,1.9185280041462025,EU 3 3/8,57.14285714285714,0.4226761882259843,57.14285714285714,0.10199307134221124,57.14285714285714,0.3297700218418426,100.0,1.575549387940176,100.0,1.7335190827574436,0.9563599921929714,0.03040802562171907,rising,92.98245614035088,57.14285714285714,1.0,1.0,1.0,1,1,0.8013805900264156,0.5621056811037048,0.9457281672267022,0.5277361400334184,Above Median,Above Median,Top Decile,Top Decile,Tight,15.199399707132244,"['YAS_RISK', 'Cpn', 'REL_SPRD_LOG']","[0.7168814588495669, 0.149818689542264, 0.04357162911693929]",0.91027177750877,0.4372461651335368,91.12667535760124
2026-06-01,EU000A3K7MW2,EU 1 5/8 12/04/29,2029-12-04,-0.6313788832480567,NO ACTION,0.11768516914435033,0.962438033924212,0.5712038998058986,1.1476848336421033,0.5853599203752599,-0.454,-0.42714111607951855,1.0125010364547784,237.0413370746901,-0.1871974955922981,0.30488266473664843,162.86684150624296,-0.5413191323599653,1.112523032165864,205.52072614976186,1.1476848336421033,0.0,0.0,-2.431,1.977,81.32455746061474,-0.42522251800098443,1.0105824383762443,237.65966566425774,-0.18843674608153566,0.306121915225886,162.453399003233,-0.5420023915067131,1.1132062913126117,205.3877045965125,1.1476848336421033,0.0,0.0,-0.146,-0.30800000000000005,-210.95888966035008,0.5964268146667719,-0.011066894291512086,-1.8555326209037029,0.13193083646263637,-0.01424566731828604,-10.797829090197265,0.5785173032655335,-0.007313403459634937,-1.2641632829194447,1.1476848336421033,0.0,0.0,-0.265,-0.189,-71.32075202563199,-0.6874685304017479,1.2728284507770078,185.14715597504764,-0.5800160191677831,0.6977011883121335,120.2899839359969,-0.7371614485333752,1.3083653483392736,177.4869444398709,1.1476848336421033,0.0,0.0,11.575,-12.029,-103.92224613052075,0.8201639018208167,-0.2348039814455568,-28.62890918039503,0.4760854061220631,-0.3584002369777128,-75.28065864672966,0.7398423795810121,-0.16863847977511348,-22.79383854588501,1.1476848336421033,0.0,0.0,24.802,-25.256,-101.83049749946356,64.91228070175438,0.6115270877734823,57.89473684210527,0.11357063088053941,70.17543859649122,0.5937252903022003,91.22807017543859,1.243855726522624,17.543859649122805,-1.1338309051767204,EU 1 5/8,100.0,0.0,100.0,0.0,100.0,0.0,100.0,0.0,100.0,0.0,0.9708029264964378,-0.008364892572225835,falling,21.052631578947366,100.0,1.0,-1.0,-1.0,0,0,0.6904622238735139,0.15018870171259627,0.712813066747165,1.558039023502508,Above Median,Top Decile,Bottom Quartile,Top Decile,Very Tight,3.211647250583382,"['REL_SPRD_LOG', 'YAS_RISK', 'GREEN_BOND_LOAN_INDICATOR']","[0.4689118735001393, 0.4295876788426258, 0.04614550789785687]",0.944645060240622,1.254912452712552,-1.1029366468700723
2026-06-01,EU000A3KM903,EU 0.2 06/04/36,2036-06-04,-2.982923700925113,WEAK SELL,-0.7413682739296592,0.9784969802647396,-0.8901355797219349,0.2952559856457027,-0.8130325446321053,29.229,-0.8676177419031244,0.05458519727101907,6.291387785840727,-0.823173971113821,0.08180569718416175,9.93783805866556,-0.9450999821936555,0.05496440247172063,5.815723513460591,0.2952559856457027,0.0,0.0,28.414,0.8149999999999977,2.8683043559976324,-1.1368590634999036,0.32382651886779834,28.48431493543653,-1.224189663899332,0.4828213899696727,39.44008026401441,-1.1455479711340328,0.2554123914120979,22.29608847629874,0.2952559856457027,0.0,0.0,27.811,1.4179999999999993,5.09870195063151,-1.2688424516039316,0.45580990697182633,35.92328604731917,-1.4451193719844635,0.7037510980548043,48.69847479925159,-1.2270076449629779,0.33687206524104296,27.45476475867686,0.2952559856457027,0.0,0.0,23.245,5.983999999999998,25.743170563242334,-1.2567959989120894,0.4437634542799841,35.309107534811126,-1.42085291635748,0.6794846424278207,47.822306575372146,-1.219061594145243,0.32892601442330804,26.981902580217653,0.2952559856457027,0.0,0.0,42.495,-13.265999999999998,-31.217790320927683,-0.3758071070410507,-0.4372254375910546,-116.34304348294047,-0.09736255053280944,-0.6440057233968498,-661.4510956496789,-0.5526561730171158,-0.33747940670481913,-61.064983451812274,0.2952559856457027,0.0,0.0,54.419,-25.189999999999998,-46.28897994334902,19.298245614035086,-0.8332623207860591,19.298245614035086,-0.7154483712534138,17.543859649122805,-0.9619220967403657,59.64912280701754,0.3335619258375068,49.122807017543856,-0.14640575499273087,EU 0.2 06/04/36,100.0,0.0,100.0,0.0,100.0,0.0,100.0,0.0,100.0,0.0,0.9803786732106424,-0.001881692945902791,falling,56.14035087719298,100.0,-1.0,-1.0,-1.0,1,1,0.9590138294544422,0.9461271914036185,1.110812220676309,0.40082462891738013,Bottom Quartile,Top Decile,Below Median,Top Decile,Very Tight,7.045412067012791,"['REL_SPRD_LOG', 'Cpn', 'GREEN_BOND_LOAN_INDICATOR']","[0.4574797518221267, 0.3518225100457454, 0.09673545464435909]",0.9060377165122312,0.3365269826384921,28.856892685202048
2026-06-01,EU000A3KNYG5,EU 0.45 05/02/46,2046-05-02,-10.453728394457514,STRONG SELL,-2.1307529697991043,0.9734596939588112,-1.1071336235502063,1.2761991548541534,-1.5940655441824392,57.048,-1.6118624497530432,0.017796905570603982,1.104120606750199,-2.176637142851297,0.04588417305219261,2.1080304079201446,-1.1095882952996337,0.002454671749427373,0.2212236500423923,1.2761991548541534,0.0,0.0,57.307,-0.25900000000000034,-0.4519517684659905,-0.9537526310557942,-0.640312913126645,-67.13616147031847,-1.0574214982915864,-1.073331471507518,-101.50459992455009,-0.8308438693208107,-0.2762897542293956,-33.25411200660875,1.2761991548541534,0.0,0.0,56.284,0.7640000000000029,1.3574017480354323,-0.6287587528092434,-0.9653067913731957,-153.52577943570645,-0.6049062309993117,-1.5258467387997925,-252.24516385862987,-0.5631075073729264,-0.5440261161772799,-96.61141067967495,1.2761991548541534,0.0,0.0,54.588,2.460000000000001,4.506484940919895,-0.9439221580085307,-0.6501433861739084,-68.87680024991559,-1.0399824631135748,-1.0907705066855296,-104.88354706785606,-0.8229737361860477,-0.28415988736415854,-34.52842677923278,1.2761991548541534,0.0,0.0,72.712,-15.664000000000001,-21.54252392706259,-0.6895199488079664,-0.9045455953744728,-131.1848313917178,-0.6695239973571009,-1.4612289724420036,-218.24892855001607,-0.6016989962170213,-0.505434627333185,-84.00124017337738,1.2761991548541534,0.0,0.0,85.211,-28.162999999999997,-33.05089718075707,7.017543859649122,-1.6402090354766794,5.263157894736842,-2.056257052524994,12.280701754385964,-1.1929241634085912,94.73684210526315,1.3810939138194938,73.68421052631578,0.7790121695084451,EU 0.45 05/02/46,100.0,0.0,100.0,0.0,100.0,0.0,100.0,0.0,100.0,0.0,0.9443944165748261,0.02906527738398501,rising,43.859649122807014,100.0,-1.0,-1.0,-1.0,1,1,1.8802825446791018,2.7192468221026402,1.3816070124344315,1.7325035817662016,Bottom Decile,Top Decile,Above Median,Top Decile,Tight,9.57678165503637,"['REL_SPRD_LOG', 'YAS_RISK', 'Cpn']","[0.6931051254521361, 0.1576834334857326, 0.0996770417322758]",0.9504656006701444,1.3933705604771964,57.099714619602345
2026-06-01,EU000A3KP2Z3,EU 0 1/4 04/22/36,2036-04-22,-3.371012285673917,MODERATE SELL,-1.4885936345823074,0.9859366860459474,-0.9233875248636664,-0.1905055527845541,-1.2437075081302889,28.333,-1.364435004083279,0.12072749595299004,8.848167535051353,-1.703523756116865,0.2149301215345576,12.616796185032678,-0.978731515750247,0.055343990886580596,5.654665189634781,-0.1905055527845541,0.0,0.0,27.989,0.34399999999999764,1.2290542708817471,-0.964688963004106,-0.27901854512618285,-28.923161032648732,-1.0496148663373228,-0.4389787682449846,-41.822841705218615,-0.7518135613469693,-0.17157396351669707,-22.821344287427607,-0.1905055527845541,0.0,0.0,28.283,0.04999999999999716,0.17678464088787854,-0.892359872920489,-0.35134763520979984,-39.372863116607135,-0.9471039426824192,-0.5414896918998883,-57.17320578868489,-0.7003919840806081,-0.22299554078305828,-31.83867643658327,-0.1905055527845541,0.0,0.0,25.579,2.753999999999998,10.766644508867952,-0.6774740195898241,-0.5662334885404647,-83.58010252928663,-0.62770326527046,-0.8608903693118474,-137.14925558432262,-0.5007790896529226,-0.42260843521074376,-84.39019030619349,-0.1905055527845541,0.0,0.0,46.209,-17.876000000000005,-38.68510462492478,-0.333732594997472,-0.9099749131328169,-272.665870672034,-0.1178197041752413,-1.370773930407066,-1163.4503953796905,-0.2449364980373167,-0.6784510268263497,-276.9905688060948,-0.1905055527845541,0.0,0.0,53.756,-25.423000000000002,-47.293325387437065,10.526315789473683,-1.2782265503313501,10.526315789473683,-1.4365490523015816,14.035087719298245,-0.9973199644490592,43.859649122807014,-0.18517429253856965,47.368421052631575,-0.17621180338961986,EU 0 1/4,100.0,0.0,100.0,0.0,100.0,0.0,100.0,0.0,100.0,0.0,0.9723836957770803,0.013552990268867138,rising,91.22807017543859,100.0,-1.0,-1.0,-1.0,1,1,1.4670171667395897,1.899729141582192,1.1523077724395943,0.2586207264674996,Bottom Quartile,Top Decile,Below Median,Top Decile,Very Tight,7.02114683463293,"['REL_SPRD_LOG', 'Cpn', 'GREEN_BOND_LOAN_INDICATOR']","[0.4703353637604602, 0.3223474581162072, 0.09135427519584238]",0.8840370970725098,-0.1868203206159066,27.77289748681093
2026-06-01,EU000A3KRJQ6,EU 0 07/04/29,2029-07-04,-3.876613751022158,WEAK SELL,-1.241390170498619,0.9810880654108562,-1.2108624843842681,1.0821384540276318,-1.1646787275998314,-6.074,-1.1517544755618085,-0.012924252038022832,-1.1221360281239605,-1.2226140897756161,-0.018776080723002853,-1.5357323890219152,-1.203447857347337,-0.007414627036931076,-0.6161153497471012,1.0821384540276318,0.0,0.0,-7.587,1.513,19.942006036718062,-1.3275116529165503,0.1628329253167189,12.266025969140948,-1.510359165873585,0.2689689953749661,17.808280286667287,-1.3058101998879035,0.09494771550363534,7.2711727006473685,1.0821384540276318,0.0,0.0,-5.83,-0.24399999999999977,-4.185248706371782,-0.9355221689392598,-0.2291565586605716,-24.49504285621538,-0.900918185841508,-0.34047198465711104,-37.79166479583545,-1.0503218907928333,-0.1605405935914348,-15.284894418582635,1.0821384540276318,0.0,0.0,-6.247,0.17300000000000004,2.7693292736204116,-0.9892308011091091,-0.17544792649072227,-17.735792751341112,-0.9750150886989761,-0.26637508179964287,-27.320098135411836,-1.0915704985409478,-0.11929198584332035,-10.928472774770407,1.0821384540276318,0.0,0.0,8.126,-14.2,-174.7477231420776,0.9012217351367661,-2.0659004627365976,-229.23331287607627,0.5652961272628113,-1.8066862977614302,-319.59997223923807,0.9018001032545905,-2.1126625876388587,-234.27171460583142,1.0821384540276318,0.0,0.0,22.802,-28.875999999999998,-126.63801415374176,12.280701754385964,-1.196575691978663,12.280701754385964,-1.1979883774437077,8.771929824561402,-1.3033471921284807,89.47368421052632,1.1738598985298825,7.017543859649122,-1.3207840212375639,EU 0 07/04/29,100.0,0.0,100.0,0.0,100.0,0.0,100.0,0.0,100.0,0.0,0.9592794036650759,0.021808661745780333,rising,66.66666666666666,100.0,-1.0,-1.0,-1.0,1,1,1.3737986431343345,1.5842504147423968,1.5110516598299464,1.4690565656925771,Bottom Quartile,Top Decile,Bottom Decile,Top Decile,Very Tight,2.7621353431186435,"['YAS_RISK', 'REL_SPRD_LOG', 'Cpn']","[0.46989358440126194, 0.2851225058572046, 0.18666030976626105]",0.9416764000247276,1.1842944265918036,-6.619007523313246
2026-06-01,EU000A3KRJR4,EU 0 3/4 01/04/47,2047-01-04,-14.609966624076591,MODERATE SELL,-1.6409799591128837,0.9441250672240075,-1.6654069582318956,1.3372292031534592,-1.4959875278398966,54.843,-1.528008406245025,0.03202087840512835,2.0955956828966587,-1.7006482859408467,0.05966832682796297,3.5085635854503803,-1.6780599053938938,0.012652947161998274,0.7540223710682122,1.3372292031534592,0.0,0.0,54.223,0.6200000000000045,1.1434262211343191,-1.472328291989993,-0.023659235849903704,-1.6069266493027388,-1.6017894458423878,-0.03919051327049594,-2.4466706986709115,-1.654829094404465,-0.010577863827430534,-0.6392118557303996,1.3372292031534592,0.0,0.0,53.015,1.828000000000003,3.448080731217947,-1.5241439075314454,0.028156379691548716,1.847357022370416,-1.7232690779536222,0.08228911884073842,4.775175241984788,-1.6827161899495093,0.017309231717613782,1.0286483079043962,1.3372292031534592,0.0,0.0,46.156,8.687000000000005,18.820955018021294,-1.33209700369767,-0.1638905241422266,-12.303197323991814,-1.3681951180847152,-0.2727848410281686,-19.93756851115453,-1.5833652488334984,-0.08204170939839717,-5.181477169635463,1.3372292031534592,0.0,0.0,71.06,-16.217,-22.82155924249626,-1.236369663376699,-0.2596178644631977,-20.998401210711105,-1.2145305878910797,-0.42644937122180404,-35.11227893000753,-1.5243012914812903,-0.1411056667506052,-9.257071854067243,1.3372292031534592,0.0,0.0,83.859,-29.01599999999999,-34.60093728346379,8.771929824561402,-1.5388769110766178,8.771929824561402,-1.5836076081105657,5.263157894736842,-1.7872258068800446,96.49122807017544,1.4462668308939826,71.9298245614035,0.7056613472817262,EU 0 3/4,50.0,-0.7071067700295558,50.0,-0.7071067747039719,50.0,-0.7071067718681603,100.0,0.7071067773369759,100.0,0.7071067809805277,0.9422606707396364,0.0018643964843710892,rising,10.526315789473683,100.0,-1.0,-1.0,-1.0,1,1,1.7645944647135967,2.0942031301603894,2.0782838521983886,1.815354896054993,Bottom Decile,Above Median,Above Median,Top Decile,Tight,10.125770766181574,"['REL_SPRD_LOG', 'YAS_RISK', 'Cpn']","[0.6817341214328553, 0.1946581243431183, 0.0768374660079486]",0.9532297117839222,1.4591228044653506,54.94758699215553
2026-06-01,EU000A3KSXE1,EU 0 07/04/31,2031-07-04,-3.410156563000891,WEAK SELL,-0.8951078890835203,0.9700359689600898,-1.1547846225622918,0.5683699390801447,-0.9673203045161499,5.359,-1.0287151475301062,0.06139484301395626,5.968109108196891,-0.9822752082966253,0.08716731921310494,8.874022024526159,-1.2030429630381532,0.048258340475861417,4.011356332017822,0.5683699390801447,0.0,0.0,4.661,0.6980000000000004,14.975327150878947,-0.9545072871451726,-0.012813017370977287,-1.3423697659828924,-0.8712726466119662,-0.023835242471554108,-2.7356812234002508,-1.1417267810911091,-0.013057841471182607,-1.1436923065196427,0.5683699390801447,0.0,0.0,7.464,-2.1050000000000004,-28.202036403802204,-1.3029124717871563,0.3355921672710064,25.757076700246756,-1.4188258997639007,0.5237180106803804,36.9120698372029,-1.3847392842844488,0.22995466172215706,16.606350572364164,0.5683699390801447,0.0,0.0,5.12,0.23899999999999988,4.667968740882871,-0.7357473687797336,-0.23157293573641635,-31.47451726168421,-0.5592049813807397,-0.33590290770278064,-60.06793803349264,-0.9439359110547516,-0.21084871150754014,-22.337184845337628,0.5683699390801447,0.0,0.0,20.805,-15.446,-74.24176876989101,0.8988210190924111,-1.866141323608561,-207.62101277190928,0.6383111126834451,-1.5334190017669656,-240.2306566930101,1.0524460921653425,-2.2072307147276344,-209.723871862549,0.5683699390801447,0.0,0.0,33.806,-28.446999999999996,-84.14778439207602,15.789473684210526,-0.9926691589440946,14.035087719298245,-0.8638129036010614,10.526315789473683,-1.2436503315177767,73.68421052631578,0.6252155216494426,24.561403508771928,-0.9404575130661004,EU 0 07/04/31,100.0,0.0,100.0,0.0,100.0,0.0,100.0,0.0,100.0,0.0,0.9890747554499308,-0.01903878648984103,falling,36.84210526315789,100.0,-1.0,-1.0,-1.0,1,1,1.141004201698764,1.1423282366978722,1.4410713381347862,0.7715903520850727,Bottom Quartile,Top Decile,Bottom Quartile,Top Decile,Very Tight,4.273371503918355,"['REL_SPRD_LOG', 'YAS_RISK', 'Cpn']","[0.40573667804527175, 0.32239602489565433, 0.19027461403948123]",0.9184073169804072,0.630773108984669,5.005699859492774
2026-06-01,EU000A3KT6A3,EU 0 04/22/31,2031-04-22,-0.2230660284040535,NO ACTION,0.28868294110479026,0.9343336383954793,0.4303006802098853,0.1204037738942475,0.45120026942043495,7.49,0.746342895955078,-0.295142626534643,-39.54517744855573,0.7282632944836116,-0.43958035337882134,-60.360085517492024,0.6712634059629812,-0.24096272575309585,-35.896895320507745,0.1204037738942475,0.0,0.0,7.798,-0.30799999999999983,-3.949730695114475,-0.32570957201673195,0.7769098414371669,238.52839594914235,-0.13755316864608166,0.4262361097508719,309.8700545827144,-0.3007106891274053,0.7310113693372906,243.09456612568857,0.1204037738942475,0.0,0.0,8.4,-0.9100000000000001,-10.833333320436509,1.0945678105192485,-0.6433675410988136,-58.778225436374385,1.2380259932861872,-0.949343052181397,-76.68199615044298,0.9411507689284051,-0.5108500887185198,-54.27930360958464,0.1204037738942475,0.0,0.0,8.566,-1.0760000000000005,-12.561288801586171,-0.33171341502751783,0.7829136844479527,236.02110296953006,-0.15159877553676704,0.4402817166415573,290.4256225289987,-0.3068094096594885,0.7371100898693739,240.2501496490731,0.1204037738942475,0.0,0.0,20.618,-13.127999999999998,-63.67251912713525,-0.6830870430318983,1.1342873124523332,166.05311247194214,-0.6793735553826697,0.9680564964874601,142.4925174917844,-0.5789489972197482,1.0092496774296336,174.32445083139396,0.1204037738942475,0.0,0.0,29.835,-22.345,-74.89525722309527,59.64912280701754,0.4729161844641919,59.64912280701754,0.2785899360479831,64.91228070175438,0.44372884631285014,50.877192982456144,0.14684031878778483,28.07017543859649,-0.8695683510864459,EU 0 04/22/31,100.0,0.0,100.0,0.0,100.0,0.0,100.0,0.0,100.0,0.0,0.9490953772923302,-0.01476173889685084,falling,8.771929824561402,100.0,1.0,1.0,-1.0,1,0,0.5322139944884569,0.36841444377686705,0.5369780346178094,0.16345408844420595,Above Median,Top Decile,Below Median,Top Decile,Very Tight,4.124781721674964,"['YAS_RISK', 'Cpn', 'REL_SPRD_LOG']","[0.480759401144273, 0.2710519897382924, 0.14630709640997802]",0.8981184872925434,0.1481455933175064,7.293013095230997
2026-06-01,EU000A3KT6B1,EU 0.45 07/04/41,2041-07-04,0.4546496221036022,NO ACTION,-0.10206475016334685,0.9604701653348223,-0.6721506060150279,-0.3744463621788378,-0.48078838858430445,52.464,0.3886484489856666,-0.869436837569971,-223.7077794774007,0.049057989484309464,-0.15112273964765632,-308.04912804483774,0.709652447652484,-1.3818030536675119,-194.71546089454665,-0.3744463621788378,0.0,0.0,53.984,-1.5200000000000031,-2.815649080687682,0.4017897166451567,-0.8825781052294612,-219.66169035698516,0.06956568851943049,-0.17163043868277733,-246.71704925788825,0.7189397108693908,-1.3910903168844186,-193.4919265835274,-0.3744463621788378,0.0,0.0,54.883,-2.419000000000004,-4.4075578950845395,-0.7540440567105218,0.2732556681262173,36.238686860607636,-0.5253887809508236,0.4233240307874768,80.57347969326965,-0.8752051020707767,0.20305449605574888,23.20078953553097,-0.3744463621788378,0.0,0.0,46.795,5.668999999999997,12.114542149350449,0.43592209628168904,-0.9167104848659935,-210.29226819564485,0.11274389012381447,-0.21480864028716132,-190.52794878593002,0.7387542261250801,-1.4109048321401079,-190.98433053197738,-0.3744463621788378,0.0,0.0,72.326,-19.861999999999995,-27.461770313931115,0.7266296810983042,-1.2074180696826087,-166.1669051614985,0.5575950775641596,-0.6596598277275064,-118.30445469116559,0.9554992110101111,-1.627649817025139,-170.3454886446124,-0.3744463621788378,0.0,0.0,79.664,-27.200000000000003,-34.143402285330474,40.35087719298245,-0.489994711924095,43.859649122807014,-0.09849633688759847,26.31578947368421,-0.7298694084278184,35.08771929824561,-0.38160145344259183,70.17543859649122,0.6265222969065042,EU 0.45 07/04/41,100.0,0.0,100.0,0.0,100.0,0.0,100.0,0.0,100.0,0.0,0.9447725887590891,0.01569757657573323,rising,19.298245614035086,100.0,-1.0,1.0,1.0,0,0,0.5671147074464316,0.13025407049253032,0.8387858257836597,0.508329488533707,Below Median,Top Decile,Above Median,Top Decile,Tight,8.691941378786794,"['Cpn', 'YAS_RISK', 'GREEN_BOND_LOAN_INDICATOR']","[0.3870793869287789, 0.36314767831149347, 0.1254791710564023]",0.8757062362966747,-0.38499353718223,52.49463777003094
2026-06-01,EU000A3KTGW6,EU 0.7 07/06/51,2051-07-06,-2.578558165558704,NO ACTION,-0.19061083168378898,0.9747297396305743,-0.3844478934455101,0.7752689395111755,-0.3816997332000449,78.678,-0.34962703045010934,-0.03207270274993557,-9.173404525189246,-0.14667888968122497,-0.043931942002564006,-29.951098691114147,-0.36506357839332876,-0.019384315052181356,-5.309846193506487,0.7752689395111755,0.0,0.0,80.767,-2.0889999999999986,-2.586452387412376,-0.42793134069868255,0.04623160749863764,10.803510288076673,-0.2721998110294839,0.0815889793456949,29.97392835789463,-0.4214704168415172,0.03702252339600709,8.784133129684193,0.7752689395111755,0.0,0.0,77.493,1.1850000000000023,1.529170376481857,-0.7119333662091241,0.33023363300907915,46.38546864700946,-0.6826779560625933,0.4920671243788043,72.07895213270845,-0.641125579573808,0.2566776861282979,40.03547671508883,0.7752689395111755,0.0,0.0,66.649,12.028999999999996,18.048282792232694,-0.6202029037585545,0.23850317055850956,38.45566753518334,-0.5511111079943098,0.36050027631052084,65.41335577161101,-0.5614373183475426,0.1769894249020325,31.524342249019817,0.7752689395111755,0.0,0.0,92.123,-13.445000000000007,-14.5946180633941,-1.004785145410631,0.623085412210586,62.01180509637868,-1.1132983764202404,0.9226875447364514,82.87872828984426,-0.8883388612249311,0.503890967779421,56.722832254835964,0.7752689395111755,0.0,0.0,97.772,-19.09400000000001,-19.5291085362344,45.614035087719294,-0.38761841672085207,40.35087719298245,-0.18394664820033071,43.859649122807014,-0.42359972959970726,82.45614035087719,0.846159331684729,91.22807017543859,1.498548806589592,EU 0.7 07/06/51,100.0,0.0,100.0,0.0,100.0,0.0,100.0,0.0,100.0,0.0,0.936093453999186,0.03863628563138832,rising,49.122807017543856,100.0,-1.0,-1.0,-1.0,1,1,0.4502345265939543,0.24325574370235584,0.47975772228533986,1.0524659959430038,Below Median,Top Decile,Top Decile,Top Decile,Tight,10.116091384017167,"['REL_SPRD_LOG', 'YAS_RISK', 'Cpn']","[0.5097466512780215, 0.2953789828932672, 0.12265234271284708]",0.9277779768841358,0.853680905002276,78.77976659881855
2026-06-01,EU000A3KWCF4,EU 0 10/04/28,2028-10-04,0.0266448403709604,NO ACTION,-0.7771891902859832,0.9816172404143637,-0.4943260866003036,1.0017906361690934,-0.7182511864890848,-6.513,-0.7529375837053254,0.03468639721624056,4.606809051138394,-0.8319968380685321,0.054807647782548874,6.587482622053676,-0.5297037268652508,0.03537764026494722,6.678759805303542,1.0017906361690934,0.0,0.0,-8.852,2.3390000000000004,26.42340710977925,-0.41338862055181474,-0.30486256593727007,-73.74720623794663,-0.3331057443899434,-0.4440834458960398,-133.31605354862248,-0.2383822714074016,-0.255943815192902,-107.36696271292384,1.0017906361690934,0.0,0.0,-5.264,-1.2489999999999997,-23.72720360234193,-0.49835805985203013,-0.21989312663705468,-44.123520805501194,-0.4604364944325613,-0.3167526958534219,-68.794001519012,-0.3012421129082092,-0.1930839736920944,-64.09594110811939,1.0017906361690934,0.0,0.0,-6.368,-0.14499999999999957,-2.2770100466755427,-0.8639206724091592,0.14566948592007434,16.8614421307585,-0.9871578590112595,0.2099686687252763,21.270019245815423,-0.618552721836803,0.1242266352364994,20.08343490256785,1.0017906361690934,0.0,0.0,2.973,-9.486,-319.07164372999785,0.7861099517637757,-1.5043611382528606,-191.36777441130016,0.6170570366912799,-1.394246226977263,-225.95094480378228,0.45259517310932634,-0.9469212597096299,-209.22035740731624,1.0017906361690934,0.0,0.0,18.84,-25.353,-134.57006362283968,22.807017543859647,-0.735336233653429,17.543859649122805,-0.7500169077893708,35.08771929824561,-0.5405689393342186,87.71929824561403,1.0880578745051004,3.508771929824561,-1.3353876543248788,EU 0 10/04/28,100.0,0.0,100.0,0.0,100.0,0.0,100.0,0.0,100.0,0.0,0.9742718177125548,0.007345422701808935,rising,70.17543859649122,100.0,-1.0,-1.0,-1.0,1,1,0.8472143279046469,0.9918415066467986,0.6168762045959834,1.3599804221317984,Bottom Quartile,Top Decile,Bottom Decile,Top Decile,Very Tight,2.1354688318957926,"['YAS_RISK', 'REL_SPRD_LOG', 'Cpn']","[0.4151086395173901, 0.37719575252135, 0.14573297602551147]",0.9380373680642516,1.0977297019853105,-7.106597765306314
2026-06-01,EU000A3L1CN4,EU 2 7/8 10/05/29,2029-10-05,0.2739459741310878,NO ACTION,0.4968271228586945,0.9688333885795418,0.7149287266190374,0.5012541544372197,0.7125634788506817,-0.475,0.5589507253714323,0.1536127534792494,27.482342138287212,0.26097282900494356,0.23585429385375095,90.3750347174187,0.6009509785837566,0.11397774803528082,18.966230225178396,0.5012541544372197,0.0,0.0,-2.239,1.7639999999999998,78.78517159988758,0.6082918440304584,0.10427163482022328,17.141711520437717,0.33729340052013557,0.15953372233855895,47.29820309639141,0.6348102651892641,0.0801184614297733,12.620851388375298,0.5012541544372197,0.0,0.0,0.232,-0.707,-304.7413661749411,0.6780110198118414,0.0345524590388403,5.096149991605467,0.44201613768746373,0.054810985171230786,12.400222357936567,0.686864489813725,0.028064236805312337,4.08584761811438,0.5012541544372197,0.0,0.0,0.01,-0.485,-4849.99515000485,0.617151313932922,0.09541216491775972,15.460092398364528,0.3492662143527156,0.14756090850597892,42.24883433244913,0.6404281737291913,0.07450055288984614,11.632928528540386,0.5012541544372197,0.0,0.0,12.032,-12.507,-103.94780576467102,1.0717309371562362,-0.3591674583055545,-33.5128382042695,1.0143860043951864,-0.517558881536492,-51.02188655913985,1.0264948975360841,-0.31156617091704675,-30.35243220688792,0.5012541544372197,0.0,0.0,25.502,-25.977,-101.86259897189922,71.9298245614035,0.7429511040030076,68.42105263157895,0.4794569289560644,75.43859649122807,0.7467254346336505,70.17543859649122,0.5535437535808542,15.789473684210526,-1.1345294844360225,EU 2 7/8,50.0,-0.7071067692764571,50.0,-0.7071067738647201,50.0,-0.7071067681789321,100.0,0.7071067709595485,100.0,0.7071067785027042,0.976885561396789,-0.008052172817247127,falling,33.33333333333333,100.0,1.0,1.0,1.0,1,1,0.8405053833253245,0.6340460832938697,0.892169220658565,0.6804773491931336,Above Median,Above Median,Bottom Quartile,Top Decile,Very Tight,3.15456900837674,"['REL_SPRD_LOG', 'YAS_RISK', 'Cpn']","[0.4323068026576252, 0.38274905897605505, 0.10031171522835768]",0.915367576862038,0.558464245231923,-1.176737869147931
2026-06-01,EU000A3L1DJ0,EU 2 1/2 12/04/31,2031-12-04,-1.4154545263541376,NO ACTION,-0.2802782687325064,0.9734275472628657,-0.4095007288262668,-0.3961341192645362,-0.5034931108794704,9.539,-0.46927957589593094,-0.034213534983539406,-7.29065060825525,-0.22887304175385537,-0.05140522697865102,-22.460148359421307,-0.38675072982899383,-0.02274999899727298,-5.882341429348563,-0.3961341192645362,0.0,0.0,9.301,0.23799999999999955,2.5588646354597686,-0.3826445013704062,-0.12084860950906418,-31.582475618494037,-0.08960571511407904,-0.19067255361842733,-212.79059276143113,-0.32267620540063435,-0.08682452342563246,-26.907630399046067,-0.3961341192645362,0.0,0.0,11.788,-2.2490000000000006,-19.078724110045197,-0.4972386365419975,-0.006254474337472837,-1.257841557764874,-0.279090789575524,-0.0011874791569823628,-0.4254812981253516,-0.4089439991511389,-0.0005567296751279316,-0.13613836189544803,-0.3961341192645362,0.0,0.0,9.046,0.4930000000000003,5.449922611706921,0.7118240551621902,-1.2153171660416606,-170.73280119642328,0.6773353775407739,-0.9576136462732803,-141.37953868763933,0.6840175767022755,-1.0935183055285422,-159.86698687098308,-0.3961341192645362,0.0,0.0,26.473,-16.933999999999997,-63.96706075474366,1.1304533680442514,-1.633946478923722,-144.53904164986815,1.3023711682114172,-1.5826494369439237,-121.52061281925945,1.0117036023037078,-1.4212043311299747,-140.4763523472858,-0.3961341192645362,0.0,0.0,37.413,-27.873999999999995,-74.5035148011377,38.59649122807017,-0.5134527490039562,35.08771929824561,-0.27047910992941143,40.35087719298245,-0.4502693559555724,31.57894736842105,-0.40476142846253543,29.82456140350877,-0.8014069747859711,EU 2 1/2,33.33333333333333,-0.7112928297407664,33.33333333333333,-0.670192658707634,33.33333333333333,-0.8082127488426,33.33333333333333,-0.9301370682333355,66.66666666666666,-0.5129111892581972,0.9900371352117878,-0.01660958794892209,falling,42.10526315789473,66.66666666666666,-1.0,-1.0,-1.0,1,1,0.5938960986942314,0.3576884802498508,0.5110214941617879,0.5377716932934662,Below Median,Below Median,Below Median,Above Median,Very Tight,4.945051355191765,"['REL_SPRD_LOG', 'YAS_RISK', 'Cpn']","[0.5129259279067054, 0.27961596666311994, 0.08218208180630174]",0.8747239763761271,-0.4083593829449783,9.181935807282596
2026-06-01,EU000A3LNF05,EU 3 1/8 12/04/30,2030-12-04,-1.8527841089909936,NO ACTION,-0.39382841605167496,0.9738703947617451,-0.5354861237182841,0.1814241030663972,-0.5302367775689172,3.825,-0.49264561181016053,-0.03759116575875665,-7.6304678443366525,-0.3384513695519806,-0.05537704649969438,-16.361891203693375,-0.5086618757348476,-0.026824247983436522,-5.273492812358918,0.1814241030663972,0.0,0.0,2.917,0.9080000000000004,31.127870993733747,0.37083352807775727,-0.9010703056466745,-242.98511680400813,0.08147165378872584,-0.4753000698404008,-583.3931059428953,0.4535188382521521,-0.9890049619704362,-218.0736182811434,0.1814241030663972,0.0,0.0,6.059,-2.234,-36.87077069339698,-0.31586682612436046,-0.21436995144455673,-67.86719178082905,-0.06765740687506316,-0.3261710091766118,-482.0920221931061,-0.3855993116372519,-0.14988681208103216,-38.87112960796037,0.1814241030663972,0.0,0.0,4.108,-0.2829999999999995,-6.888997062100774,0.319814437782576,-0.8500512153514932,-265.79512628191065,0.00435318582732498,-0.3981816018789999,-9146.88007784113,0.41763508010072503,-0.9531212038190091,-228.21865940171259,0.1814241030663972,0.0,0.0,18.651,-14.826,-79.49171621924201,0.7372937426265384,-1.2675305201954554,-171.9166228765671,0.6420700400030329,-1.0358984560547078,-161.3372958370842,0.7347179359804027,-1.2702040596986868,-172.88322228249575,0.1814241030663972,0.0,0.0,30.828,-27.003,-87.59244839509782,36.84210526315789,-0.5410837376897797,33.33333333333333,-0.3800592886501322,33.33333333333333,-0.5843852497057485,56.14035087719298,0.2120028569770222,22.807017543859647,-0.991487064674167,EU 3 1/8,66.66666666666666,-0.5228739850335755,66.66666666666666,-0.35334206215385117,33.33333333333333,-0.6741832562963199,66.66666666666666,0.2851417267469554,66.66666666666666,-0.19414888487058055,0.9906593623639747,-0.016788967602229588,falling,45.614035087719294,66.66666666666666,-1.0,-1.0,1.0,1,0,0.625441633217828,0.5026001061508335,0.6682403712192586,0.2462922085363507,Below Median,Above Median,Bottom Quartile,Above Median,Very Tight,4.201749875319649,"['REL_SPRD_LOG', 'YAS_RISK', 'Cpn']","[0.4578992420765862, 0.31052934997492354, 0.13245356616595136]",0.9008821582174612,0.2138873661617253,3.44176941202729
2026-06-01,EU000A3LZ0X9,EU 3 3/8 10/04/39,2039-10-04,5.952954683338348,WEAK BUY,0.9204838531905194,0.9870593285024671,1.2568038417787775,-0.5629446879660152,1.0044625772300724,51.591,1.026853572301313,-0.02239099507124065,-2.1805440870215893,0.9611412506044357,-0.040657397413916274,-4.230116745622587,1.2793007818328102,-0.022496940054032688,-1.758534052167833,-0.5629446879660152,0.0,0.0,52.591,-1.0,-1.9014660299478112,1.0522108324542263,-0.047748255224153935,-4.537898042637885,1.0023576724243586,-0.08187381923383918,-8.16812408079864,1.3008867096911794,-0.0440828679124019,-3.388678448717414,-0.5629446879660152,0.0,0.0,53.757,-2.165999999999997,-4.029242702526318,1.0413368260045839,-0.03687424877451151,-3.541049111062964,0.9783395018086201,-0.057855648618100664,-5.913657571812168,1.2885627391553929,-0.031758897376615414,-2.4646760429348316,-0.5629446879660152,0.0,0.0,49.353,2.2379999999999995,4.534678742014734,1.3819104180479855,-0.37744784081791316,-27.313480899849367,1.5158374202821476,-0.5953535670916282,-39.27555522763501,1.5028783581853205,-0.246074516406543,-16.373548359982745,-0.5629446879660152,0.0,0.0,73.049,-21.458000000000006,-29.374803210259586,1.3078342545308008,-0.30337167730072845,-23.196492516547288,1.3994208124638456,-0.47893695927332625,-34.223941189477316,1.4652484933255374,-0.20844465154675995,-14.225890766902177,-0.5629446879660152,0.0,0.0,79.111,-27.520000000000003,-34.78656570707152,87.71929824561403,1.0445350557617878,87.71929824561403,0.8883016669158241,87.71929824561403,1.3235705953994477,24.561403508771928,-0.582895506086286,68.42105263157895,0.5974813591269462,EU 3 3/8,100.0,0.8917879350066912,100.0,1.165415672189116,85.71428571428571,0.8854826165525286,57.14285714285714,-0.22600463538470097,71.42857142857143,0.15541268800618227,0.944587719813284,0.042471608689183094,rising,94.73684210526315,71.42857142857143,1.0,1.0,1.0,1,1,1.1848154284758396,1.1747128024986904,1.5683825006488479,0.7642253049045763,Top Quartile,Top Decile,Above Median,Above Median,Tight,10.20627031492225,"['YAS_RISK', 'REL_SPRD_LOG', 'Cpn']","[0.3517388074427195, 0.31132910237870154, 0.20410105128448897]",0.86716896110591,-0.5880769076513641,51.63737894464151
2026-06-01,EU000A4D5QM6,EU 2 5/8 07/04/28,2028-07-04,1.6769528541901255,NO ACTION,0.04478059145855376,0.9500727223499005,0.12628831874855181,0.4153584565738633,0.2910676859372528,-6.357,-0.4029706662534913,0.6940383521907441,172.23048551407615,-0.33752225050827195,0.38230284196682573,113.26744535045454,-0.19775365807022496,0.3240419768187768,163.8614241550782,0.4153584565738633,0.0,0.0,-9.322,2.964999999999999,31.806479262168537,0.2784041314341189,0.01266355450313389,4.5486228896959755,0.03177711214990168,0.013003479308652081,40.9208840476837,0.12039204537106062,0.0058962733774911985,4.897560191424826,0.4153584565738633,0.0,0.0,-5.88,-0.4770000000000003,-8.112244884162854,0.4797470432767217,-0.1886793573394689,-39.328924701208585,0.326944378722411,-0.28216378726385727,-86.30329713455511,0.25438675581662273,-0.12809843706807092,-50.35577879095015,0.4153584565738633,0.0,0.0,-5.359,-0.9980000000000002,-18.622877367749812,0.245728961671934,0.04533872426531879,18.450703617418494,0.0,0.04478059145855376,447805914.58553755,0.03075856767546455,0.09552975107308727,310.57922144849135,0.4153584565738633,0.0,0.0,3.12,-9.477,-303.7499990264423,,,,,,,,,,,,,,,,56.14035087719298,0.30747059864250376,52.63157894736842,0.04321496124047331,52.63157894736842,0.12009697133690565,64.91228070175438,0.46181724590303647,5.263157894736842,-1.3301982083986348,EU 2 5/8,50.0,-0.7071067360353335,50.0,-0.7071067542485782,50.0,-0.707106728561055,100.0,0.7071067256367187,50.0,-0.7071067810635312,0.9255461599191334,0.024526562430767118,rising,12.280701754385964,50.0,1.0,-1.0,1.0,0,1,0.3433293512837629,0.057148568013977635,0.15759689983224642,0.5638696836571232,Above Median,Above Median,Bottom Decile,Above Median,Very Tight,1.997533834502008,"['YAS_RISK', 'REL_SPRD_LOG', 'Cpn']","[0.4388898467300013, 0.4031630470637033, 0.06942438214762278]",0.9114772759413274,0.4659223737959728,-7.030732688918902
2026-06-01,EU000A4D8KD2,EU 3 3/8 12/12/35,2035-12-12,-0.1216955705728537,NO ACTION,0.08352663792934488,0.9824797274069887,0.16239982994889496,-1.0619314570945635,0.25541849321392046,30.008,0.44433709448541997,-0.1889186012714995,-42.516953764255916,0.38359420343276635,-0.30006756550342145,-78.2252586185102,0.2996590007622527,-0.13725917081335776,-45.80512044814103,-1.0619314570945635,0.0,0.0,30.491,-0.48300000000000054,-1.584073988526428,0.6833120480659333,-0.4278935548520128,-62.62051866363011,0.7366358839519862,-0.6531092460226413,-88.66106734478659,0.5027641086066496,-0.3403642786577546,-67.69860180178199,-1.0619314570945635,0.0,0.0,32.147,-2.1389999999999993,-6.653809062539641,-0.5157976314519052,0.7712161246658256,149.5191258523303,-0.23228658831584603,0.3158132262451909,135.95843605913572,-0.16958819768761674,0.3319880276365117,195.76126911373294,-1.0619314570945635,0.0,0.0,29.014,0.9939999999999998,3.4259323073599175,0.44119779875261717,-0.1857793055386967,-42.107939308208245,0.37751882449135127,-0.2939921865620064,-77.87483953167947,0.2967741288093171,-0.13437429886042213,-45.278304706583654,-1.0619314570945635,0.0,0.0,49.879,-19.871,-39.83840894167116,,,,,,,,,,,,,,,,54.385964912280706,0.27063860951268737,54.385964912280706,0.08060635876157458,56.14035087719298,0.1585389479124808,14.035087719298245,-1.11575471612974,50.877192982456144,-0.12049179104052499,EU 3 3/8,42.857142857142854,-0.18917065297834232,42.857142857142854,-0.6887247837067134,42.857142857142854,-0.3334098408929768,14.285714285714285,-1.1705927029100822,28.57142857142857,-0.7022693808374035,0.9348058285698881,0.0476738988371006,rising,73.68421052631578,42.857142857142854,1.0,1.0,1.0,1,1,0.3012792893812195,0.10659590669100585,0.20266094272890414,1.441624566204002,Above Median,Below Median,Above Median,Below Median,Very Tight,8.080527745357813,"['REL_SPRD_LOG', 'Cpn', 'YAS_RISK']","[0.5281645680207656, 0.22308344649364767, 0.09332134340239114]",0.8445693579168044,-1.1256727428978894,29.623506019922736
2026-06-01,EU000A4EA8Y7,EU 3 3/4 10/12/45,2045-10-12,5.044553212474028,NO ACTION,0.7515436716305843,0.9815216555788202,0.8279575036171684,-0.07348093969872252,0.792649582723513,70.913,0.8377639025006614,-0.045114319777148304,-5.385087505438793,0.8164319130592628,-0.06488824142867844,-7.947783470486412,0.8712052770168786,-0.0432477733997102,-4.964131192063383,-0.07348093969872252,0.0,0.0,72.756,-1.8430000000000035,-2.533124415507575,0.9146411279889065,-0.12199154526539346,-13.337640326743436,0.9300465364128384,-0.17850286478225408,-19.192895825562093,0.9382152851868217,-0.11025778156965338,-11.75186357921167,-0.07348093969872252,0.0,0.0,73.545,-2.632000000000005,-3.578761302117247,0.927343718086921,-0.1346941353634079,-14.524725976340767,0.9599656332199197,-0.20842196158933535,-21.71139801318782,0.9548412577576875,-0.1268837541405191,-13.288465677492974,-0.07348093969872252,0.0,0.0,68.025,2.887999999999991,4.245497978060186,1.0501159820542336,-0.2574663993307206,-24.51790100130421,1.1385245809285671,-0.3869809092979828,-33.98968387519551,1.040931910247924,-0.21297440663075562,-20.45997461390467,-0.07348093969872252,0.0,0.0,95.318,-24.405,-25.603768435594144,,,,,,,,,,,,,,,,75.43859649122807,0.82569436638726,80.7017543859649,0.7252680141596239,80.7017543859649,0.8670485519250357,45.614035087719294,-0.06020576282492397,85.96491228070175,1.2402408090428927,EU 3 3/4,100.0,0.7071065273070896,100.0,0.7071066781922619,50.0,-0.7071066663130616,100.0,0.7071067732521024,100.0,0.7071067803376514,0.9689871054164609,0.01253455016235927,rising,68.42105263157895,100.0,1.0,1.0,1.0,1,1,0.9349710743585459,0.9591129378763689,1.0332193591294283,0.0997540162406171,Top Quartile,Top Decile,Top Quartile,Top Decile,Tight,13.148889457871604,"['YAS_RISK', 'Cpn', 'REL_SPRD_LOG']","[0.5793964757204281, 0.20573510746740092, 0.10420567409477464]",0.8893372572826036,-0.0607409363345334,70.86477075965276
2026-06-01,EU000A4ED0K0,EU 2 3/4 12/13/32,2032-12-13,-0.5934516921372097,NO ACTION,-0.026911258921530616,0.9794413065278886,-0.14616759249075784,-0.6107066413946393,-0.33460860471363346,15.56,-0.36150464180046743,0.026896037086833968,7.440025170597043,-0.07061590551627224,0.043704646594741624,61.89064642894934,-0.16643761384427916,0.020270021353521323,12.17874954312384,-0.6107066413946393,0.0,0.0,15.216,0.3440000000000012,2.2607781268002327,0.23440624572863683,-0.5690148504422703,-242.74729728245697,0.021030159186770075,-0.04794141810830069,-227.96496634206957,0.20500230304334327,-0.3511698955341011,-171.30045525869454,-0.6107066413946393,0.0,0.0,17.311,-1.7509999999999994,-10.114955802602413,0.3381358088655035,-0.672744413579137,-198.95686172387641,0.1889407365106559,-0.21585199543218653,-114.24322144297916,0.28246364556909703,-0.42863123805985487,-151.74739461480982,-0.6107066413946393,0.0,0.0,14.649,0.9110000000000014,6.218854525074176,1.0578184300353795,-1.3924270347490129,-131.63194949621433,1.2565702573225597,-1.2834815162440902,-102.14164298021086,0.8465067241566577,-0.9926743166474156,-117.2671494027013,-0.6107066413946393,0.0,0.0,33.614,-18.053999999999995,-53.70976377291908,,,,,,,,,,,,,,,,47.368421052631575,-0.3389648624599419,50.877192982456144,-0.025970380768701142,49.122807017543856,-0.1699419500372572,22.807017543859647,-0.6338996575962681,36.84210526315789,-0.6011143214403591,EU 2 3/4,66.66666666666666,-0.27009605725821884,66.66666666666666,-0.04748431034945344,66.66666666666666,0.0046109410059576895,66.66666666666666,0.36936538114707235,66.66666666666666,-0.554252990893179,0.977234203811363,0.0022071027165256885,rising,63.1578947368421,66.66666666666666,-1.0,-1.0,1.0,1,0,0.3946881111875208,0.034343894547312535,0.1824045142160128,0.8290645230411048,Below Median,Above Median,Below Median,Above Median,Very Tight,5.77988640886602,"['REL_SPRD_LOG', 'YAS_RISK', 'Cpn']","[0.5405576044789371, 0.20104611676898926, 0.12340205385425752]",0.8650057751021838,-0.6395344388626817,15.300317488913194
2026-06-01,EU000A4EG021,EU 2 1/2 10/14/30,2030-10-14,-1.3609215637599577,NO ACTION,-0.187840780963792,0.9638717372563309,-0.11423155385387408,0.1286972966017813,-0.30065327168566525,3.562,-0.2889268117802602,-0.011726459905405051,-4.05862627538383,-0.17004673849465085,-0.017794042469141153,-10.464206241321278,-0.10582999693830726,-0.008401556915566821,-7.938728493577857,0.1286972966017813,0.0,0.0,2.565,0.9969999999999999,38.869395559963365,0.5368499023413045,-0.8375031740269697,-156.00322450914803,0.49761424323949194,-0.685455024203284,-137.74826981762277,0.3234085825853235,-0.4376401364391976,-135.32112209533727,0.1286972966017813,0.0,0.0,6.337,-2.775,-43.790437046251476,0.4636234308128169,-0.7642767024984821,-164.84858944115618,0.38972731296349783,-0.5775680939272898,-148.19799893306052,0.2682164270646869,-0.38244798091856097,-142.58931522020194,0.1286972966017813,0.0,0.0,5.081,-1.5190000000000006,-29.89568976599944,0.4719097963433607,-0.772563068029026,-163.70989914689557,0.3971482605336911,-0.5849890414974831,-147.29739115101017,0.27186047584734246,-0.38609202970121653,-142.01844320914603,0.1286972966017813,0.0,0.0,18.771,-15.209000000000001,-81.02391983324068,,,,,,,,,,,,,,,,49.122807017543856,-0.30388293320865545,42.10526315789473,-0.18127344468515139,50.877192982456144,-0.1359449111876595,54.385964912280706,0.15569682607781163,21.052631578947366,-1.0002359382549502,EU 2 1/2,66.66666666666666,-0.4321015494185008,66.66666666666666,-0.47923241804748423,66.66666666666666,-0.31010233507250395,66.66666666666666,-0.1274968590148666,33.33333333333333,-0.6394749738452689,0.9735961068324926,-0.00972436957616174,falling,24.561403508771928,33.33333333333333,-1.0,-1.0,1.0,1,0,0.3546360441791975,0.23972063112751563,0.14255109996542967,0.17471295642073562,Below Median,Above Median,Bottom Quartile,Below Median,Very Tight,4.014774341389682,"['REL_SPRD_LOG', 'YAS_RISK', 'Cpn']","[0.4776451319247367, 0.34634434740358333, 0.07450462979194729]",0.8984941091202673,0.1570808267604277,3.130211806750148
2026-06-01,EU000A4EG039,EU 4 10/12/55,2055-10-12,3.2912482078764214,NO ACTION,0.5169859536277106,0.9791430218040567,0.46503302016957065,0.5632631553628331,0.6635937456940922,94.082,0.6515623436520185,0.012031402042073758,1.8465465315234277,0.49759285556406807,0.019393098063642533,3.897382660753916,0.45422740329322414,0.010805616876346513,2.3789002072781114,0.5632631553628331,0.0,0.0,96.566,-2.484000000000009,-2.572333947499923,0.7362740112302039,-0.07268026553611162,-9.871360857561394,0.6244051845493152,-0.10741923092160455,-17.20344927609673,0.5286267326057742,-0.06359371243620354,-12.029983977490302,0.5632631553628331,0.0,0.0,95.55,-1.4680000000000035,-1.5363683933504624,0.999222773436321,-0.3356290277422288,-33.58900870814841,1.0073389072416197,-0.49035295361390907,-48.67805117235368,0.7619217723786991,-0.2968887522091284,-38.9657782564307,0.5632631553628331,0.0,0.0,90.988,3.093999999999994,3.4004484104057124,0.9942286742349628,-0.3306349285408705,-33.255420386033904,0.9949273510275496,-0.477941397399839,-48.03781824898519,0.755443463431756,-0.2904104432621853,-38.44237900989953,0.5632631553628331,0.0,0.0,118.765,-24.683000000000007,-20.7830589802734,,,,,,,,,,,,,,,,66.66666666666666,0.692356615277516,70.17543859649122,0.49891096165106774,66.66666666666666,0.48070264648802663,71.9298245614035,0.6197620769775091,100.0,2.010973326127178,EU 4 10/12/55,100.0,0.0,100.0,0.0,100.0,0.0,100.0,0.0,100.0,0.0,0.9719564128913897,0.007186608912666981,rising,59.64912280701754,100.0,1.0,1.0,1.0,1,1,0.7827430567961775,0.6597725927874223,0.5803209910828848,0.7646576401741652,Above Median,Top Decile,Top Decile,Top Decile,Tight,16.62662110230997,"['YAS_RISK', 'Cpn', 'Issue_Age']","[0.6774525802357729, 0.200935748028898, 0.03978769744165033]",0.9181760257063212,0.6252711882368983,93.92159472207376
2026-06-01,EU000A4EJF17,EU 3 5/8 12/12/40,2040-12-12,7.596356413071348,WEAK BUY,1.226115884293288,0.974445793819224,1.1115227024647123,-0.25210912594011403,1.1187573912923368,57.619,1.0824921156410838,0.036265275651252926,3.3501653076483637,1.1715501735764595,0.054565710716828475,4.657564949565588,1.0896837156631034,0.021838986801608895,2.0041582972453087,-0.25210912594011403,0.0,0.0,58.35,-0.7310000000000016,-1.2527849183799882,1.1130273978206051,0.0057299934717316425,0.5148115339721435,1.2274890933368918,-0.0013732090436038291,-0.11187138361316627,1.1119782085625445,-0.0004555060978321812,-0.04096358096123632,-0.25210912594011403,0.0,0.0,59.404,-1.7850000000000037,-3.0048481578673467,1.1942967144091325,-0.07553932311679579,-6.325004630165773,1.3514048616245586,-0.12528897733127065,-9.271017143859895,1.160312466721378,-0.0487897642566657,-4.204881463873238,-0.25210912594011403,0.0,0.0,55.523,2.0959999999999965,3.7750121564441677,,,,,,,,,,,,,,,,,,,,,,,,,,,,,,,89.47368421052632,1.1626220313016424,91.22807017543859,1.183248114645924,84.21052631578947,1.1689137015519508,42.10526315789473,-0.2509596667376783,75.43859649122807,0.7980068722256588,EU 3 5/8,100.0,0.0,100.0,0.0,100.0,0.0,100.0,0.0,100.0,0.0,0.9363712592481157,0.03807453457110832,rising,47.368421052631575,100.0,1.0,1.0,1.0,1,1,1.3196320579506584,1.564757514902558,1.387084203333001,0.3422506291638393,Top Quartile,Top Decile,Top Quartile,Top Decile,Tight,10.944792889205246,"['YAS_RISK', 'REL_SPRD_LOG', 'Cpn']","[0.4129399164207796, 0.2451476334036138, 0.22315946062762718]",0.8812470104520206,-0.2531904659056745,57.6359519387924
2026-06-01,EU000A4ENP68,EU 2 3/8 07/12/29,2029-07-12,0.9891815476576282,WEAK BUY,0.7963613845135528,0.9833520840809159,0.5099889414361507,0.5864175651167919,0.8259212246004681,-1.083,0.6151481422405922,0.2107730823598759,34.26379183488791,0.493883987143598,0.30247739736995477,61.244624065437925,0.32158655819399584,0.18840238324215486,58.58527745739115,0.5864175651167919,0.0,0.0,-3.018,1.9349999999999998,64.1153079386504,0.6455476889960462,0.18037353560442193,27.94116312163118,0.5486466349297433,0.24771474958380946,45.150143880954644,0.35278872589548366,0.15720021554066704,44.55930690123814,0.5864175651167919,0.0,0.0,-0.573,-0.51,-89.00523404877427,0.764192484588841,0.06172874001162709,8.077642799258195,0.7076197645010646,0.0887416200124882,12.54086208586511,0.4499127483109827,0.06007619312516799,13.352853862313218,0.5864175651167919,0.0,0.0,-0.246,-0.837,-340.243888607972,,,,,,,,,,,,,,,,,,,,,,,,,,,,,,,80.7017543859649,0.8600699204553074,82.45614035087719,0.7685187989760042,68.42105263157895,0.528559809337718,75.43859649122807,0.6444882646318724,12.280701754385964,-1.1547550172767684,EU 2 3/8,100.0,0.0,100.0,0.0,100.0,0.0,100.0,0.0,100.0,0.0,0.9435336695535893,0.039818414527326595,rising,80.7017543859649,100.0,1.0,1.0,1.0,1,1,0.974216692383706,1.0163088799016946,0.6364220928389553,0.7960908985961238,Top Quartile,Top Decile,Bottom Quartile,Top Decile,Very Tight,2.912638072598384,"['REL_SPRD_LOG', 'YAS_RISK', 'Cpn']","[0.45410299333526766, 0.41048890782310615, 0.054632810615177926]",0.9192247117735516,0.6502171688148182,-1.8492460011563945
2026-06-01,EU000A4ERVC2,EU 3 1/4 12/12/36,2036-12-12,2.796862518671567,NO ACTION,0.33352885540591903,0.9806167999031136,0.24124034371530653,-0.38180640736748794,0.40723876093188904,37.236,0.44569471734337957,-0.03845595641149052,-8.6283175573362,0.40154609773376915,-0.06801724232785011,-16.93883741314871,0.2741127004421781,-0.03287235672687158,-11.99227743720616,-0.38180640736748794,0.0,0.0,37.745,-0.5090000000000003,-1.3485229828193086,0.41552714333890517,-0.008288382407016126,-1.994666856405434,0.35958936458469326,-0.026060509178774227,-7.247296783691882,0.25333656120217685,-0.012096217486870314,-4.77476166566447,-0.38180640736748794,0.0,0.0,38.94,-1.7040000000000006,-4.375963018907047,,,,,,,,,,,,,,,,,,,,,,,,,,,,,,,,,,,,,,,,,,,,,,57.89473684210527,0.42749608714679327,61.40350877192983,0.32186793629750143,57.89473684210527,0.24246745388389263,33.33333333333333,-0.38946111647926424,61.40350877192983,0.11995253687544961,EU 3 1/4,66.66666666666666,0.3087596291827904,66.66666666666666,0.1737675406930458,66.66666666666666,0.3115521839028872,33.33333333333333,-0.6283429664085041,66.66666666666666,-0.32947283453761633,0.9302922263024038,0.05032457360070974,rising,64.91228070175438,66.66666666666666,1.0,1.0,1.0,1,1,0.48035912732164315,0.4256463761857795,0.3010470854370593,0.5183211145293806,Above Median,Above Median,Above Median,Above Median,Very Tight,8.628153091568436,"['REL_SPRD_LOG', 'Cpn', 'YAS_RISK']","[0.5049425647621565, 0.2048331799960619, 0.16559714782874657]",0.8753728925869649,-0.3929230653489883,36.839920747910405
2026-06-01,EU000A4ES497,EU 4 10/12/46,2046-10-12,6.151029988429826,WEAK BUY,0.8617285679275672,0.9713818518311627,0.5997489486033667,0.12582203404640396,0.8040228951792917,74.946,0.8324507346269963,-0.02842783944770455,-3.4149575372705647,0.9018055322874541,-0.040076964359886835,-4.444080511884029,0.6221193591857797,-0.02237041058241296,-3.595838948350219,0.12582203404640396,0.0,0.0,77.525,-2.5790000000000077,-3.3266688160817037,0.809331699163043,-0.005308803983751331,-0.6559490902983824,1.1215297169676262,-0.2598011490400589,-23.164891914412742,0.7333893765283929,-0.13364042792502617,-18.2223018739926,0.12582203404640396,0.0,0.0,78.438,-3.4920000000000044,-4.451923811870283,,,,,,,,,,,,,,,,,,,,,,,,,,,,,,,,,,,,,,,,,,,,,,77.19298245614034,0.8374450313740459,85.96491228070175,0.8316005986045341,71.9298245614035,0.6241125009379738,52.63157894736842,0.1526263836758986,89.47368421052632,1.3744012925079074,EU 4 10/12/46,100.0,0.0,100.0,0.0,100.0,0.0,100.0,0.0,100.0,0.0,0.0,0.9713818518311627,rising,38.59649122807017,100.0,1.0,1.0,1.0,1,1,0.9483864831313075,1.0997298621965677,0.7484348189457843,0.170809645047458,Top Quartile,Top Decile,Top Quartile,Top Decile,Tight,13.786911913861388,"['YAS_RISK', 'Cpn', 'REL_SPRD_LOG']","[0.5570348020716939, 0.2029148782253519, 0.1384142053446922]",0.898363885641738,0.1539830909673311,75.02282807085945
2026-06-01,EU000A4EUY43,EU 3 1/8 10/12/33,2033-10-12,-0.1038899655661218,NO ACTION,0.0921415422460968,0.9759890631492208,0.13184296255266906,-0.8687772327734707,0.24996841950943027,20.093,0.3689093539524869,-0.11894093444305665,-32.2412348574528,0.27670341159624323,-0.18456186935014643,-66.70024833283529,0.21626342601752185,-0.0844204634648528,-39.03593923200822,-0.8687772327734707,0.0,0.0,19.938,0.15500000000000114,0.7774099705199125,,,,,,,,,,,,,,,,,,,,,,,,,,,,,,,,,,,,,,,,,,,,,,,,,,,,,,,,,,,,,52.63157894736842,0.2650077090600917,56.14035087719298,0.08892006664288724,54.385964912280706,0.1260100854632818,17.543859649122805,-0.9094887111852713,38.59649122807017,-0.45032099846815205,EU 3 1/8,100.0,1.1530378302634419,100.0,1.1287014819247083,100.0,1.1489460781930434,33.33333333333333,-1.1116016266371054,100.0,1.082837931466861,,,stable,50.877192982456144,100.0,1.0,1.0,,1,0,0.2948506462861056,0.11759016624060285,0.16452861490990328,1.1794081368977083,Above Median,Top Decile,Below Median,Top Decile,Very Tight,6.4782210594394485,"['REL_SPRD_LOG', 'Cpn', 'YAS_RISK']","[0.5514749553814887, 0.1824885255897019, 0.11935402237556132]",0.8533175033467519,-0.9175732240736904,19.91199907742765
2026-06-01,AT0000A04967,RAGB 4.15 03/15/37,2037-03-15,-0.9807789789006698,WEAK SELL,-0.7706045838656458,0.9456336133075988,-1.2786100586944273,-0.36926968643359054,-1.1474010648466808,20.94,-0.9475916053837635,-0.19980945946291728,-21.08603075619203,-0.44753588558182467,-0.3230686982838211,-72.18833203620719,-1.2007744126582882,-0.07783564603613913,-6.482120585465643,-0.36926968643359054,0.0,0.0,19.542,1.3979999999999997,7.153822532415399,-0.8447945131439959,-0.3026065517026849,-35.8201365435587,-0.2668375353203448,-0.503767048545301,-188.79166645777553,-1.1599935023680772,-0.11861655632635015,-10.225622390266608,-0.36926968643359054,0.0,0.0,26.93,-5.989999999999998,-22.24285182983926,-0.7448512413821394,-0.4025498234645414,-54.04432397979777,-0.102387613117166,-0.6682169707484797,-652.6345181231661,-1.118643315411378,-0.15996674328304938,-14.300066844293024,-0.36926968643359054,0.0,0.0,27.773,-6.832999999999998,-24.60303171259747,1.2770188959529105,-2.4244199607995913,-189.84996615931001,1.4647372876323175,-2.235341871497963,-152.61042885378106,1.4273689468186075,-2.7059790055130346,-189.5781040064272,-0.36926968643359054,0.0,0.0,46.246,-25.306,-54.720408239691984,1.0422496428570425,-2.1896507077037235,-210.08888817582186,1.069256946641749,-1.8398615305073949,-172.06916626344986,1.3558470965380593,-2.6344571552324867,-194.30340947211633,-0.36926968643359054,0.0,0.0,52.721,-31.780999999999995,-60.28148175105148,14.285714285714285,-1.3673225893595526,14.285714285714285,-0.8358919144819072,10.714285714285714,-1.5535526686793912,39.285714285714285,-0.34081503768773647,57.14285714285714,-0.07382123135373536,RAGB 4.15 03/15/37,100.0,0.0,100.0,0.0,100.0,0.0,100.0,0.0,100.0,0.0,0.9687202054999443,-0.023086592192345545,falling,42.857142857142854,100.0,-1.0,-1.0,-1.0,1,1,1.9902613063288643,1.6193966135607272,2.1817360602870473,0.43390638870540815,Bottom Quartile,Top Decile,Above Median,Top Decile,Very Tight,9.390473518919862,"['YAS_RISK', 'Cpn', 'Issue_Age']","[0.36411268186530193, 0.30282630629364976, 0.12095402964707835]",0.78789301780603,-0.3470690497151178,20.695644243371586
2026-06-01,AT0000A0U299,RAGB 3.8 01/26/62,2062-01-26,0.4814472247788472,MODERATE BUY,0.9876919879510804,0.9552909562028908,1.6201467270610397,1.5424091031909115,1.3508991001727475,67.825,1.4245190383270532,-0.07361993815430568,-5.168055719631443,1.1114496285580562,-0.1237576406069758,-11.13479516422654,1.643487070387036,-0.023340343325996216,-1.420171999192086,1.5424091031909115,0.0,0.0,70.384,-2.5589999999999975,-3.635769492550041,1.557502524340022,-0.2066034241672745,-13.265045777586545,1.3294291053420655,-0.3417371173909851,-25.705553868741266,1.6816286070417135,-0.06148187998067378,-3.6560914435930236,1.5424091031909115,0.0,0.0,73.64,-5.814999999999998,-7.896523627390476,1.7143506601709155,-0.36345155999816803,-21.20053769173917,1.6060525473123402,-0.6183605593612598,-38.501888157138495,1.734467832176619,-0.11432110511557925,-6.591134314264102,1.5424091031909115,0.0,0.0,70.765,-2.9399999999999977,-4.15459619809869,1.5364639972017906,-0.1855648970290431,-12.07739954592194,1.3073786045898619,-0.3196866166387815,-24.452489360862806,1.677540165527847,-0.057393438466807334,-3.4212854812104982,1.5424091031909115,0.0,0.0,84.351,-16.525999999999996,-19.5919431874439,1.8078356002243996,-0.4569365000516521,-25.275334630394543,1.7540728952726559,-0.7663809073215755,-43.69150820458332,1.7663473254999311,-0.14620059843889144,-8.277001668956132,1.5424091031909115,0.0,0.0,94.921,-27.096000000000004,-28.545843382544874,92.85714285714286,1.4212544174050807,92.85714285714286,1.0713714452428078,100.0,1.6503519623490197,100.0,1.5606612853223512,92.85714285714286,1.5319954396745459,RAGB 3.8 01/26/62,100.0,0.0,100.0,0.0,100.0,0.0,100.0,0.0,100.0,0.0,0.978657366792465,-0.023366410589574116,falling,71.42857142857143,100.0,1.0,1.0,1.0,1,1,2.3432453482928954,2.0755976463383035,2.764511755049368,1.8123912914045155,Top Decile,Top Decile,Top Decile,Top Decile,Tight,19.44181514376524,"['YAS_RISK', 'Issue_Age', 'Cpn']","[0.5249518737106346, 0.29243898871156565, 0.14191505375500127]",0.9593059161772014,1.589299676736344,67.58033804900931
2026-06-01,AT0000A0VRQ6,RAGB 3.15 06/20/44,2044-06-20,-2.22632796312071,STRONG SELL,-1.9775338892734513,0.9362956972690661,-1.672213121146459,1.1649427327341602,-1.8470927904030878,39.06,-1.9279303098688343,0.08083751946574647,4.192968938381871,-2.1096947909170005,0.1321609016435492,6.264455957615486,-1.6947771781090633,0.022564056962604218,1.3313878143344564,1.1649427327341602,0.0,0.0,38.752,0.30799999999999983,0.7947976876561726,-1.3279430609201146,-0.5191497294829732,-39.09427601615942,-1.0941192615730573,-0.883414627700394,-80.74207727191158,-1.5057773248351405,-0.16643579631131855,-11.053147929706402,1.1649427327341602,0.0,0.0,46.791,-7.7309999999999945,-16.522408151883383,1.373211392896371,-3.2203041832994588,-234.50898940303065,1.196870217383567,-3.1744041066570183,-265.225421606189,1.5390248020865394,-3.211237923232998,-208.6540709424528,1.1649427327341602,0.0,0.0,46.666,-7.6059999999999945,-16.298804265139747,-1.9200345545276205,0.07294176412453268,3.798981824188061,-2.088562492663452,0.11102860339000054,5.31602972132319,-1.6918790423523986,0.019665921205939574,1.1623715760648472,1.1649427327341602,0.0,0.0,61.209,-22.149,-36.18585501540854,-0.7645200234833336,-1.0825727669197542,-141.60162186820628,-0.16758387220196735,-1.809950017071484,-1080.0263087891612,-1.2956624824769456,-0.37655063866951344,-29.06240173315919,1.1649427327341602,0.0,0.0,68.771,-29.711,-43.202803501010195,7.142857142857142,-2.1483113132244824,7.142857142857142,-2.145074949289216,3.571428571428571,-1.988589744150479,89.28571428571429,1.185209420682974,71.42857142857143,0.5467908637520011,RAGB 3.15 06/20/44,100.0,0.0,100.0,0.0,100.0,0.0,100.0,0.0,100.0,0.0,0.9715989489594615,-0.03530325169039539,falling,32.142857142857146,100.0,-1.0,-1.0,-1.0,1,1,3.203934023217506,4.155713254943911,2.8533544234867385,1.3688534769565865,Bottom Decile,Top Decile,Above Median,Top Decile,Very Tight,12.571643942304432,"['YAS_RISK', 'Issue_Age', 'Cpn']","[0.49848453164130413, 0.34130781236863433, 0.08566761177433155]",0.92545995578427,1.2069582085950548,39.12533086525596
2026-06-01,AT0000A10683,RAGB 2.4 05/23/34,2034-05-23,1.1951120533691366,NO ACTION,1.8703883983314223e-17,0.9682669144850938,0.007204797416539061,-0.8682423224983142,0.06201522683128665,13.344,0.05650199857336242,0.0055132282579242325,9.75757923856076,1.8703883983314223e-17,0.0,0.0,0.007204797416539061,0.0,0.0,-0.8682423224983142,0.0,0.0,10.909,2.4349999999999987,22.321019321366727,0.04715522946364075,0.0148599973676459,31.51292949981468,1.8703883983314223e-17,0.0,0.0,0.007204797416539061,0.0,0.0,-0.8682423224983142,0.0,0.0,18.865,-5.520999999999999,-29.265836189098415,0.057639848235327654,0.004375378595958997,7.5908906265791485,1.8703883983314223e-17,0.0,0.0,0.007204797416539061,0.0,0.0,-0.8682423224983142,0.0,0.0,16.819,-3.4749999999999996,-20.661157012508973,-1.9552361257412427,2.0172513525725293,103.17175075161835,-2.1962942316707976,2.1962942316707976,99.9999995446876,-1.0946301905704416,1.1018349879869807,100.65819373636727,-0.8682423224983142,0.0,0.0,32.713,-19.369,-59.20887718668148,0.05803441350564094,0.0039808133256457115,6.8594001373319005,1.8703883983314223e-17,0.0,0.0,0.007204797416539061,0.0,0.0,-0.8682423224983142,0.0,0.0,41.528,-28.183999999999997,-67.86746290024381,57.14285714285714,-0.01738453555747787,48.214285714285715,3.74925697353982e-17,48.214285714285715,-0.1323819818584175,14.285714285714285,-0.8371246993612672,46.42857142857143,-0.33398510963316,RAGB 2.4 05/23/34,100.0,0.0,100.0,0.0,100.0,0.0,100.0,0.0,100.0,0.0,0.8854775617860835,0.08278935269901033,rising,85.71428571428571,100.0,1.0,1.0,1.0,1,1,0.10757050010408525,3.9305510267108197e-17,0.012293792172084634,1.0202188387434614,Above Median,Top Decile,Below Median,Top Decile,Very Tight,6.768364077745304,"['Issue_Age', 'AMT_OUTSTANDING', 'REL_SPRD_LOG']","[0.40217534326399257, 0.17252305928489772, 0.16845365447441432]",0.7431520570233046,-0.852486075354954,13.064862113169086
2026-06-01,AT0000A1K9F1,RAGB 1 1/2 02/20/47,2047-02-20,-2.835641398772623,MODERATE SELL,-1.1670427421383465,0.9161049352714971,-1.0247644178651307,1.3804285132810785,-1.2133534836461186,43.928,-1.5529661775050174,0.3396126938588988,21.86864701829199,-1.7325168469432561,0.5654741048049097,32.63888039753891,-1.1326164699524404,0.10785205208730964,9.52238061129381,1.3804285132810785,0.0,0.0,44.064,-0.13600000000000279,-0.30864197523860426,-1.4276548428305587,0.21430135918444004,15.010726070068872,-1.5148952038373398,0.3478524616989933,22.962146722865256,-1.088419899663303,0.06365548179817226,5.848430484688925,1.3804285132810785,0.0,0.0,49.691,-5.763000000000005,-11.59767362065613,0.6257267745775464,-1.8390802582236652,-293.9110652687343,0.1440953862957627,-1.3111381284341093,-909.9097973560067,0.8108423170124072,-1.8356067348775378,-226.38269781018104,1.3804285132810785,0.0,0.0,51.161,-7.233000000000004,-14.137722090237157,-0.930819902477258,-0.2825335811688606,-30.353194788982723,-0.6784723472770782,-0.4885703948612683,-72.01036116225194,-0.9200175112313904,-0.10474690663374031,-11.385316498488269,1.3804285132810785,0.0,0.0,65.791,-21.863,-33.23098903600326,-1.0544441250971093,-0.15890935854900934,-15.07043884637611,-0.879148756294436,-0.28789398584391046,-32.746902103652815,-0.9687682948524293,-0.055996123012701404,-5.780135738568696,1.3804285132810785,0.0,0.0,69.859,-25.930999999999997,-37.119054089363,10.714285714285714,-1.440938002423096,10.714285714285714,-1.26591719337387,17.857142857142858,-1.2729850721787421,92.85714285714286,1.399545172002261,75.0,0.7135204266093258,RAGB 1 1/2,50.0,-0.7071067739985606,50.0,-0.7071067726178811,50.0,-0.707106771496336,100.0,0.707106767310041,50.0,-0.7071067809448145,0.960390070568606,-0.04428513529710898,falling,10.714285714285714,50.0,-1.0,-1.0,-1.0,1,1,2.1046611890001055,2.4524965255448916,1.7485905640679316,1.6220577346835328,Bottom Quartile,Above Median,Top Quartile,Above Median,Very Tight,11.392446522116728,"['YAS_RISK', 'Issue_Age', 'AMT_OUTSTANDING']","[0.5749129166179203, 0.3381901060012886, 0.031678715883891505]",0.9447817385031004,1.425227056222953,43.97134449217453
2026-06-01,AT0000A1PEF7,RAGB 1 1/2 11/02/2086,2086-11-02,2.407615362322716,NO ACTION,1.8703883983314223e-17,0.9538668495970678,0.007204797416539061,0.659786053237759,0.1778566215920313,85.296,0.17544058181898525,0.0024160397730460526,1.3771270080637072,1.8703883983314223e-17,0.0,0.0,0.007204797416539061,0.0,0.0,0.659786053237759,0.0,0.0,88.328,-3.0319999999999965,-3.4326600847485857,0.16927677191230173,0.008579849679729579,5.068533075123436,1.8703883983314223e-17,0.0,0.0,0.007204797416539061,0.0,0.0,0.659786053237759,0.0,0.0,90.503,-5.206999999999994,-5.753400439128707,0.1722513685916235,0.005605253000407817,3.2541121274256084,1.8703883983314223e-17,0.0,0.0,0.007204797416539061,0.0,0.0,0.659786053237759,0.0,0.0,79.48,5.8160000000000025,7.317564166165383,0.18194527125660942,-0.0040886496645781145,-2.247186426787086,1.8703883983314223e-17,0.0,0.0,0.007204797416539061,0.0,0.0,0.659786053237759,0.0,0.0,86.53,-1.2339999999999947,-1.4260949957903446,0.17463338141472654,0.0032232401773047703,1.8457181362584247,1.8703883983314223e-17,0.0,0.0,0.007204797416539061,0.0,0.0,0.659786053237759,0.0,0.0,107.286,-21.989999999999995,-20.496616518418374,71.42857142857143,0.11191644051592582,48.214285714285715,3.74925697353982e-17,48.214285714285715,-0.1323819818584175,71.42857142857143,0.6827487192899981,100.0,2.1303792097403473,RAGB 1 1/2,100.0,0.7071067739985607,100.0,0.7071067726178811,100.0,0.707106771496336,50.0,-0.7071067673100407,100.0,0.7071067809448149,0.9060660200500738,0.04780082954699405,rising,67.85714285714286,100.0,1.0,1.0,1.0,1,1,0.3085069056270178,3.9305510267108197e-17,0.012293792172084634,0.7752745329396967,Above Median,Top Decile,Top Decile,Top Decile,Tight,13.889749274425968,"['YAS_RISK', 'REL_SPRD_LOG', 'Cpn']","[0.700540372512677, 0.1265618286150161, 0.05306229443909798]",0.880164495566791,0.6952772706446835,87.88142311182537
2026-06-01,AT0000A1ZGE4,RAGB 0 3/4 02/20/28,2028-02-20,-1.4216660569156725,NO ACTION,1.8703883983314223e-17,0.9316453248015332,0.007204797416539061,-0.8605651981701294,0.055441957340036895,-17.448,0.05903272905120633,-0.0035907717111694354,-6.0826784744897555,1.8703883983314223e-17,0.0,0.0,0.007204797416539061,0.0,0.0,-0.8605651981701294,0.0,0.0,-22.08,4.631999999999998,20.978260860064186,0.05364406740270042,0.0017978899373364762,3.35151618666103,1.8703883983314223e-17,0.0,0.0,0.007204797416539061,0.0,0.0,-0.8605651981701294,0.0,0.0,-17.285,-0.16300000000000026,-0.9430141735938609,0.060184975841694896,-0.0047430185016580015,-7.880733766613496,1.8703883983314223e-17,0.0,0.0,0.007204797416539061,0.0,0.0,-0.8605651981701294,0.0,0.0,-12.432,-5.016,-40.3474903150358,0.0548303984960649,0.0006115588439719946,1.1153643767142194,1.8703883983314223e-17,0.0,0.0,0.007204797416539061,0.0,0.0,-0.8605651981701294,0.0,0.0,-7.22,-10.228000000000002,-141.66204966528804,0.9461229624668834,-0.8906810051268466,-94.14008866146864,1.0642361353095795,-1.0642361353095795,-99.99999906035893,1.060754773600516,-1.053549976183977,-99.3207848290739,-0.8605651981701294,0.0,0.0,7.983,-25.431,-318.56444905603854,28.57142857142857,-0.02472155150905148,48.214285714285715,3.74925697353982e-17,48.214285714285715,-0.1323819818584175,17.857142857142858,-0.8294885471906845,3.571428571428571,-1.388614669925425,RAGB 0 3/4,100.0,0.7071067697113507,100.0,0.707106756150469,100.0,0.7071067717912852,50.0,-0.7071067762429412,50.0,-0.7071067810429725,0.9216287588188078,0.010016565982725378,rising,25.0,50.0,1.0,1.0,1.0,1,1,0.09616862474827448,3.9305510267108197e-17,0.012293792172084634,1.0111979160539837,Below Median,Top Decile,Bottom Decile,Above Median,Very Tight,1.6180112542130587,"['REL_SPRD_LOG', 'Cpn', 'Issue_Age']","[0.3054623172755102, 0.24069929004658525, 0.1976788279682027]",0.7438404352902981,-0.844709798535407,-18.43259976322555
2026-06-01,AT0000A269M8,RAGB 0 1/2 02/20/29,2029-02-20,-0.9064161881582448,NO ACTION,1.8703883983314223e-17,0.9758509866839854,0.007204797416539061,-0.8032207136586226,0.0633765044501768,-11.708,0.04593959254434592,0.017436911905830882,37.95616622716505,1.8703883983314223e-17,0.0,0.0,0.007204797416539061,0.0,0.0,-0.8032207136586226,0.0,0.0,-18.578,6.869999999999999,36.97922271666529,0.060399100194098714,0.0029774042560780853,4.9295498667279904,1.8703883983314223e-17,0.0,0.0,0.007204797416539061,0.0,0.0,-0.8032207136586226,0.0,0.0,-13.0,1.2919999999999998,9.938461530816566,-0.8776157803192038,0.9409922847693807,107.22143962645951,-0.2981056880256762,0.2981056880256762,99.99999664548513,-0.9541482350085404,0.9613530324250794,100.75510146921398,-0.8032207136586226,0.0,0.0,-7.54,-4.168,-55.27851451554574,0.8283270781518788,-0.7649505737017019,-92.34885405093061,0.8230774008231324,-0.8230774008231324,-99.99999878504744,1.0905382937426693,-1.0833334963261303,-99.33933476781031,-0.8032207136586226,0.0,0.0,2.309,-14.017,-607.0593304155074,1.3912794490340927,-1.327902944583916,-95.44473153551937,1.7634813047885305,-1.7634813047885305,-99.99999943293984,1.2747251715635595,-1.2675203741470205,-99.43479523894698,-0.8032207136586226,0.0,0.0,14.401,-26.109,-181.2999096025971,64.28571428571429,-0.015865091448634825,48.214285714285715,3.74925697353982e-17,48.214285714285715,-0.1323819818584175,25.0,-0.7724501053009428,14.285714285714285,-1.192019006244027,RAGB 0 1/2,100.0,0.0,100.0,0.0,100.0,0.0,100.0,0.0,100.0,0.0,0.9592630045339569,0.016587982150028546,rising,96.42857142857143,100.0,1.0,1.0,1.0,1,1,0.10993174784478747,3.9305510267108197e-17,0.012293792172084634,0.9438158939148987,Above Median,Top Decile,Bottom Quartile,Top Decile,Very Tight,2.486365668553958,"['REL_SPRD_LOG', 'Cpn', 'Issue_Age']","[0.2903470020937534, 0.24855538659193904, 0.21007990639248808]",0.7489822950781806,-0.7866246918505266,-12.076498352038875
2026-06-01,AT0000A2CQD2,RAGB 0 02/20/30,2030-02-20,-0.8788594381981003,NO ACTION,1.8703883983314223e-17,0.9525935678188393,0.007204797416539061,0.09348745969701958,0.07598221023079198,-6.765,0.5200935356249531,-0.4441113253941611,-85.39066272405081,0.33266607446910873,-0.33266607446910873,-99.99999699398272,0.9363419457608364,-0.9291371483442974,-99.23053673156356,0.09348745969701958,0.0,0.0,-9.855,3.0900000000000007,31.354642281730456,0.9034324790846927,-0.8274502688539007,-91.58960728678542,0.9403377735147767,-0.9403377735147767,-99.99999893655234,1.077212044504434,-1.070007247087895,-99.33116164209159,0.09348745969701958,0.0,0.0,-4.281,-2.484,-58.023826073291694,0.7748789991408432,-0.6988967889100512,-90.19431171389733,0.7266226717906875,-0.7266226717906875,-99.9999986237699,1.027943736641133,-1.020738939224594,-99.29910489362076,0.09348745969701958,0.0,0.0,-0.573,-6.192,-1080.628253392177,1.5464662546797405,-1.4704840444489486,-95.08671983565532,2.0147347333317,-2.0147347333317,-99.99999950365674,1.2796675280771574,-1.2724627306606184,-99.43697818361753,0.09348745969701958,0.0,0.0,11.057,-17.822,-161.18296087439361,0.06735864301575659,0.008623567215035391,12.802463869071373,1.8703883983314223e-17,0.0,0.0,0.007204797416539061,0.0,0.0,0.09348745969701958,0.0,0.0,21.24,-28.005,-131.8502824237993,67.85714285714286,-0.0017947320154279073,48.214285714285715,3.74925697353982e-17,48.214285714285715,-0.1323819818584175,57.14285714285714,0.11947241303190631,21.428571428571427,-1.022720684714907,RAGB 0 02/20/30,100.0,0.0,100.0,0.0,100.0,0.0,100.0,0.0,100.0,0.0,0.9582001304881058,-0.005606562669266513,falling,64.28571428571429,100.0,1.0,1.0,1.0,1,1,0.13179737898526137,3.9305510267108197e-17,0.012293792172084634,0.10985143789665315,Above Median,Top Decile,Bottom Quartile,Top Decile,Very Tight,3.2716466063135385,"['Cpn', 'Issue_Age', 'REL_SPRD_LOG']","[0.36132132742629325, 0.2648752318430781, 0.20319011536370352]",0.8293866746330749,0.1216647514718751,-7.128156961516617
2026-06-01,AT0000A2EJ08,RAGB 0 3/4 03/20/51,2051-03-20,-1.6539363755172474,WEAK SELL,-0.3994235605913323,0.9512115207978099,-1.0571614354307044,1.162249592739953,-0.8160027831325739,52.202,-1.1706706535595977,0.35466787042702375,30.296126952443103,-0.9894967736559463,0.590073213064614,59.63366660823688,-1.1925457772063293,0.13538434177562486,11.352548743036332,1.162249592739953,0.0,0.0,52.825,-0.6230000000000047,-1.1793658303493952,-1.080040819569853,0.2640380364372791,24.44704211251322,-0.8264049835132175,0.4269814229218851,51.6673333623868,-1.1569918617629602,0.0998304263322558,8.628446644153145,1.162249592739953,0.0,0.0,57.702,-5.5,-9.531732000705048,-1.0664467044191839,0.25044392128660997,23.483960136068177,-0.8083531185258148,0.4089295579344825,50.587984818001885,-1.1530586775217722,0.09589724209106776,8.316770267537404,1.162249592739953,0.0,0.0,54.573,-2.371000000000002,-4.344639289695524,-1.0421400393462468,0.22613725621367287,21.699315399646416,-0.7639090480228005,0.36448548743146814,47.71320402651768,-1.1433292217672548,0.08616778633655042,7.536568115498985,1.162249592739953,0.0,0.0,70.261,-18.058999999999997,-25.70273693433018,-0.7873939094944672,-0.028608873638106713,-3.6333622764669746,-0.3416753305187294,-0.057748230072602935,-16.901491920643124,-1.0436023002834516,-0.013559135147252821,-1.2992626610389584,1.162249592739953,0.0,0.0,77.604,-25.402,-32.73284881800773,17.857142857142858,-0.9974192281026876,17.857142857142858,-0.43326361112079714,14.285714285714285,-1.3087924759319338,85.71428571428571,1.1825306537471634,82.14285714285714,0.9969058832817796,RAGB 0 3/4,50.0,-0.7071067697113507,50.0,-0.7071067561504689,50.0,-0.7071067717912852,100.0,0.7071067762429412,100.0,0.7071067810429725,0.9749156440022823,-0.02370412320447235,falling,57.14285714285714,100.0,-1.0,-1.0,-1.0,1,1,1.415423791106937,0.8393736229198773,1.803870702831064,1.3656889316605711,Bottom Quartile,Above Median,Top Quartile,Top Decile,Tight,10.832280864191546,"['YAS_RISK', 'Cpn', 'REL_SPRD_LOG']","[0.7827953770681386, 0.07387939732342198, 0.06854369786805456]",0.9252184722596152,1.204230285845144,52.28161042381712
2026-06-01,AT0000A2KQ43,RAGB 0 10/20/40,2040-10-20,0.0301820907727545,NO ACTION,0.20901047509515344,0.919197546774461,1.280806081410133,0.5847703940427936,0.6517173136092884,32.47,-0.8233789281622952,1.4750962417715836,179.15156356365642,-0.29115529610248525,0.5001657711976387,171.78658973901125,-1.2859589029345415,2.5667649843446743,199.5992996764842,0.5847703940427936,0.0,0.0,31.251,1.2189999999999976,3.9006751771461077,-1.565606688823882,2.2173240024331706,141.62714071796404,-1.5153115896914866,1.72432206478664,113.79323336122467,-1.5427544319447293,2.8235605133548622,183.02073464106218,0.5847703940427936,0.0,0.0,37.32,-4.850000000000001,-12.995712751072963,-1.894448532688017,2.5461658462973054,134.40142547680773,-2.0727948985318196,2.281805373626973,110.08350919016863,-1.649312673426385,2.930118754836518,177.6569588217382,0.5847703940427936,0.0,0.0,36.501,-4.030999999999999,-11.04353305086339,-1.2905812819944373,1.9422985956037258,150.49796612208272,-1.0537255032390447,1.262735978334198,119.83538051125635,-1.4588119998499036,2.7396180812600366,187.79788367261347,0.5847703940427936,0.0,0.0,54.538,-22.067999999999998,-40.463530008349494,-2.063238317475746,2.7149556310850342,131.587107263882,-2.3565359148112788,2.5655463899064324,108.86939438921952,-1.6892655449289775,2.9700716263391103,175.820291704461,0.5847703940427936,0.0,0.0,56.19,-23.72,-42.21391705958108,82.14285714285714,0.6408348822111112,82.14285714285714,0.2267183064207173,82.14285714285714,1.2752894281482543,64.28571428571429,0.6081334122685511,67.85714285714286,0.3210826017902569,RAGB 0 10/20/40,100.0,0.0,100.0,0.0,100.0,0.0,100.0,0.0,100.0,0.0,0.9704864137059276,-0.051288866931466615,falling,17.857142857142858,100.0,1.0,-1.0,-1.0,0,0,1.1304571624347248,0.43922766961742116,2.185483208931378,0.687128186316964,Top Quartile,Top Decile,Above Median,Top Decile,Very Tight,8.405558520442469,"['AMT_OUTSTANDING', 'Issue_Age', 'Cpn']","[0.37142994013410663, 0.29234412447587815, 0.20966406477247518]",0.87343812938246,0.6192927604604155,32.688689512479655
2026-06-01,AT0000A2NW83,RAGB 0 02/20/31,2031-02-20,0.903524968958161,NO ACTION,1.8703883983314223e-17,0.9688030195623495,0.007204797416539061,0.7439780465711154,0.19564929900349445,-0.343,1.406932350865253,-1.2112830518617586,-86.09390796277005,1.6829266093810824,-1.6829266093810824,-99.99999940579704,1.0569250942077808,-1.0497202967912418,-99.318323749918,0.7439780465711154,0.0,0.0,-2.436,2.093,85.91953987717758,0.7279011359319093,-0.5322518369284148,-73.12144511697247,0.5395914905178152,-0.5395914905178152,-99.99999814674618,0.8209857921607339,-0.8137809947441949,-99.12241997394146,0.7439780465711154,0.0,0.0,1.05,-1.393,-132.66666540317462,0.19507185512529795,0.0005774438781964986,0.2960159722805729,1.8703883983314223e-17,0.0,0.0,0.007204797416539061,0.0,0.0,0.7439780465711154,0.0,0.0,5.204,-5.547,-106.59108357688109,0.19162166375282505,0.0040276352506694035,2.1018683178108004,1.8703883983314223e-17,0.0,0.0,0.007204797416539061,0.0,0.0,0.7439780465711154,0.0,0.0,18.446,-18.789,-101.85948167523611,0.19063753715426984,0.005011761849224611,2.628947929742789,1.8703883983314223e-17,0.0,0.0,0.007204797416539061,0.0,0.0,0.7439780465711154,0.0,0.0,27.648,-27.991,-101.24059602819713,75.0,0.13177644445504447,48.214285714285715,3.74925697353982e-17,48.214285714285715,-0.1323819818584175,75.0,0.7664913871373752,28.57142857142857,-0.8027664421779843,RAGB 0 02/20/31,100.0,0.0,100.0,0.0,100.0,0.0,100.0,0.0,100.0,0.0,0.9590561537600094,0.009746865802340077,rising,89.28571428571429,100.0,1.0,1.0,1.0,1,1,0.3393697647204583,3.9305510267108197e-17,0.012293792172084634,0.8742034326769252,Top Quartile,Top Decile,Below Median,Top Decile,Very Tight,4.021247155946384,"['AMT_OUTSTANDING', 'Issue_Age', 'YAS_RISK']","[0.6853736537672006, 0.14949879972374377, 0.052841214915574385]",0.8877136684065188,0.7805566302280702,-0.6122129689366507
2026-06-01,AT0000A2QQB6,RAGB 0.7 04/20/2071,2071-04-20,-0.9044602758122268,NO ACTION,0.08742571136973556,0.950618783020361,1.3296344936675115,0.21402895916687895,0.5399489766496963,73.92,0.7592151601279176,-0.21926618347822124,-28.880637809341692,0.45588612701849607,-0.36846041564876053,-80.82290417043576,1.4170443381854894,-0.08740984451797784,-6.168462167744097,0.21402895916687895,0.0,0.0,76.897,-2.977000000000004,-3.871412408303136,-1.3692704396151505,1.9092194162648468,139.43333231221453,-1.1559137657778853,1.243339477147621,107.56334107281502,-1.5568052151221305,2.8864397087896423,185.4078893243182,0.21402895916687895,0.0,0.0,76.117,-2.1970000000000027,-2.8863460195637876,-1.975838561088377,2.515787537738073,127.32758508465946,-2.1773296885460227,2.2647553999157584,104.01527161587502,-1.7453910490022442,3.0750255426697555,176.17974647054737,0.21402895916687895,0.0,0.0,66.548,7.372,11.077718336978164,-1.6540744280604613,2.1940234047101574,132.64357118551635,-1.6245181908650197,1.7119439022347553,105.38163877284867,-1.643749287822073,2.9733837814895843,180.89034534823796,0.21402895916687895,0.0,0.0,77.988,-4.067999999999998,-5.216187105039723,-1.375222980328741,1.9151719569784373,139.26264834480583,-1.1706076516236374,1.258033362993373,107.46840331187273,-1.5598586081514738,2.889493101818985,185.2407050353838,0.21402895916687895,0.0,0.0,91.63,-17.709999999999994,-19.327731090327646,78.57142857142857,0.5160802114578407,78.57142857142857,0.0948326116686221,85.71428571428571,1.3292579352427216,60.71428571428571,0.23937059280252151,96.42857142857143,1.7407498944024413,RAGB 0.7 04/20/2071,100.0,0.0,100.0,0.0,100.0,0.0,100.0,0.0,100.0,0.0,0.931415758522561,0.01920302449779998,rising,53.57142857142857,100.0,1.0,1.0,-1.0,1,0,0.936585809915868,0.18372185151051626,2.268800798265269,0.25149243537264787,Top Quartile,Top Decile,Top Decile,Top Decile,Tight,11.204292730814911,"['YAS_RISK', 'Issue_Age', 'Cpn']","[0.5085437527296509, 0.2254334359368277, 0.10621797948040172]",0.8401951681468802,0.2437630825721793,74.97854793475642
2026-06-01,AT0000A2T198,RAGB 0 1/4 10/20/36,2036-10-20,0.2590612658358431,NO ACTION,0.4307929880921726,0.9895435920165561,1.2507896753589618,-0.7456780202880359,0.669827275440798,20.881,1.5263132901149292,-0.8564860146741312,-56.114692482181674,1.8636773368562987,-1.432884348764126,-76.88478647772128,1.5475898282959688,-0.296800152937007,-19.178218000178255,-0.7456780202880359,0.0,0.0,20.733,0.1479999999999997,0.7138378427078372,0.7441912716744223,-0.07436399623362433,-9.992591698508766,0.5785157195237665,-0.14772273143159387,-25.534782183571576,1.283238445348762,-0.032448769989800175,-2.528662529910013,-0.7456780202880359,0.0,0.0,26.137,-5.256,-20.109423415040204,-1.201332401838945,1.871159677279743,155.757029348393,-0.7275624922540559,1.1583554803462284,159.21044264342046,-1.3075396638368486,2.5583293391958106,195.65978687963178,-0.7456780202880359,0.0,0.0,26.06,-5.1789999999999985,-19.873369140493715,1.0792191798648378,-0.40939190442403983,-37.934083110152294,1.116121677574424,-0.6853286894822515,-61.40268548778227,1.4049083947044552,-0.15411871934549337,-10.970019029668677,-0.7456780202880359,0.0,0.0,44.517,-23.636000000000003,-53.09432350493197,1.3476455817622062,-0.6778183063214082,-50.296480800644375,1.5628495691598914,-1.1320565810677188,-72.43541516492297,1.4863667104364255,-0.23557703507746375,-15.849186599676685,-0.7456780202880359,0.0,0.0,52.395,-31.514000000000003,-60.14696057636283,85.71428571428571,0.661049035763929,85.71428571428571,0.4672907261404639,78.57142857142857,1.242113239367341,28.57142857142857,-0.7152145123758928,53.57142857142857,-0.07584198817554767,RAGB 0 1/4,100.0,0.0,100.0,0.0,100.0,0.0,100.0,0.0,100.0,0.0,0.9065974927961952,0.08294609922036089,rising,100.0,100.0,1.0,1.0,1.0,1,1,1.1618703773920966,0.9052952975735234,2.1342651889910944,0.8762009685795527,Top Quartile,Top Decile,Above Median,Top Decile,Very Tight,7.299722877556292,"['YAS_RISK', 'AMT_OUTSTANDING', 'REL_SPRD_LOG']","[0.3698997872846948, 0.20759885706081138, 0.17664328314805175]",0.7541419274935579,-0.7283388163763963,20.63410510036777
2026-06-01,AT0000A2VB47,RAGB 0 10/20/28,2028-10-20,-1.4985856296126627,NO ACTION,1.8703883983314223e-17,0.9600190529523698,0.007204797416539061,-0.27326896921277966,0.06053480457082306,-14.022,0.0595987359747783,0.0009360685960447604,1.5706179395803008,1.8703883983314223e-17,0.0,0.0,0.007204797416539061,0.0,0.0,-0.27326896921277966,0.0,0.0,-20.606,6.584000000000001,31.95185866643121,0.05689282208937747,0.0036419824814455867,6.401478618122063,1.8703883983314223e-17,0.0,0.0,0.007204797416539061,0.0,0.0,-0.27326896921277966,0.0,0.0,-14.304,0.28200000000000003,1.9714765086888446,0.062261638735192526,-0.001726834164369466,-2.7735117836566334,1.8703883983314223e-17,0.0,0.0,0.007204797416539061,0.0,0.0,-0.27326896921277966,0.0,0.0,-10.5,-3.5220000000000002,-33.54285711091157,-0.7822723561389677,0.8428071607097908,107.7383271084472,-0.2167068257696275,0.21670682576962752,99.99999538547092,-1.107930563596564,1.115135361013103,100.65029231869202,-0.27326896921277966,0.0,0.0,-1.442,-12.58,-872.3994391650525,0.4566046893873381,-0.39606988481651506,-86.74240220215708,0.12536042108581227,-0.12536042108581225,-99.99999202300125,1.0991550723763244,-1.0919502749597854,-99.34451402426649,-0.27326896921277966,0.0,0.0,11.678,-25.700000000000003,-220.0719299365714,50.0,-0.019036967692588898,48.214285714285715,3.74925697353982e-17,48.214285714285715,-0.1323819818584175,46.42857142857143,-0.24532666810488704,7.142857142857142,-1.271273773797817,RAGB 0 10/20/28,100.0,0.0,100.0,0.0,100.0,0.0,100.0,0.0,100.0,0.0,0.9397285128721611,0.020290540080208697,rising,75.0,100.0,1.0,1.0,1.0,1,1,0.10500258620518861,3.9305510267108197e-17,0.012293792172084634,0.32110177448234917,Above Median,Top Decile,Bottom Decile,Top Decile,Very Tight,2.1783194289142216,"['Issue_Age', 'AMT_OUTSTANDING', 'Cpn']","[0.47566345056103676, 0.1855338457516708, 0.13530373727183248]",0.7965010335845399,-0.2498284528364957,-14.57955017745822
2026-06-01,AT0000A2WSC8,RAGB 0.9 02/20/32,2032-02-20,1.1452334170818208,NO ACTION,1.8703883983314223e-17,0.9437387540347469,0.007204797416539061,-2.122496454549103,0.05761262688524663,4.28,0.05562852739822293,0.001984099487023702,3.5666936069526876,1.8703883983314223e-17,0.0,0.0,0.007204797416539061,0.0,0.0,-2.122496454549103,0.0,0.0,2.242,2.0380000000000003,90.90098086128022,0.05449761170663557,0.003115015178611062,5.71587361257598,1.8703883983314223e-17,0.0,0.0,0.007204797416539061,0.0,0.0,-2.122496454549103,0.0,0.0,7.299,-3.019,-41.361830331056545,0.061965880567163595,-0.004353253681916962,-7.025241858177697,1.8703883983314223e-17,0.0,0.0,0.007204797416539061,0.0,0.0,-2.122496454549103,0.0,0.0,10.357,-6.076999999999999,-58.67529201634132,0.06367352465923762,-0.006060897773990985,-9.518707900271535,1.8703883983314223e-17,0.0,0.0,0.007204797416539061,0.0,0.0,-2.122496454549103,0.0,0.0,23.424,-19.144,-81.72814204161195,0.05214602763017445,0.005466599255072181,10.48324954973936,1.8703883983314223e-17,0.0,0.0,0.007204797416539061,0.0,0.0,-2.122496454549103,0.0,0.0,33.533,-29.253,-87.23645361666523,39.285714285714285,-0.022298672437989556,48.214285714285715,3.74925697353982e-17,48.214285714285715,-0.1323819818584175,3.571428571428571,-2.0846849841100457,32.142857142857146,-0.644428157648524,RAGB 0.9 02/20/32,100.0,0.0,100.0,0.0,100.0,0.0,100.0,0.0,100.0,0.0,0.9263841015469683,0.017354652487778677,rising,39.285714285714285,100.0,1.0,1.0,1.0,1,1,0.09993382920643375,3.9305510267108197e-17,0.012293792172084634,2.494016718588841,Below Median,Top Decile,Below Median,Top Decile,Very Tight,4.865574398335326,"['Issue_Age', 'YAS_RISK', 'Cpn']","[0.23360999714428937, 0.2002671072752211, 0.19681079950667593]",0.6306879039261863,-2.1229392966321137,4.045103995637602
2026-06-01,AT0000A2Y8G4,RAGB 1.85 05/23/49,2049-05-23,-4.652766850020285,STRONG SELL,-2.3474222143457175,0.9244488684424464,-1.3942767268398868,0.6244896445695919,-1.9609965430613316,46.203,-1.6059530353635476,-0.35504350769778403,-22.10796316385521,-1.7289504054662868,-0.6184718088794308,-35.771517988422644,-1.292065688993228,-0.10221103784665875,-7.910668778398897,0.6244896445695919,0.0,0.0,48.413,-2.2099999999999937,-4.564889594826813,-1.2395791815591248,-0.7214173615022068,-58.1985698384319,-1.1169097375197394,-1.230512476825978,-110.17116464051908,-1.1769682975142564,-0.21730842932563044,-18.463405338805032,0.6244896445695919,0.0,0.0,54.344,-8.140999999999998,-14.980494624065118,-0.8862761146724953,-1.0747204283888363,-121.26248225246692,-0.5475392687139897,-1.7998829456317278,-328.722160327772,-1.0477942466457704,-0.3464824801941164,-33.067797231804484,0.6244896445695919,0.0,0.0,52.813,-6.609999999999999,-12.515857835662455,-0.9482200138770431,-1.0127765291842885,-106.80817781544934,-0.6257931082348375,-1.7216291061108802,-275.11154340703615,-1.0661663572460558,-0.328110369593831,-30.774781466925404,0.6244896445695919,0.0,0.0,68.786,-22.583,-32.8308085899993,-1.4062740674395704,-0.5547224756217612,-39.44625621143176,-1.4037706558646244,-0.9436515584810932,-67.22262983746494,-1.2275304159832112,-0.16674631085667557,-13.58388414064094,0.6244896445695919,0.0,0.0,71.8,-25.596999999999994,-35.650417822332805,3.571428571428571,-2.27544951306706,3.571428571428571,-2.5463010341876013,7.142857142857142,-1.6813953961368735,67.85714285714286,0.6476406845437473,78.57142857142857,0.7914394396537824,RAGB 1.85 05/23/49,100.0,0.0,100.0,0.0,100.0,0.0,100.0,0.0,100.0,0.0,0.9589417813123814,-0.034492912869934944,falling,21.428571428571427,100.0,-1.0,-1.0,-1.0,1,1,3.401509429504625,4.933019688825846,2.3791020509189993,0.7337998660982609,Bottom Decile,Top Decile,Top Quartile,Top Decile,Very Tight,12.450093995241929,"['YAS_RISK', 'GREEN_BOND_LOAN_INDICATOR', 'Issue_Age']","[0.38309695245976005, 0.2893608525217863, 0.20454179711844406]",0.8769996020999904,0.6595249976833278,46.141486555679926
2026-06-01,AT0000A324S8,RAGB 2.9 02/20/33,2033-02-20,1.2279279442261457,NO ACTION,1.8703883983314223e-17,0.9169776881000345,0.007204797416539061,-0.7296355498747714,0.052809239053589155,8.513,0.05539539129434027,-0.0025861522407511148,-4.668532369699325,1.8703883983314223e-17,0.0,0.0,0.007204797416539061,0.0,0.0,-0.7296355498747714,0.0,0.0,8.054,0.45899999999999963,5.699031530048378,0.04612841293737607,0.006680826116213082,14.483101070424558,1.8703883983314223e-17,0.0,0.0,0.007204797416539061,0.0,0.0,-0.7296355498747714,0.0,0.0,12.709,-4.196,-33.01597290658905,0.06203738887921986,-0.009228149825630708,-14.875139822668777,1.8703883983314223e-17,0.0,0.0,0.007204797416539061,0.0,0.0,-0.7296355498747714,0.0,0.0,13.309,-4.795999999999999,-36.035765244544464,-0.7597036302750096,0.8125128693285988,106.95129340626464,-0.3056335567998015,0.3056335567998015,99.99999672810807,-0.5929163139099695,0.6001211113265085,101.21514404748164,-0.7296355498747714,0.0,0.0,27.641,-19.128,-69.20154839940612,0.05795841491784892,-0.005149175864259767,-8.884257761590796,1.8703883983314223e-17,0.0,0.0,0.007204797416539061,0.0,0.0,-0.7296355498747714,0.0,0.0,38.346,-29.833,-77.79950970693174,25.0,-0.027660164643562423,48.214285714285715,3.74925697353982e-17,48.214285714285715,-0.1323819818584175,32.142857142857146,-0.6992576592586367,39.285714285714285,-0.4994474182123992,RAGB 2.9 02/20/33,100.0,0.0,100.0,0.0,100.0,0.0,100.0,0.0,100.0,0.0,0.879756869282114,0.0372208188179205,rising,14.285714285714285,100.0,1.0,1.0,1.0,1,1,0.09160195883126007,3.9305510267108197e-17,0.012293792172084634,0.857350435598734,Below Median,Top Decile,Below Median,Top Decile,Very Tight,5.988507199985804,"['Issue_Age', 'REL_SPRD_LOG', 'YAS_RISK']","[0.38719057871847984, 0.23736273467188848, 0.13102708084012063]",0.755580394230489,-0.7120891523785183,8.427085902504114
2026-06-01,AT0000A33SH3,RAGB 2.9 05/23/29,2029-05-23,-2.2083858472391285,NO ACTION,1.8703883983314223e-17,0.8663156971106684,0.007204797416539061,-0.8499397905395488,0.04371583479086105,-11.744,-2.2588011716567498,2.302517006447611,101.93535514085383,-2.465341785831354,2.465341785831354,99.99999959437673,-1.6614744931195318,1.6686792905360708,100.4336381571316,-0.8499397905395488,0.0,0.0,-18.471,6.727,36.41925178040212,-2.254994945281566,2.298710780072427,101.93862184429598,-2.454800387807487,2.454800387807487,99.99999959263491,-1.6605429494834607,1.6677477468999997,100.43388142266312,-0.8499397905395488,0.0,0.0,-10.714,-1.0299999999999994,-9.61358968675229,-2.223076230858101,2.266792065648962,101.96645638990711,-2.390844493274029,2.390844493274029,99.99999958173775,-1.652987095546442,1.660191892962981,100.43586470773813,-0.8499397905395488,0.0,0.0,-8.633,-3.1110000000000007,-36.0361403497786,-1.9993138032614057,2.043029638052267,102.18654142740849,-2.0034254342829776,2.0034254342829776,99.9999995008549,-1.5968874676852887,1.6040922651018277,100.45117689988918,-0.8499397905395488,0.0,0.0,1.583,-13.327,-841.8824962610076,-1.9992966185059087,2.04301245329677,102.18656022160806,-2.005831700737891,2.005831700737891,99.9999995014537,-1.597353239503324,1.604558036919863,100.45104534133445,-0.8499397905395488,0.0,0.0,14.2,-25.944,-182.7042252234477,21.428571428571427,-0.037810129165564484,48.214285714285715,3.74925697353982e-17,48.214285714285715,-0.1323819818584175,21.428571428571427,-0.818919846454172,10.714285714285714,-1.1932520104064885,RAGB 2.9 05/23/29,100.0,0.0,100.0,0.0,100.0,0.0,100.0,0.0,100.0,0.0,0.9465478378147528,-0.08023214070408446,falling,3.571428571428571,100.0,1.0,-1.0,-1.0,0,0,0.07582870290410784,3.9305510267108197e-17,0.012293792172084634,0.9987126446577971,Bottom Quartile,Top Decile,Bottom Quartile,Top Decile,Very Tight,2.830665809911892,"['GREEN_BOND_LOAN_INDICATOR', 'AMT_OUTSTANDING', 'Issue_Age']","[0.2635499222238941, 0.25206914503239575, 0.22917410754663864]",0.7447931748029286,-0.8339471604011541,-12.46831781615957
2026-06-01,AT0000A33SK7,RAGB 3.15 10/20/53,2053-10-20,-0.2831885307555453,WEAK BUY,0.49099521397278356,0.9522637024913302,1.4636991486253692,1.3989691113229878,1.0103489621940824,57.41,1.120164870329004,-0.10981590813492148,-9.803548572480457,0.6680480641110871,-0.17705285013830352,-26.503010337076745,1.5054633549758774,-0.04176420635050815,-2.7741761986468103,1.3989691113229878,0.0,0.0,59.644,-2.2340000000000018,-3.7455569707354406,1.2775972950323393,-0.2672483328382569,-20.918041372315837,0.9195898566833266,-0.42859464271054304,-46.60715153988701,1.5661171961689324,-0.1024180475435632,-6.539615754181025,1.3989691113229878,0.0,0.0,64.17,-6.760000000000005,-10.534517685751215,1.7843402008006073,-0.7739912386065249,-43.37688709370319,1.7830741421777236,-1.29207892820494,-72.46355551881474,1.7326564973287035,-0.2689573487033343,-15.522831419021141,1.3989691113229878,0.0,0.0,64.035,-6.625,-10.345904581815274,2.143519325972255,-1.1331703637781725,-52.86494713443724,2.385314089809874,-1.8943188758370904,-79.41590904057796,1.8266906521476294,-0.3629915035222602,-19.871536601358287,1.3989691113229878,0.0,0.0,82.873,-25.463000000000008,-30.725326701009347,1.9422247197664846,-0.9318757575724022,-47.97981115627348,2.0411294990287714,-1.5501342850559878,-75.94492550321252,1.7780433733750425,-0.3143442247496733,-17.679221310842934,1.3989691113229878,0.0,0.0,88.101,-30.691000000000003,-34.836153955705825,89.28571428571429,1.0411358481016024,89.28571428571429,0.5325934182098246,92.85714285714286,1.4774353784098837,96.42857142857143,1.417986820454124,85.71428571428571,1.175280485451243,RAGB 3.15 10/20/53,100.0,0.0,100.0,0.0,100.0,0.0,100.0,0.0,100.0,0.0,0.9847009561070711,-0.0324372536157409,falling,60.71428571428571,100.0,1.0,1.0,1.0,1,1,1.752533187349886,1.0318080159781118,2.497559902843377,1.6438436657695663,Top Quartile,Top Decile,Top Quartile,Top Decile,Tight,15.695664315060752,"['YAS_RISK', 'REL_SPRD_LOG', 'Issue_Age']","[0.6448495854717043, 0.2126132749327218, 0.08898134235006817]",0.9464442027544944,1.444007111958735,57.334157125260695
2026-06-01,AT0000A38239,RAGB 3.45 10/20/30,2030-10-20,0.2053076401769988,NO ACTION,1.8703883983314223e-17,0.9721337637846429,0.007204797416539061,-1.8778474669099268,0.06270929398532381,-2.575,0.5130741907938852,-0.45036489680856134,-87.77773197555186,0.3934869191294459,-0.3934869191294459,-99.99999745861953,0.8277136073101343,-0.8205088098935953,-99.12955311283233,-1.8778474669099268,0.0,0.0,-6.228,3.6529999999999996,58.65446361808853,1.0964484537785268,-1.033739159793203,-94.28068841747309,1.3540930191547726,-1.3540930191547726,-99.9999992614983,1.0306348627008932,-1.0234300652843542,-99.30093502486889,-1.8778474669099268,0.0,0.0,-0.302,-2.273,-752.648981700365,1.274650040250483,-1.2119407462651592,-95.08027289741207,1.6595687490892972,-1.6595687490892972,-99.99999939743383,1.0892186069249021,-1.0820138095083631,-99.3385343121586,-1.8778474669099268,0.0,0.0,4.112,-6.687,-162.62159493525877,0.06563920429150384,-0.0029299103061800336,-4.463658405733344,1.8703883983314223e-17,0.0,0.0,0.007204797416539061,0.0,0.0,-1.8778474669099268,0.0,0.0,16.095,-18.669999999999998,-115.9987573059964,0.05478213504830316,0.007927158937020645,14.47033322632952,1.8703883983314223e-17,0.0,0.0,0.007204797416539061,0.0,0.0,-1.8778474669099268,0.0,0.0,25.098,-27.673,-110.25978161197713,60.71428571428571,-0.016609824922623657,48.214285714285715,3.74925697353982e-17,48.214285714285715,-0.1323819818584175,7.142857142857142,-1.8413416672468308,25.0,-0.8792127002506114,RAGB 3.45 10/20/30,100.0,0.0,100.0,0.0,100.0,0.0,100.0,0.0,100.0,0.0,0.9633984328188839,0.008735330965758958,rising,92.85714285714286,100.0,1.0,1.0,1.0,1,1,0.10877441654010367,3.9305510267108197e-17,0.012293792172084634,2.2065445468213927,Above Median,Top Decile,Below Median,Top Decile,Very Tight,4.1415092605163295,"['AMT_OUTSTANDING', 'REL_SPRD_LOG', 'YAS_RISK']","[0.2669751669215189, 0.1931043557588627, 0.19254511679071357]",0.6526246394710952,-1.875130589858962,-2.908477652625116
2026-06-01,AT0000A39UW5,RAGB 2.9 02/20/34,2034-02-20,1.2400426227593968,NO ACTION,1.8703883983314223e-17,0.9353514728258256,0.007204797416539061,-0.2650842078648155,0.05610717995731374,12.437,0.06271104420125456,-0.00660386424394082,-10.5306222771307,1.8703883983314223e-17,0.0,0.0,0.007204797416539061,0.0,0.0,-0.2650842078648155,0.0,0.0,11.827,0.6099999999999994,5.157690026923399,0.058781489986723556,-0.002674310029409814,-4.5495777243075395,1.8703883983314223e-17,0.0,0.0,0.007204797416539061,0.0,0.0,-0.2650842078648155,0.0,0.0,17.619,-5.182,-29.41143082501196,0.06161425635976337,-0.005507076402449629,-8.9379890856673,1.8703883983314223e-17,0.0,0.0,0.007204797416539061,0.0,0.0,-0.2650842078648155,0.0,0.0,17.924,-5.487,-30.612586459153878,0.31549351330443065,-0.2593863333471169,-82.21605649153882,0.15650478470186277,-0.15650478470186274,-99.9999936104194,0.5700641633002149,-0.5628593658836759,-98.7361409900873,-0.2650842078648155,0.0,0.0,32.899,-20.462000000000003,-62.19641932514776,0.05846049281138627,-0.002353312854072531,-4.02547487773947,1.8703883983314223e-17,0.0,0.0,0.007204797416539061,0.0,0.0,-0.2650842078648155,0.0,0.0,42.895,-30.458000000000006,-71.0059447322518,32.142857142857146,-0.023979036850127946,48.214285714285715,3.74925697353982e-17,48.214285714285715,-0.1323819818584175,50.0,-0.23718558812999288,42.857142857142854,-0.3650499645040708,RAGB 2.9 02/20/34,100.0,0.0,100.0,0.0,100.0,0.0,100.0,0.0,100.0,0.0,0.9502508291832745,-0.014899356357448879,falling,28.57142857142857,100.0,1.0,1.0,1.0,1,1,0.09732250796820842,3.9305510267108197e-17,0.012293792172084634,0.31148435835157934,Below Median,Top Decile,Below Median,Top Decile,Very Tight,6.735630748470811,"['YAS_RISK', 'REL_SPRD_LOG', 'Cpn']","[0.3417971986442783, 0.30490787129410774, 0.15052985977595634]",0.7972349297143424,-0.2415379827043353,12.22631124897634
2026-06-01,AT0000A3D3Q8,RAGB 3.2 07/15/39,2039-07-15,1.9902817705924605,STRONG BUY,2.108335009951771,0.9145571387722197,1.4516667099927878,0.882422690903412,1.7781626004319904,30.955,1.117717535551568,0.6604450648804223,59.08872662050839,0.9847086357450119,1.123626374206759,114.107495558409,1.2423799064222119,0.20928680357057594,16.845636411547694,0.882422690903412,0.0,0.0,28.909,2.0459999999999994,7.077380744032174,1.898448179128015,-0.12028557869602463,-6.3359948080159905,2.297752667061122,-0.1894176571093511,-8.243605110347238,1.4787849802872937,-0.027118270294505864,-1.8338210404230175,0.882422690903412,0.0,0.0,36.512,-5.557000000000002,-15.219653808276831,1.5488317057766836,0.22933089465530676,14.806701872082051,1.7058747865194748,0.40246022343229604,23.592600362784093,1.377816000622063,0.0738507093707248,5.359983394109517,0.882422690903412,0.0,0.0,35.814,-4.859000000000002,-13.567320038653236,0.8627204090509062,0.9154421913810842,106.11110751130455,0.5614290306957547,1.546905979256016,275.5300967935329,1.1416696888781115,0.3099970211146763,27.152951630344763,0.882422690903412,0.0,0.0,52.682,-21.727000000000004,-41.24179035700205,-0.6544942519716856,2.4326568524036762,371.68497781404784,-0.10798672878839377,2.216321738740165,2052.4017704462535,-1.0238069980169466,2.4754737080097344,241.79104935065646,0.882422690903412,0.0,0.0,57.33,-26.375,-46.005581711842744,96.42857142857143,1.8981615518379977,96.42857142857143,2.2869578312099414,89.28571428571429,1.4641363027347765,78.57142857142857,0.9041971642136186,64.28571428571429,0.2691936766199925,RAGB 3.2 07/15/39,100.0,0.0,100.0,0.0,100.0,0.0,100.0,0.0,100.0,0.0,0.9712528755444507,-0.05669573677223105,falling,7.142857142857142,100.0,1.0,1.0,1.0,1,1,3.0843689520837216,4.430586901313694,2.477028541401798,1.0368813287100587,Top Decile,Top Decile,Above Median,Top Decile,Very Tight,10.232244421733585,"['Issue_Age', 'YAS_RISK', 'REL_SPRD_LOG']","[0.6051828537164547, 0.16327938311353818, 0.1316652313622243]",0.9001274681922172,0.9207893309750466,30.967181414305465
2026-06-01,AT0000A3EPP2,RAGB 2 1/2 10/20/29,2029-10-20,0.5378562743685338,NO ACTION,1.8703883983314223e-17,0.9366585374790442,0.007204797416539061,-0.23099742487447159,0.05634178714619689,-6.973,0.39687055425662005,-0.3405287671104231,-85.80348299407618,0.0562621828517167,-0.05626218285171668,-99.99998222607489,1.0504819173916242,-1.0432771199750852,-99.31414265884338,-0.23099742487447159,0.0,0.0,-12.146,5.173000000000001,42.59015310177001,-0.8656771601425545,0.9220189472887513,106.50840510636532,-0.3792218953798767,0.3792218953798767,99.99999736302154,-1.1144254928369466,1.1216302902534856,100.64650238155876,-0.23099742487447159,0.0,0.0,-7.026,0.052999999999999936,0.7543410179983752,0.5595397768701378,-0.5031979897239409,-89.93068974391393,0.30275876041972094,-0.30275876041972094,-99.99999669704036,1.1117050352511673,-1.1045002378346283,-99.35191376100023,-0.23099742487447159,0.0,0.0,-2.966,-4.007,-135.09777432536148,-1.0069667015966706,1.0633084887428674,105.59519758670672,-0.6176798741022276,0.6176798741022276,99.99999838103841,-1.1661779170631028,1.1733827144796418,100.61781202073372,-0.23099742487447159,0.0,0.0,6.053,-13.026,-215.19907448339822,-1.2042998623018366,1.2606416494480335,104.67838438266277,-0.9472461604460323,0.9472461604460323,99.99999894430822,-1.2458766503713834,1.2530814477879224,100.57829058410897,-0.23099742487447159,0.0,0.0,16.991,-23.964,-141.03937370311377,35.714285714285715,-0.02371717071342369,48.214285714285715,3.74925697353982e-17,48.214285714285715,-0.1323819818584175,53.57142857142857,-0.20328072339251615,17.857142857142858,-1.0298447087646858,RAGB 2 1/2,100.0,0.0,100.0,0.0,100.0,0.0,100.0,0.0,100.0,0.0,0.9621293489686437,-0.02547081148959951,falling,35.714285714285715,100.0,1.0,1.0,-1.0,1,0,0.09772945338993252,3.9305510267108197e-17,0.012293792172084634,0.27143104920299593,Below Median,Top Decile,Bottom Quartile,Top Decile,Very Tight,3.174543739127955,"['AMT_OUTSTANDING', 'REL_SPRD_LOG', 'Issue_Age']","[0.34621973539041867, 0.2656731330125711, 0.18839849228722363]",0.8002913606902134,-0.207010958119413,-7.506128819233448
2026-06-01,AT0000A3HU25,RAGB 2.95 02/20/35,2035-02-20,2.1627301950918376,NO ACTION,1.8703883983314223e-17,0.9471409124903012,0.007204797416539061,-0.6028493533162481,0.058223285913801326,17.059,0.06238873513532073,-0.004165449221519402,-6.676603628562448,1.8703883983314223e-17,0.0,0.0,0.007204797416539061,0.0,0.0,-0.6028493533162481,0.0,0.0,16.756,0.3030000000000008,1.808307470871151,0.0573691965250373,0.0008540893887640233,1.4887592848112308,1.8703883983314223e-17,0.0,0.0,0.007204797416539061,0.0,0.0,-0.6028493533162481,0.0,0.0,21.835,-4.776,-21.873139444985963,0.05508051943935107,0.003142766474450255,5.70576664102465,1.8703883983314223e-17,0.0,0.0,0.007204797416539061,0.0,0.0,-0.6028493533162481,0.0,0.0,22.297,-5.2379999999999995,-23.491949579094964,1.4718627406064437,-1.4136394546926425,-96.04424421435954,2.034888309542193,-2.034888309542193,-99.99999950857254,1.0547256161781688,-1.0475208187616298,-99.31690221250756,-0.6028493533162481,0.0,0.0,38.491,-21.432,-55.68054868523017,,,,,,,,,,,,,,,,42.857142857142854,-0.0216170610968689,48.214285714285715,3.74925697353982e-17,48.214285714285715,-0.1323819818584175,35.714285714285715,-0.5731481098149831,50.0,-0.20674593009023445,RAGB 2.95 02/20/35,100.0,0.0,100.0,0.0,100.0,0.0,100.0,0.0,100.0,0.0,0.942382532936559,0.0047583795537421425,rising,46.42857142857143,100.0,1.0,1.0,1.0,1,1,0.10099306740406883,3.9305510267108197e-17,0.012293792172084634,0.7083716737141013,Below Median,Top Decile,Above Median,Top Decile,Very Tight,7.451106632296245,"['REL_SPRD_LOG', 'Issue_Age', 'Cpn']","[0.3298277519904643, 0.2893126931724624, 0.14780838059670123]",0.766948825759628,-0.5836654719495089,16.5959103677144
2026-06-01,AT0000A3NY15,RAGB 2.8 09/20/32,2032-09-20,1.346300178719412,NO ACTION,1.8703883983314223e-17,0.9607329449898693,0.007204797416539061,-1.351242102056116,0.06066294222925593,6.925,0.05681653403819396,0.0038464081910619743,6.769873557385489,1.8703883983314223e-17,0.0,0.0,0.007204797416539061,0.0,0.0,-1.351242102056116,0.0,0.0,5.548,1.3769999999999998,24.8197548218822,0.05738132111097244,0.0032816211182834926,5.718970011234163,1.8703883983314223e-17,0.0,0.0,0.007204797416539061,0.0,0.0,-1.351242102056116,0.0,0.0,9.291,-2.3660000000000005,-25.465504224017327,0.06299820612652249,-0.002335263897266557,-3.706873052685379,1.8703883983314223e-17,0.0,0.0,0.007204797416539061,0.0,0.0,-1.351242102056116,0.0,0.0,11.647,-4.722,-40.542628968367275,0.42863012287082397,-0.367967180641568,-85.84724974351305,0.310534694226544,-0.310534694226544,-99.99999677974802,0.6891464914446007,-0.6819416940280617,-98.95453181559563,-1.351242102056116,0.0,0.0,25.748,-18.823,-73.10470713332892,,,,,,,,,,,,,,,,53.57142857142857,-0.018893941753188304,48.214285714285715,3.74925697353982e-17,48.214285714285715,-0.1323819818584175,10.714285714285714,-1.317546750300405,35.714285714285715,-0.5538366018232109,RAGB 2.8 09/20/32,100.0,0.0,100.0,0.0,100.0,0.0,100.0,0.0,100.0,0.0,0.942450082519273,0.018282862470596295,rising,78.57142857142857,100.0,1.0,1.0,1.0,1,1,0.10522485148912104,3.9305510267108197e-17,0.012293792172084634,1.5877625548755039,Above Median,Top Decile,Below Median,Top Decile,Very Tight,5.643247907479321,"['Issue_Age', 'YAS_RISK', 'Cpn']","[0.3202287174156252, 0.22289070553278886, 0.15672389801735334]",0.6998433209657674,-1.3417239499888958,6.755478448927631
2026-06-01,AT0000A3RVH9,RAGB 3.2 02/20/36,2036-02-20,2.743760670725344,NO ACTION,1.8703883983314223e-17,0.9499489998407286,0.007204797416539061,-0.33692169628418966,0.05872731414056108,21.14,0.0628832205027005,-0.0041559063621394166,-6.608926305020132,1.8703883983314223e-17,0.0,0.0,0.007204797416539061,0.0,0.0,-0.33692169628418966,0.0,0.0,21.124,0.01600000000000179,0.07574323041293064,0.04842346483981509,0.010303849300745987,21.27862433423279,1.8703883983314223e-17,0.0,0.0,0.007204797416539061,0.0,0.0,-0.33692169628418966,0.0,0.0,25.364,-4.224,-16.65352467408393,,,,,,,,,,,,,,,,,,,,,,,,,,,,,,,,,,,,,,,,,,,,,,46.42857142857143,-0.02105446996247186,48.214285714285715,3.74925697353982e-17,48.214285714285715,-0.1323819818584175,42.857142857142854,-0.30863968600214753,60.71428571428571,-0.06697120822894802,RAGB 3.2 02/20/36,100.0,0.0,100.0,0.0,100.0,0.0,100.0,0.0,100.0,0.0,0.892543268681299,0.057405731159429596,rising,50.0,100.0,1.0,1.0,1.0,1,1,0.1018673457255305,3.9305510267108197e-17,0.012293792172084634,0.39589622945522857,Below Median,Top Decile,Above Median,Top Decile,Very Tight,8.214285728455906,"['Issue_Age', 'YAS_RISK', 'Cpn']","[0.4124386102223817, 0.22821629238940583, 0.15013863529107324]",0.7907935379028608,-0.3143032750312007,20.69572202971498
2026-06-01,AT0000A3T279,RAGB 3 3/4 03/20/56,2056-03-20,2.575216739026004,STRONG BUY,2.347775603781797,0.9634893957519222,1.470401087562656,1.0897689753556994,1.9586996592221038,63.46,1.886553856598673,0.07214580262343073,3.8242111132243823,2.21558020637785,0.13219539740394692,5.9666265489618375,1.4532192827195727,0.017181804843083404,1.1823270534021855,1.0897689753556994,0.0,0.0,65.579,-2.1189999999999927,-3.231217309926762,1.9702495555179451,-0.011549896295841355,-0.5862148886100672,2.3651047286227898,-0.017329124840992804,-0.7327001023677128,1.4724194321074766,-0.0020183445448205273,-0.13707673826499242,1.0897689753556994,0.0,0.0,69.484,-6.023999999999994,-8.669621782184436,,,,,,,,,,,,,,,,,,,,,,,,,,,,,,,,,,,,,,,,,,,,,,100.0,2.0996751641973477,100.0,2.5466843635610137,96.42857142857143,1.4848428205601043,82.14285714285714,1.1104368592345493,89.28571428571429,1.3824936849760612,RAGB 3 3/4,100.0,0.0,100.0,0.0,100.0,0.0,100.0,0.0,100.0,0.0,0.9724859338063074,-0.008996538054385272,falling,82.14285714285714,100.0,1.0,1.0,1.0,1,1,3.397525295995948,4.933762323463684,2.508995650399008,1.2805213587571944,Top Decile,Top Decile,Top Quartile,Top Decile,Tight,17.51048818718033,"['YAS_RISK', 'Issue_Age', 'Cpn']","[0.7257154702724564, 0.0978561357581683, 0.09514780751211924]",0.918719413542744,1.1308135583391958,63.15772848328602
2026-06-01,NL0000102234,NETHER 4 01/15/37,2037-01-15,0.5633473974830245,WEAK BUY,0.8485699025090702,0.8813233479988657,1.8910311737165588,-1.6927238102632614,1.1152882335568612,10.351,0.8777870410202243,0.23750119253663693,27.05681204349013,0.47543507801673884,0.3731348244923313,78.48281161763857,1.864588009800306,0.026443163916252788,1.4181772936138892,-1.6927238102632614,0.0,0.0,9.406,0.9450000000000003,10.04677864124306,0.7154699287141368,0.3998183048427244,55.881915257165005,0.19968028390251868,0.6488896186065515,324.9642746035475,1.846801834070922,0.0442293396456368,2.3949152849090547,-1.6927238102632614,0.0,0.0,10.446,-0.09499999999999886,-0.9094390188498465,-1.8696710717292238,2.984959305286085,159.65157371559454,-0.9120526534433541,1.7606225559524242,193.03957178364988,-1.9009657518096166,3.7919969255261754,199.47739205552023,-1.6927238102632614,0.0,0.0,11.612,-1.2609999999999992,-10.859455726094156,1.2908580770517655,-0.17556984349490423,-13.601018210754223,1.116510637082996,-0.26794073457392587,-23.998045632072547,1.912437544505906,-0.021406370789347262,-1.1193239088466747,-1.6927238102632614,0.0,0.0,27.311,-16.96,-62.09952031705191,1.720219643101296,-0.6049314095444347,-35.16593991086167,1.824547124970787,-0.9759772224617168,-53.49147762506795,1.9753974585922216,-0.08436628487566278,-4.270851118169494,-1.6927238102632614,0.0,0.0,29.479,-19.128,-64.88686859632726,91.30434782608695,1.0340954463512921,91.30434782608695,0.7746296585932794,91.30434782608695,1.7523997995551073,4.3478260869565215,-1.645780980766424,65.21739130434783,0.28450948118240926,NETHER 4 01/15/37,100.0,0.0,100.0,0.0,100.0,0.0,100.0,0.0,100.0,0.0,0.8892287263623166,-0.007905378363450954,falling,47.82608695652174,100.0,1.0,1.0,1.0,1,1,1.9303382681998462,1.675628587805226,3.510433744460485,2.060138087935519,Top Decile,Top Decile,Above Median,Top Decile,Very Tight,9.305737179184348,"['REL_SPRD_LOG', 'AMT_OUTSTANDING', 'Cpn']","[0.25553677468481883, 0.23049089197807157, 0.2024627849931215]",0.688490451656012,-1.682769458051305,10.099460859671623
2026-06-01,NL0000102317,NETHER 5 1/2 01/15/28,2028-01-15,-3.137078195109531,NO ACTION,1.297434910620451e-17,0.6445725094855239,-0.0026062922682919608,0.6737754360256731,0.07020619405634565,-22.687,-0.0314576332660803,0.10166382732242596,323.17687139661405,1.297434910620451e-17,0.0,0.0,-0.0026062922682919608,0.0,0.0,0.6737754360256731,0.0,0.0,-25.242,2.5549999999999997,10.122018853449797,0.11119250027322111,-0.04098630621687546,-36.8606717450342,1.297434910620451e-17,0.0,0.0,-0.0026062922682919608,0.0,0.0,0.6737754360256731,0.0,0.0,-19.569,-3.118000000000002,-15.933363985930123,0.11607082661445241,-0.04586463255810676,-39.51434649381685,1.297434910620451e-17,0.0,0.0,-0.0026062922682919608,0.0,0.0,0.6737754360256731,0.0,0.0,-14.007,-8.680000000000001,-61.96901544801242,0.12920344988177987,-0.05899725582543422,-45.66228789803016,1.297434910620451e-17,0.0,0.0,-0.0026062922682919608,0.0,0.0,0.6737754360256731,0.0,0.0,-9.477,-13.21,-139.39010220598277,0.04146653350084169,0.028739660555503962,69.30806893736056,1.297434910620451e-17,0.0,0.0,-0.0026062922682919608,0.0,0.0,0.6737754360256731,0.0,0.0,-2.35,-20.337,-865.4042516365776,73.91304347826086,0.07921546578319227,52.17391304347826,-6.296923239211499e-18,52.17391304347826,-0.0048852769310778945,73.91304347826086,0.6978221886248466,4.3478260869565215,-1.632029595827972,NETHER 5 1/2,100.0,0.0,100.0,0.0,100.0,0.0,100.0,0.0,100.0,0.0,0.8508764263752338,-0.20630391688970984,falling,8.695652173913043,100.0,1.0,-1.0,1.0,0,1,0.12151271660010679,2.561979891843864e-17,0.004838215495177188,0.8200218074890616,Above Median,Top Decile,Bottom Decile,Top Decile,Very Tight,1.630899565476085,"['REL_SPRD_LOG', 'Cpn', 'AMT_OUTSTANDING']","[0.3582734018727744, 0.2724646910242281, 0.2218044855028694]",0.8525425783998719,0.7135055514018429,-23.751932102516594
2026-06-01,NL0009446418,NETHER 3 3/4 01/15/42,2042-01-15,0.9236261635060714,STRONG BUY,1.5388775556893541,0.8530216751378209,2.007034815420595,-0.10811637468881838,1.5595055363167991,20.671,0.7105045779922174,0.8490009583245817,119.49267783389475,0.15252959129851126,1.386347964390843,908.904207831542,1.9037018564264299,0.10333295899416517,5.428001139072191,-0.10811637468881838,0.0,0.0,19.781,0.8900000000000006,4.499266971083736,1.8862998370246382,-0.3267943007078391,-17.324621068241576,2.0321758158760694,-0.4932982601867153,-24.274388756398814,2.053861251522292,-0.04682643610169679,-2.279922065767467,-0.10811637468881838,0.0,0.0,21.727,-1.056000000000001,-4.860312051889214,1.3768518457530983,0.18265369056370084,13.266038012767506,1.2097073288031583,0.3291702268861958,27.210732408374504,1.9805129516117348,0.026521863808860235,1.3391411378230431,-0.10811637468881838,0.0,0.0,21.879,-1.208000000000002,-5.5212761069878615,0.7359665186550124,0.8235390176617867,111.89897714055203,0.18626870423442488,1.3526088514549293,726.1599764696017,1.906377652775098,0.10065716264549707,5.280022138896197,-0.10811637468881838,0.0,0.0,36.726,-16.055,-43.71562379684267,-1.1473390095497267,2.7068445458665256,235.92368948881622,-0.19135813644020275,1.730235692129557,904.1871089978581,-1.9123772362377611,3.919412051658356,204.94973255768727,-0.10811637468881838,0.0,0.0,36.206,-15.535000000000004,-42.90725292965055,95.65217391304348,1.4399719167096885,95.65217391304348,1.4047872686219425,95.65217391304348,1.860050536322999,65.21739130434783,-0.07650475383462801,78.26086956521739,0.8831741483761597,NETHER 3 3/4,100.0,0.0,100.0,0.0,100.0,0.0,100.0,0.0,100.0,0.0,0.9399967209272387,-0.08697504578941784,falling,13.043478260869565,100.0,1.0,1.0,1.0,1,1,2.699188537676223,3.038744619412599,3.7257782104736035,0.1315835814888795,Top Decile,Top Decile,Top Quartile,Top Decile,Very Tight,12.263789764529063,"['REL_SPRD_LOG', 'AMT_OUTSTANDING', 'YAS_RISK']","[0.5315244618932061, 0.14828459903233182, 0.11853066292769918]",0.7983397238532371,-0.0782241772466525,20.76163175830768
2026-06-01,NL0010071189,NETHER 2 1/2 01/15/33,2033-01-15,-0.3033923680585704,NO ACTION,1.297434910620451e-17,0.9323493590387837,-0.0026062922682919608,1.5771812196784616,0.3068579111001258,-1.284,0.31621232437177127,-0.00935441327164549,-2.958269572320823,1.297434910620451e-17,0.0,0.0,-0.0026062922682919608,0.0,0.0,1.5771812196784616,0.0,0.0,-2.013,0.7289999999999999,36.21460488716043,0.30102504412837827,0.005832866971747508,1.9376682743689377,1.297434910620451e-17,0.0,0.0,-0.0026062922682919608,0.0,0.0,1.5771812196784616,0.0,0.0,-1.416,0.1319999999999999,9.322033832471506,0.3059688451259843,0.0008890659741414564,0.2905740108009943,1.297434910620451e-17,0.0,0.0,-0.0026062922682919608,0.0,0.0,1.5771812196784616,0.0,0.0,0.19,-1.474,-775.7894328531878,0.29799724608849554,0.008860665011630242,2.9734048990702493,1.297434910620451e-17,0.0,0.0,-0.0026062922682919608,0.0,0.0,1.5771812196784616,0.0,0.0,11.478,-12.762,-111.18661778080971,0.2978679576093554,0.008989953490770364,3.0181001209772274,1.297434910620451e-17,0.0,0.0,-0.0026062922682919608,0.0,0.0,1.5771812196784616,0.0,0.0,16.432,-17.715999999999998,-107.8140213560041,82.6086956521739,0.29544154032196607,52.17391304347826,-6.296923239211499e-18,52.17391304347826,-0.0048852769310778945,91.30434782608695,1.592487446234897,43.47826086956522,-0.39043852296480863,NETHER 2 1/2,100.0,2.039728727995878,58.333333333333336,1.5407439555097887e-25,58.333333333333336,0.0,100.0,2.005634359577944,50.0,0.0770781730586128,0.9029897164156907,0.029359642623092985,rising,82.6086956521739,66.66666666666666,1.0,1.0,1.0,1,1,0.5311089554019218,2.561979891843864e-17,0.004838215495177188,1.9195163927722276,Top Quartile,Top Decile,Below Median,Above Median,Very Tight,5.867238743883263,"['Cpn', 'Issue_Age', 'GREEN_BOND_LOAN_INDICATOR']","[0.47945002400060405, 0.2342418809864298, 0.20147720513616502]",0.9151691101231988,1.6282781659113956,-1.5525172820967217
2026-06-01,NL0010721999,NETHER 2 3/4 01/15/47,2047-01-15,-2.8094359347135622,NO ACTION,1.297434910620451e-17,0.9740763763690964,-0.0026062922682919608,-0.27469603312831775,0.0018099165287318892,24.189,-0.0187721134208041,0.02058202994953599,109.64145871066493,1.297434910620451e-17,0.0,0.0,-0.0026062922682919608,0.0,0.0,-0.27469603312831775,0.0,0.0,24.482,-0.29299999999999926,-1.1967976467621906,-0.00793861586155964,0.009748532390291529,122.79873822364911,1.297434910620451e-17,0.0,0.0,-0.0026062922682919608,0.0,0.0,-0.27469603312831775,0.0,0.0,25.658,-1.4690000000000012,-5.725309842651298,-0.009555703486613762,0.011365620015345652,118.94056923397002,1.297434910620451e-17,0.0,0.0,-0.0026062922682919608,0.0,0.0,-0.27469603312831775,0.0,0.0,27.634,-3.4450000000000003,-12.46652673790746,-0.0012876541408795546,0.0030975706696114436,240.55734498404303,1.297434910620451e-17,0.0,0.0,-0.0026062922682919608,0.0,0.0,-0.27469603312831775,0.0,0.0,42.246,-18.057000000000002,-42.7425081563361,-0.011161952836678878,0.012971869365410768,116.21494852844725,1.297434910620451e-17,0.0,0.0,-0.0026062922682919608,0.0,0.0,-0.27469603312831775,0.0,0.0,39.419,-15.229999999999997,-38.63619065967269,69.56521739130434,0.01672253825406505,52.17391304347826,-6.296923239211499e-18,52.17391304347826,-0.0048852769310778945,52.17391304347826,-0.24147274023358126,86.95652173913044,1.0872538285299984,NETHER 2 3/4,100.0,0.7071067769165209,100.0,0.7071067767826865,100.0,0.7071067758505976,50.0,-0.7071067739343283,100.0,0.7071067805864875,0.9250072944810758,0.049069081888020616,rising,100.0,100.0,1.0,-1.0,-1.0,0,0,0.0031325992981351297,2.561979891843864e-17,0.004838215495177188,0.3343201986178897,Above Median,Top Decile,Top Quartile,Top Decile,Very Tight,13.53354484193332,"['Cpn', 'GREEN_BOND_LOAN_INDICATOR', 'YAS_RISK']","[0.3856654267728326, 0.21163557806507863, 0.18949096666251183]",0.7867919715004231,-0.2468997740074711,24.34846957812572
2026-06-01,NL0012818504,NETHER 0 3/4 07/15/28,2028-07-15,-0.97785678520896,NO ACTION,1.297434910620451e-17,0.9086370838161351,-0.0026062922682919608,-0.2722123170672529,-0.011190878238656006,-18.359,-0.0599652031721833,0.04877432493352729,81.33769956504175,1.297434910620451e-17,0.0,0.0,-0.0026062922682919608,0.0,0.0,-0.2722123170672529,0.0,0.0,-21.276,2.916999999999998,13.71028388150484,-0.01450773929751647,0.003316861058860464,22.862685250759508,1.297434910620451e-17,0.0,0.0,-0.0026062922682919608,0.0,0.0,-0.2722123170672529,0.0,0.0,-16.586,-1.7730000000000032,-10.68973832708929,-0.0036034073735717012,-0.007587470865084305,-210.56319816662307,1.297434910620451e-17,0.0,0.0,-0.0026062922682919608,0.0,0.0,-0.2722123170672529,0.0,0.0,-15.315,-3.0440000000000023,-19.87593860928768,-0.008708370198145764,-0.0024825080405102423,-28.507115950665906,1.297434910620451e-17,0.0,0.0,-0.0026062922682919608,0.0,0.0,-0.2722123170672529,0.0,0.0,-6.935,-11.424000000000003,-164.72963206239424,-0.03662488881235089,0.025434010573694883,69.4445893325386,1.297434910620451e-17,0.0,0.0,-0.0026062922682919608,0.0,0.0,-0.2722123170672529,0.0,0.0,-0.457,-17.902,-3917.2865663613443,47.82608695652174,0.004843854872627908,52.17391304347826,-6.296923239211499e-18,52.17391304347826,-0.0048852769310778945,56.52173913043478,-0.23901305433183942,8.695652173913043,-1.3809617005164845,NETHER 0 3/4,100.0,0.0,100.0,0.0,100.0,0.0,100.0,0.0,100.0,0.0,0.8919417167195968,0.016695367096538294,rising,69.56521739130434,100.0,-1.0,-1.0,-1.0,1,1,0.019369145902265298,2.561979891843864e-17,0.004838215495177188,0.3312973794042691,Below Median,Top Decile,Bottom Decile,Top Decile,Very Tight,1.9745747058294685,"['Cpn', 'Issue_Age', 'GREEN_BOND_LOAN_INDICATOR']","[0.46011045851392424, 0.16444412377222142, 0.16240956712757473]",0.7869641494137204,-0.2443848073380161,-18.832595530475665
2026-06-01,NL0013332430,NETHER 0 1/4 07/15/29,2029-07-15,0.8612038788092473,NO ACTION,1.297434910620451e-17,0.8530387742484908,-0.0026062922682919608,-0.16157947480174598,-0.022236569350271396,-12.404,-0.048980176704947934,0.026743607354676537,54.60086854257524,1.297434910620451e-17,0.0,0.0,-0.0026062922682919608,0.0,0.0,-0.16157947480174598,0.0,0.0,-15.509,3.1050000000000004,20.020633167824727,-0.01158812461624896,-0.010648444734022437,-91.89093056522762,1.297434910620451e-17,0.0,0.0,-0.0026062922682919608,0.0,0.0,-0.16157947480174598,0.0,0.0,-11.456,-0.9480000000000004,-8.275139657581061,-0.010950040453165898,-0.011286528897105498,-103.07284834329067,1.297434910620451e-17,0.0,0.0,-0.0026062922682919608,0.0,0.0,-0.16157947480174598,0.0,0.0,-9.792,-2.612,-26.67483657406573,-0.004459796296724257,-0.017776773053547138,-398.5996671336205,1.297434910620451e-17,0.0,0.0,-0.0026062922682919608,0.0,0.0,-0.16157947480174598,0.0,0.0,-1.937,-10.467,-540.3717060383495,-0.018104900441095407,-0.0041316689091759895,-22.82070890446233,1.297434910620451e-17,0.0,0.0,-0.0026062922682919608,0.0,0.0,-0.16157947480174598,0.0,0.0,3.08,-15.484,-502.7272710950413,21.73913043478261,-0.005248471772906539,52.17391304347826,-6.296923239211499e-18,52.17391304347826,-0.0048852769310778945,60.86956521739131,-0.1294505940104174,17.391304347826086,-1.035511303894509,NETHER 0 1/4,100.0,0.0,100.0,0.0,100.0,0.0,100.0,0.0,100.0,0.0,0.9066375505272842,-0.05359877627879339,falling,17.391304347826086,100.0,-1.0,-1.0,-1.0,1,1,0.038487002264352546,2.561979891843864e-17,0.004838215495177188,0.19665111830377321,Bottom Quartile,Top Decile,Bottom Quartile,Top Decile,Very Tight,2.8088108251061783,"['Cpn', 'Issue_Age', 'GREEN_BOND_LOAN_INDICATOR']","[0.46240100402515594, 0.1679450110008964, 0.1642875021636502]",0.7946335171897025,-0.1323599606953063,-13.09986656865503
2026-06-01,NL0013552060,NETHER 0 1/2 01/15/40,2040-01-15,-0.7376145012980455,STRONG SELL,-1.644121979218641,0.8608469192633447,-2.137380229203731,1.6824705475654445,-2.0503649982764744,15.408,-2.0081172295101823,-0.042247768766292104,-2.103849712310479,-1.5633115638448034,-0.0808104153738376,-5.169181673432681,-2.129510239942942,-0.007869989260788746,-0.36956803851963677,1.6824705475654445,0.0,0.0,14.84,0.5679999999999996,3.8274932588763493,-2.654149248243922,0.6037842499674477,22.74869237636366,-2.6230801819917104,0.9789582027730694,37.32094069261925,-2.221667814186786,0.08428758498305511,3.793887820016817,1.6824705475654445,0.0,0.0,14.405,1.0030000000000001,6.9628601131809384,-2.3035937159976276,0.2532287177211532,10.992768163209261,-2.041798647406805,0.39767666818816405,19.47678174562202,-2.173975679266402,0.03659545006267084,1.6833421939055726,1.6824705475654445,0.0,0.0,17.212,-1.8040000000000003,-10.481059719683326,-2.8543776466835467,0.8040126484070722,28.167703966028128,-2.9416173223158077,1.2974953430971667,44.108230150918544,-2.2464582803582727,0.10907805115454172,4.855556482962593,1.6824705475654445,0.0,0.0,30.371,-14.963,-49.26739322074762,-3.001017359140306,0.9506523608638315,31.677669401032578,-3.141272584388127,1.497150605169486,47.66063944415841,-2.259601162423791,0.12222093322005989,5.408960426806559,1.6824705475654445,0.0,0.0,29.073,-13.665000000000001,-47.002373319918014,13.043478260869565,-1.8583271408200253,13.043478260869565,-1.500861206227179,4.3478260869565215,-1.9859436624110356,95.65217391304348,1.6967580911235296,73.91304347826086,0.577866770135781,NETHER 0 1/2,50.0,-0.7071067762978048,50.0,-0.7071067751042738,50.0,-0.7071067765022109,100.0,0.7071067777163347,100.0,0.7071067806012387,0.8226313691335877,0.03821555012975697,rising,21.73913043478261,50.0,-1.0,-1.0,-1.0,1,1,3.5487669472922874,3.246565524032615,3.9677461617901844,2.0476593026302568,Bottom Quartile,Above Median,Above Median,Top Decile,Very Tight,8.768572755018056,"['Issue_Age', 'Cpn', 'GREEN_BOND_LOAN_INDICATOR']","[0.6594870756147795, 0.22079959253408013, 0.04218138288479095]",0.9224680510336504,1.734892265017215,15.481987952838448
2026-06-01,NL0014555419,NETHER 0 07/15/30,2030-07-15,1.0820301942366246,NO ACTION,1.297434910620451e-17,0.87075244352594,-0.0026062922682919608,-0.7054679456738014,-0.01871740265593219,-8.358,-0.022603122701102242,0.0038857200451700505,17.19106858572999,1.297434910620451e-17,0.0,0.0,-0.0026062922682919608,0.0,0.0,-0.7054679456738014,0.0,0.0,-10.844,2.485999999999999,22.925119860821532,-0.012250495908409762,-0.006466906747522429,-52.788895380092086,1.297434910620451e-17,0.0,0.0,-0.0026062922682919608,0.0,0.0,-0.7054679456738014,0.0,0.0,-8.615,0.2569999999999997,2.9831688880056038,-0.005596383612763952,-0.01312101904316824,-234.45489990629906,1.297434910620451e-17,0.0,0.0,-0.0026062922682919608,0.0,0.0,-0.7054679456738014,0.0,0.0,-6.531,-1.8270000000000008,-27.974276484498134,-0.015387928143846088,-0.0033294745120861034,-21.63691120254223,1.297434910620451e-17,0.0,0.0,-0.0026062922682919608,0.0,0.0,-0.7054679456738014,0.0,0.0,2.925,-11.283000000000001,-385.7435884248083,-0.03685762288406121,0.01814022022812902,49.21699742680332,1.297434910620451e-17,0.0,0.0,-0.0026062922682919608,0.0,0.0,-0.7054679456738014,0.0,0.0,5.842,-14.2,-243.06744224055558,30.434782608695656,-0.0020330478179483445,52.17391304347826,-6.296923239211499e-18,52.17391304347826,-0.0048852769310778945,26.08695652173913,-0.6680768987219015,26.08695652173913,-0.8008022686749436,NETHER 0 07/15/30,100.0,0.0,100.0,0.0,100.0,0.0,100.0,0.0,100.0,0.0,0.9033035152208334,-0.03255107169489346,falling,30.434782608695656,100.0,-1.0,-1.0,-1.0,1,1,0.032396036774119945,2.561979891843864e-17,0.004838215495177188,0.8585933368977599,Below Median,Top Decile,Below Median,Top Decile,Very Tight,3.584406636113613,"['Cpn', 'Issue_Age', 'GREEN_BOND_LOAN_INDICATOR']","[0.4012102510307812, 0.2126711487732526, 0.14304829791564447]",0.7569296977196782,-0.6830917442461334,-8.872193516258621
2026-06-01,NL00150006U0,NETHER 0 07/15/31,2031-07-15,1.38541428435001,NO ACTION,1.297434910620451e-17,0.8975366428340499,-0.0026062922682919608,-0.572823707300003,-0.013396197847189309,-4.497,-0.03524345845034897,0.02184726060315966,61.98953044005331,1.297434910620451e-17,0.0,0.0,-0.0026062922682919608,0.0,0.0,-0.572823707300003,0.0,0.0,-6.176,1.6790000000000003,27.185880784996957,-0.008971618031728006,-0.004424579815461302,-49.31746835483875,1.297434910620451e-17,0.0,0.0,-0.0026062922682919608,0.0,0.0,-0.572823707300003,0.0,0.0,-4.76,0.2629999999999999,5.525210072426027,-0.009961377130267943,-0.003434820716921366,-34.4813495550692,1.297434910620451e-17,0.0,0.0,-0.0026062922682919608,0.0,0.0,-0.572823707300003,0.0,0.0,-3.04,-1.4569999999999999,-47.927631421290684,-0.010669777091819465,-0.0027264207553698433,-25.552719392687717,1.297434910620451e-17,0.0,0.0,-0.0026062922682919608,0.0,0.0,-0.572823707300003,0.0,0.0,6.964,-11.461,-164.57495668498714,-0.006987407204154788,-0.006408790643034521,-91.71902085972181,1.297434910620451e-17,0.0,0.0,-0.0026062922682919608,0.0,0.0,-0.572823707300003,0.0,0.0,9.6,-14.097,-146.84374984703774,39.130434782608695,0.002828878568998024,52.17391304347826,-6.296923239211499e-18,52.17391304347826,-0.0048852769310778945,30.434782608695656,-0.5367160043789964,34.78260869565217,-0.5768251097568166,NETHER 0 07/15/31,100.0,0.0,100.0,0.0,100.0,0.0,100.0,0.0,100.0,0.0,0.9198076945773022,-0.02227105174325228,falling,56.52173913043478,100.0,-1.0,-1.0,-1.0,1,1,0.02318610792685954,2.561979891843864e-17,0.004838215495177188,0.6971579946628321,Below Median,Top Decile,Below Median,Top Decile,Very Tight,4.319549853499183,"['Cpn', 'Issue_Age', 'GREEN_BOND_LOAN_INDICATOR']","[0.42611216839330995, 0.19003158859013333, 0.14998119800904638]",0.7661249549924897,-0.5487785497409906,-4.702905280403709
2026-06-01,NL0015000B11,NETHER 0 01/15/38,2038-01-15,1.9139468498893968,STRONG BUY,3.4363692021146943,0.8737458131231034,2.327422078227333,-0.0941390504522725,2.8006295447917573,13.963,3.2852907372982405,-0.4846611925064832,-14.75245966905849,4.253328417910847,-0.8169592157961527,-19.20752722585844,2.342138958145009,-0.014716879917676007,-0.6283521224759726,-0.0941390504522725,0.0,0.0,14.319,-0.35600000000000165,-2.4862071356336397,2.7030740524797015,0.09755549231205585,3.609057319819125,3.2909900515265402,0.1453791505881541,4.4174898091524275,2.3223065852078197,0.005115493019513195,0.22027638512801184,-0.0941390504522725,0.0,0.0,15.155,-1.1920000000000002,-7.865390954889219,2.808810655579422,-0.008181110787664814,-0.29126601119542367,3.434793882962415,0.0015753191522791532,0.045863571479698995,2.3273433783347253,7.869989260766985e-05,0.0033815333397785225,-0.0941390504522725,0.0,0.0,15.328,-1.3650000000000002,-8.905271392937584,2.565898339866778,0.23473120492497923,9.148110054210314,3.037862166743879,0.3985070353708151,13.118009053259726,2.3090063033570853,0.018415774870247592,0.7975627768411221,-0.0941390504522725,0.0,0.0,31.421,-17.458,-55.56156708711958,2.2940338027999743,0.506595741991783,22.083185485982856,2.59115067564709,0.8452185264676042,32.61942777583107,2.2745357503948287,0.05288632783250424,2.3251482237994754,-0.0941390504522725,0.0,0.0,32.634,-18.671,-57.21333576723253,100.0,2.5739732910530715,100.0,3.1369407446148645,100.0,2.15736814105983,69.56521739130434,-0.06266266137178558,69.56521739130434,0.4940421147002219,NETHER 0 01/15/38,100.0,0.0,100.0,0.0,100.0,0.0,100.0,0.0,100.0,0.0,0.8273650761412744,0.046380736981828985,rising,34.78260869565217,100.0,1.0,1.0,1.0,1,1,4.847323071024777,6.78562656569742,4.320532159686225,0.11457240822331645,Top Decile,Top Decile,Above Median,Top Decile,Very Tight,7.740254204060193,"['Cpn', 'Issue_Age', 'GREEN_BOND_LOAN_INDICATOR']","[0.5421911693427949, 0.13704276523885292, 0.1200747351822165]",0.7993086697638643,-0.0640709875426701,14.046529396857052
2026-06-01,NL0015000LS8,NETHER 0 01/15/29,2029-01-15,0.4043869038719005,NO ACTION,1.297434910620451e-17,0.4047234097095213,-0.0026062922682919608,-0.7505909219682455,-0.11130318083175639,-14.864,-0.04942770607711327,-0.06187547475464312,-125.18376260418309,1.297434910620451e-17,0.0,0.0,-0.0026062922682919608,0.0,0.0,-0.7505909219682455,0.0,0.0,-18.421,3.5569999999999986,19.30948373089979,-0.008196779888654965,-0.10310640094310142,-1257.8875674952849,1.297434910620451e-17,0.0,0.0,-0.0026062922682919608,0.0,0.0,-0.7505909219682455,0.0,0.0,-14.381,-0.48300000000000054,-3.358598148001813,-0.012303294622291313,-0.09899988620946508,-804.6609366242594,1.297434910620451e-17,0.0,0.0,-0.0026062922682919608,0.0,0.0,-0.7505909219682455,0.0,0.0,-10.549,-4.315000000000001,-40.90435108455367,-0.005788031024247575,-0.10551514980750881,-1822.985520757006,1.297434910620451e-17,0.0,0.0,-0.0026062922682919608,0.0,0.0,-0.7505909219682455,0.0,0.0,-2.945,-11.919,-404.7198628023095,-0.020350236529616223,-0.09095294430214017,-446.9378008260198,1.297434910620451e-17,0.0,0.0,-0.0026062922682919608,0.0,0.0,-0.7505909219682455,0.0,0.0,2.236,-17.1,-764.758493896429,17.391304347826086,-0.08662765639783275,52.17391304347826,-6.296923239211499e-18,52.17391304347826,-0.0048852769310778945,21.73913043478261,-0.7127633064703343,13.043478260869565,-1.1782162536325542,NETHER 0 01/15/29,100.0,0.0,100.0,0.0,100.0,0.0,100.0,0.0,100.0,0.0,0.9237078299792502,-0.5189844202697289,falling,4.3478260869565215,100.0,-1.0,-1.0,-1.0,1,1,0.192643285266896,2.561979891843864e-17,0.004838215495177188,0.913510483771672,Bottom Quartile,Top Decile,Bottom Quartile,Top Decile,Very Tight,2.3822533797037693,"['Cpn', 'Issue_Age', 'GREEN_BOND_LOAN_INDICATOR']","[0.416674579131638, 0.17871656970633426, 0.15841050215288294]",0.7538016509908552,-0.7287824667832669,-15.445025384145554
2026-06-01,NL0015000RP1,NETHER 0 1/2 07/15/32,2032-07-15,0.885376569927729,NO ACTION,1.297434910620451e-17,0.9405574478300897,-0.0026062922682919608,-1.199197115593451,-0.00484927390193615,-1.677,-0.01951280984917158,0.014663535947235429,75.14821568886657,1.297434910620451e-17,0.0,0.0,-0.0026062922682919608,0.0,0.0,-1.199197115593451,0.0,0.0,-2.287,0.6099999999999999,26.672496603968092,-0.009752135363337728,0.004902861461401578,50.274696271790866,1.297434910620451e-17,0.0,0.0,-0.0026062922682919608,0.0,0.0,-1.199197115593451,0.0,0.0,-1.778,0.10099999999999998,5.680539900559392,-0.009030491553835979,0.0041812176518998285,46.30105677932949,1.297434910620451e-17,0.0,0.0,-0.0026062922682919608,0.0,0.0,-1.199197115593451,0.0,0.0,-0.409,-1.268,-310.0244422976909,1.6055745209001008e-05,-0.0048653296471451515,-30283.87157801617,1.297434910620451e-17,0.0,0.0,-0.0026062922682919608,0.0,0.0,-1.199197115593451,0.0,0.0,10.963,-12.639999999999999,-115.29690767554783,-0.006356112428607314,0.001506838526671164,23.706883301826622,1.297434910620451e-17,0.0,0.0,-0.0026062922682919608,0.0,0.0,-1.199197115593451,0.0,0.0,14.898,-16.575,-111.25654442793895,56.52173913043478,0.010638109100469938,52.17391304347826,-6.296923239211499e-18,52.17391304347826,-0.0048852769310778945,13.043478260869565,-1.157029197886647,39.130434782608695,-0.41323650883759394,NETHER 0 1/2,100.0,0.707106776297805,100.0,0.7071067751042738,100.0,0.7071067765022109,50.0,-0.7071067777163347,50.0,-0.7071067806012387,0.9158789730706763,0.024678474759413316,rising,86.95652173913044,100.0,-1.0,-1.0,-1.0,1,1,0.008393111936666815,2.561979891843864e-17,0.004838215495177188,1.459488924180877,Above Median,Top Decile,Below Median,Above Median,Very Tight,5.094347418098266,"['Cpn', 'GREEN_BOND_LOAN_INDICATOR', 'Issue_Age']","[0.40848906007577757, 0.16015715185694362, 0.15405684468921904]",0.7227030566219401,-1.183033112565527,-1.8188896936991088
2026-06-01,NL00150012X2,NETHER 2 01/15/54,2054-01-15,0.6712621257136959,NO ACTION,1.297434910620451e-17,0.9020030015246823,-0.0026062922682919608,2.1001272478344544,0.40472246572248927,34.828,0.4092347112887129,-0.004512245566223649,-1.1026057495840595,1.297434910620451e-17,0.0,0.0,-0.0026062922682919608,0.0,0.0,2.1001272478344544,0.0,0.0,36.071,-1.242999999999995,-3.445981535458947,0.40842289226883927,-0.0037004265463499997,-0.906028169770519,1.297434910620451e-17,0.0,0.0,-0.0026062922682919608,0.0,0.0,2.1001272478344544,0.0,0.0,34.937,-0.10899999999999466,-0.3119901536159248,0.4138603681052236,-0.00913790238273432,-2.2079674368854456,1.297434910620451e-17,0.0,0.0,-0.0026062922682919608,0.0,0.0,2.1001272478344544,0.0,0.0,35.933,-1.1049999999999969,-3.0751676723136954,0.40013518222855005,0.00458728349393922,1.146433401268801,1.297434910620451e-17,0.0,0.0,-0.0026062922682919608,0.0,0.0,2.1001272478344544,0.0,0.0,53.099,-18.270999999999994,-34.40931090332975,0.40436987580798117,0.0003525899145080946,0.08719489924517407,1.297434910620451e-17,0.0,0.0,-0.0026062922682919608,0.0,0.0,2.1001272478344544,0.0,0.0,53.517,-18.689,-34.92161368631993,86.95652173913044,0.38485930896027415,52.17391304347826,-6.296923239211499e-18,52.17391304347826,-0.0048852769310778945,100.0,2.1103739281042118,95.65217391304348,1.7044237310759591,NETHER 2 01/15/54,100.0,0.0,100.0,0.0,100.0,0.0,100.0,0.0,100.0,0.0,0.9206290393685203,-0.018626037843837984,falling,65.21739130434783,100.0,1.0,1.0,1.0,1,1,0.7004926978318118,2.561979891843864e-17,0.004838215495177188,2.5559705053726804,Top Quartile,Top Decile,Top Decile,Top Decile,Very Tight,14.271327580662785,"['GREEN_BOND_LOAN_INDICATOR', 'Cpn', 'Issue_Age']","[0.457078453753449, 0.37894291358635107, 0.11539977549618288]",0.9514211428359828,2.1578040047757407,34.807176037799344
2026-06-01,NL0015001AM2,NETHER 2 1/2 07/15/33,2033-07-15,0.2705934986113139,NO ACTION,1.297434910620451e-17,0.9014811319623737,-0.0026062922682919608,-0.8155785631510156,-0.012612547969281027,0.792,-0.00861755377076185,-0.003994994198519177,-46.35874250299853,1.297434910620451e-17,0.0,0.0,-0.0026062922682919608,0.0,0.0,-0.8155785631510156,0.0,0.0,0.154,0.638,414.2856873840463,-0.005427585483298494,-0.007184962485982533,-132.37837101330996,1.297434910620451e-17,0.0,0.0,-0.0026062922682919608,0.0,0.0,-0.8155785631510156,0.0,0.0,1.393,-0.601,-43.14429258331448,-0.00023076469067316967,-0.012381783278607858,-5365.312479670193,1.297434910620451e-17,0.0,0.0,-0.0026062922682919608,0.0,0.0,-0.8155785631510156,0.0,0.0,2.658,-1.8659999999999999,-70.20316000676013,-0.00929306099921251,-0.003319486970068517,-35.72002161986935,1.297434910620451e-17,0.0,0.0,-0.0026062922682919608,0.0,0.0,-0.8155785631510156,0.0,0.0,14.981,-14.189,-94.71330345456691,-0.01092149084322286,-0.0016910571260581667,-15.483743034342403,1.297434910620451e-17,0.0,0.0,-0.0026062922682919608,0.0,0.0,-0.8155785631510156,0.0,0.0,19.813,-19.020999999999997,-96.00262449098943,43.47826086956522,0.0035448908550257227,52.17391304347826,-6.296923239211499e-18,52.17391304347826,-0.0048852769310778945,17.391304347826086,-0.7771221868232618,47.82608695652174,-0.2700094678200193,NETHER 2 1/2,33.33333333333333,-0.4417921030647619,58.333333333333336,1.5407439555097887e-25,58.333333333333336,0.0,16.666666666666664,-0.7198522374336662,66.66666666666666,0.46203636215968824,0.9376465257336601,-0.03616539377128647,falling,60.86956521739131,33.33333333333333,-1.0,-1.0,-1.0,1,1,0.02182976854957392,2.561979891843864e-17,0.004838215495177188,0.9926040216742844,Below Median,Below Median,Below Median,Above Median,Very Tight,6.236788552905637,"['Issue_Age', 'AMT_OUTSTANDING', 'REL_SPRD_LOG']","[0.29140163617236725, 0.2469010263123883, 0.2109938694933557]",0.7492965319781113,-0.7945877953646252,0.6522019007419151
2026-06-01,NL0015001DQ7,NETHER 2 1/2 01/15/30,2030-01-15,1.714056846408285,NO ACTION,1.297434910620451e-17,0.9558039884541342,-0.0026062922682919608,-0.34823028069046447,-0.0018202505455876127,-9.588,-0.0329780350795396,0.031157784533951988,94.48038675064778,1.297434910620451e-17,0.0,0.0,-0.0026062922682919608,0.0,0.0,-0.34823028069046447,0.0,0.0,-12.351,2.7630000000000017,22.37065822818343,-0.00835841134189878,0.0065381607963111675,78.2224361379932,1.297434910620451e-17,0.0,0.0,-0.0026062922682919608,0.0,0.0,-0.34823028069046447,0.0,0.0,-9.21,-0.37799999999999834,-4.104234523230997,-0.0034679721225575138,0.001647721576969901,47.512401123762565,1.297434910620451e-17,0.0,0.0,-0.0026062922682919608,0.0,0.0,-0.34823028069046447,0.0,0.0,-6.483,-3.1049999999999995,-47.89449321626639,-0.0014754018749720949,-0.0003448486706155178,-23.373044264134045,1.297434910620451e-17,0.0,0.0,-0.0026062922682919608,0.0,0.0,-0.34823028069046447,0.0,0.0,2.076,-11.664,-561.8497082762538,-0.028790196042733817,0.026969945497146205,93.67750080396866,1.297434910620451e-17,0.0,0.0,-0.0026062922682919608,0.0,0.0,-0.34823028069046447,0.0,0.0,5.347,-14.934999999999999,-279.31550349856826,65.21739130434783,0.01340569447111967,52.17391304347826,-6.296923239211499e-18,52.17391304347826,-0.0048852769310778945,47.82608695652174,-0.31429553783882014,21.73913043478261,-0.872154743543966,NETHER 2 1/2,83.33333333333334,-0.35796178288458247,58.333333333333336,1.5407439555097887e-25,58.333333333333336,0.0,83.33333333333334,-0.18751652654320783,16.666666666666664,-1.4627545833456888,0.9228942606441572,0.03290972780997692,rising,95.65217391304348,100.0,-1.0,-1.0,-1.0,1,1,0.0031504853903583097,2.561979891843864e-17,0.004838215495177188,0.42381542710817566,Above Median,Top Quartile,Bottom Quartile,Bottom Quartile,Very Tight,3.390086502280809,"['Cpn', 'Issue_Age', 'GREEN_BOND_LOAN_INDICATOR']","[0.38855313200913927, 0.20997208735695788, 0.18316915925742266]",0.7816943786235198,-0.3213592440658019,-10.22350305333476
2026-06-01,NL0015001RG8,NETHER 3 1/4 01/15/44,2044-01-15,-0.8758362344216124,STRONG SELL,-1.9089600135671247,0.8763351414550176,-2.1059789720531814,0.9168141369704235,-2.200890339262637,22.04,-2.1843101412038344,-0.01658019805880251,-0.7590587833721644,-1.8954220304671,-0.013537983100024853,-0.7142463689347313,-2.1051919731271025,-0.000786998926078919,-0.03738371285785974,0.9168141369704235,0.0,0.0,21.759,0.2809999999999988,1.2914196418532875,-1.6666646452439617,-0.5342256940186751,-32.05358032510006,-1.052861329617418,-0.8560986839497067,-81.31162687204284,-2.029954875793955,-0.07602409625922624,-3.7451126028099746,0.9168141369704235,0.0,0.0,22.387,-0.3470000000000013,-1.550006699624785,-2.0758828581001754,-0.12500748116246152,-6.021894736135424,-1.6906499109154154,-0.21831010265170936,-12.912791699271702,-2.085202200404697,-0.02077677164848435,-0.9963912154328661,0.9168141369704235,0.0,0.0,23.918,-1.8780000000000001,-7.851827072559652,-1.8881213060790998,-0.3127690331835371,-16.565092005477585,-1.3990241857454924,-0.5099358278216324,-36.44939303926083,-2.0578146377771502,-0.04816433427603117,-2.3405574611910867,0.9168141369704235,0.0,0.0,38.367,-16.326999999999998,-42.554799686565325,-1.7001294296824485,-0.5007609095801884,-29.454281414815153,-1.0830670797895459,-0.8258929337775789,-76.25501149130667,-2.032551972250016,-0.07342699980316558,-3.612552123851838,0.9168141369704235,0.0,0.0,37.915,-15.875,-41.86997229543189,8.695652173913043,-1.995860491545839,8.695652173913043,-1.7426225455385131,8.695652173913043,-1.9568034697581262,78.26086956521739,0.9385094699379762,82.6086956521739,0.9625900330068036,NETHER 3 1/4,100.0,0.0,100.0,0.0,100.0,0.0,100.0,0.0,100.0,0.0,0.8823215328961541,-0.0059863914411365515,falling,43.47826086956522,100.0,-1.0,-1.0,-1.0,1,1,3.8092958556918273,3.7695279578643035,3.909454138764924,1.1158132896096917,Bottom Decile,Top Decile,Top Quartile,Top Decile,Very Tight,12.8364460121702,"['Issue_Age', 'GREEN_BOND_LOAN_INDICATOR', 'REL_SPRD_LOG']","[0.6652839398367495, 0.10304855613584508, 0.10105818235106803]",0.8693906783236626,0.9596022135145156,22.12841228730377
2026-06-01,NL0015001XZ6,NETHER 2 1/2 07/15/34,2034-07-15,-0.961109808124684,NO ACTION,1.297434910620451e-17,0.9242026747556915,-0.0026062922682919608,-0.5620818596915748,-0.00809846929987497,2.435,-0.025762033408085888,0.01766356410821092,68.56429759242967,1.297434910620451e-17,0.0,0.0,-0.0026062922682919608,0.0,0.0,-0.5620818596915748,0.0,0.0,1.504,0.931,61.9015953331011,-0.014983132475739458,0.006884663175864487,45.94939404074986,1.297434910620451e-17,0.0,0.0,-0.0026062922682919608,0.0,0.0,-0.5620818596915748,0.0,0.0,3.2,-0.7650000000000001,-23.906249925292972,0.002151859148441053,-0.010250328448316024,-476.345341711042,1.297434910620451e-17,0.0,0.0,-0.0026062922682919608,0.0,0.0,-0.5620818596915748,0.0,0.0,4.706,-2.2710000000000004,-48.25754345886625,-0.013170472815998667,0.005072003516123696,38.510384068551744,1.297434910620451e-17,0.0,0.0,-0.0026062922682919608,0.0,0.0,-0.5620818596915748,0.0,0.0,18.276,-15.841,-86.67651560151207,-0.015726126472219003,0.007627657172344033,48.5030584963997,1.297434910620451e-17,0.0,0.0,-0.0026062922682919608,0.0,0.0,-0.5620818596915748,0.0,0.0,23.781,-21.346,-89.76073332081883,52.17391304347826,0.0076693549537346,52.17391304347826,-6.296923239211499e-18,52.17391304347826,-0.0048852769310778945,34.78260869565217,-0.5260780850389803,52.17391304347826,-0.17469880423481268,NETHER 2 1/2,50.0,-0.4067285160157197,58.333333333333336,1.5407439555097887e-25,58.333333333333336,0.0,33.33333333333333,-0.43110538009208627,83.33333333333334,0.7667022122045181,0.8895488327594983,0.03465384199619326,rising,78.26086956521739,50.0,-1.0,-1.0,-1.0,1,1,0.0140168117380154,2.561979891843864e-17,0.004838215495177188,0.6840845746171366,Above Median,Above Median,Above Median,Top Quartile,Very Tight,6.96639472582774,"['REL_SPRD_LOG', 'Issue_Age', 'Cpn']","[0.377112109023321, 0.2469857447355618, 0.14277175515567525]",0.7668696089145581,-0.5379015460741625,2.1146347648427275
2026-06-01,NL0015002F72,NETHER 2 1/2 07/15/35,2035-07-15,-1.907010909714017,NO ACTION,1.297434910620451e-17,0.9453264297966156,-0.0026062922682919608,-0.3987335725679086,-0.00390182240334303,4.171,-0.02933664377534245,0.02543482137199942,86.69980416572754,1.297434910620451e-17,0.0,0.0,-0.0026062922682919608,0.0,0.0,-0.3987335725679086,0.0,0.0,4.219,-0.04800000000000004,-1.1377103552080825,-0.015470742891254673,0.011568920487911643,74.77929852044458,1.297434910620451e-17,0.0,0.0,-0.0026062922682919608,0.0,0.0,-0.3987335725679086,0.0,0.0,5.224,-1.053,-20.156967802149754,-0.013350780808102576,0.009448958404759546,70.77452220302176,1.297434910620451e-17,0.0,0.0,-0.0026062922682919608,0.0,0.0,-0.3987335725679086,0.0,0.0,7.006,-2.835,-40.46531538614714,-0.00869854355146746,0.00479672114812443,55.14389397896176,1.297434910620451e-17,0.0,0.0,-0.0026062922682919608,0.0,0.0,-0.3987335725679086,0.0,0.0,21.877,-17.706,-80.9343145399578,,,,,,,,,,,,,,,,60.86956521739131,0.011503785128160747,52.17391304347826,-6.296923239211499e-18,52.17391304347826,-0.0048852769310778945,43.47826086956522,-0.3643102061698066,56.52173913043478,-0.0739931974278019,NETHER 2 1/2,66.66666666666666,-0.37413061408549,58.333333333333336,1.5407439555097887e-25,58.333333333333336,0.0,66.66666666666666,-0.2450425874978811,100.0,1.0886132990443385,0.8870944535308672,0.058231976265748386,rising,91.30434782608695,83.33333333333334,-1.0,-1.0,-1.0,1,1,0.006753265097105991,2.561979891843864e-17,0.004838215495177188,0.4852807143168821,Above Median,Above Median,Above Median,Top Decile,Very Tight,7.653231185560827,"['REL_SPRD_LOG', 'Issue_Age', 'Cpn']","[0.29694935911714293, 0.27864909965217227, 0.20259489510084652]",0.7781933538701618,-0.3724979783843599,3.9100359583742255
2026-06-01,NL0015002P70,NETHER 3 1/2 01/15/56,2056-01-15,2.5562421639405457,NO ACTION,1.297434910620451e-17,0.8659265199989646,-0.0026062922682919608,-1.2936141825193017,-0.01967616670868439,38.3,-0.030130317367284082,0.010454150658599691,34.69643901032071,1.297434910620451e-17,0.0,0.0,-0.0026062922682919608,0.0,0.0,-1.2936141825193017,0.0,0.0,39.421,-1.1210000000000022,-2.843662006838071,-0.015228481633833169,-0.004447685074851222,-29.20634020620789,1.297434910620451e-17,0.0,0.0,-0.0026062922682919608,0.0,0.0,-1.2936141825193017,0.0,0.0,38.72,-0.4200000000000017,-1.084710743521515,-0.0003579715563973832,-0.01931819515228701,-5396.421912541923,1.297434910620451e-17,0.0,0.0,-0.0026062922682919608,0.0,0.0,-1.2936141825193017,0.0,0.0,39.288,-0.9879999999999995,-2.5147627767983183,,,,,,,,,,,,,,,,,,,,,,,,,,,,,,,26.08695652173913,-0.002909060002119998,52.17391304347826,-6.296923239211499e-18,52.17391304347826,-0.0048852769310778945,8.695652173913043,-1.250532771842586,100.0,1.9058349446899805,NETHER 3 1/2,100.0,0.0,100.0,0.0,100.0,0.0,100.0,0.0,100.0,0.0,0.8883138716958568,-0.02238735169689221,falling,26.08695652173913,100.0,-1.0,-1.0,-1.0,1,1,0.034055463355981745,2.561979891843864e-17,0.004838215495177188,1.5743996937616807,Below Median,Top Decile,Top Decile,Top Decile,Very Tight,17.992454669200697,"['Issue_Age', 'YAS_RISK', 'REL_SPRD_LOG']","[0.2955730246114494, 0.22145147021207648, 0.19913331541627702]",0.7161578102398029,-1.2786381537651292,38.06246265120698
2026-06-01,NL0015073TQ2,NETHER 2 1/2 01/15/31,2031-01-15,0.8905339706849746,NO ACTION,1.297434910620451e-17,0.8902552662241121,-0.0026062922682919608,-0.5541913304403946,-0.014842785657612939,-6.724,-0.027095696531721707,0.012252910874108769,45.22085762836241,1.297434910620451e-17,0.0,0.0,-0.0026062922682919608,0.0,0.0,-0.5541913304403946,0.0,0.0,-8.081,1.3569999999999993,16.792476157910553,-0.011897010871272937,-0.0029457747863400018,-24.760608712160852,1.297434910620451e-17,0.0,0.0,-0.0026062922682919608,0.0,0.0,-0.5541913304403946,0.0,0.0,-5.692,-1.032,-18.130709736242604,-0.008186030349520895,-0.0066567553080920435,-81.31837889708964,1.297434910620451e-17,0.0,0.0,-0.0026062922682919608,0.0,0.0,-0.5541913304403946,0.0,0.0,-2.796,-3.9280000000000004,-140.48640865348213,,,,,,,,,,,,,,,,,,,,,,,,,,,,,,,34.78260869565217,0.0015071471755778955,52.17391304347826,-6.296923239211499e-18,52.17391304347826,-0.0048852769310778945,39.130434782608695,-0.5182638973141208,30.434782608695656,-0.7060136963692664,NETHER 2 1/2,16.666666666666664,-0.45911571194532447,58.333333333333336,1.5407439555097887e-25,58.333333333333336,0.0,50.0,-0.42211762801110264,33.33333333333333,-0.9316754631214692,0.9050827765023295,-0.014827510278217382,falling,52.17391304347826,16.666666666666664,-1.0,-1.0,-1.0,1,1,0.025689858728449786,2.561979891843864e-17,0.004838215495177188,0.6744813660217559,Below Median,Bottom Quartile,Below Median,Below Median,Very Tight,4.253484632533144,"['Cpn', 'Issue_Age', 'GREEN_BOND_LOAN_INDICATOR']","[0.39968100145992774, 0.2088646834068584, 0.1588709168713787]",0.7674166017381648,-0.5299117366180164,-7.060965308022853
2026-06-01,NL0015073VV8,NETHER 2 3/4 07/15/36,2036-07-15,-1.0646502006390284,STRONG SELL,-2.270734667527353,0.8738531891806561,-1.8766868349400811,1.104192228011381,-2.3400957974775136,7.524,-1.800168648017499,-0.5399271494600146,-29.99314242336765,-1.4225594929141931,-0.8481751746131598,-59.623177299482045,-1.8005840387882472,-0.0761027961518339,-4.226561720517817,1.104192228011381,0.0,0.0,6.867,0.657,9.567496709527456,-2.088635656459767,-0.2514601410177466,-12.039444937947028,-1.8469046396960003,-0.4238300278313527,-22.948127175981444,-1.8414292830517445,-0.03525755188833668,-1.9146839914719407,1.104192228011381,0.0,0.0,7.623,-0.0990000000000002,-1.2987012969976395,,,,,,,,,,,,,,,,,,,,,,,,,,,,,,,,,,,,,,,,,,,,,,4.3478260869565215,-2.1230509897183314,4.3478260869565215,-2.0728739200643944,13.043478260869565,-1.7440216369404506,86.95652173913044,1.1240746623743225,60.86956521739131,0.1205148092679971,NETHER 2 3/4,50.0,-0.7071067769165208,50.0,-0.7071067767826865,50.0,-0.7071067758505977,100.0,0.7071067739343283,50.0,-0.7071067805864875,0.9383852606925526,-0.06453207151189644,falling,39.130434782608695,50.0,-1.0,-1.0,-1.0,1,1,4.050232337445512,4.483906291018327,3.4838054944438794,1.3438627444927593,Bottom Decile,Above Median,Above Median,Above Median,Very Tight,8.396322550023427,"['Cpn', 'REL_SPRD_LOG', 'AMT_OUTSTANDING']","[0.5198329527956416, 0.2795648746269076, 0.08298240684062139]",0.8823802342631706,1.1493379328833702,7.2623787391609875
2026-06-01,NL0015614579,NETHER 0 01/15/52,2052-01-15,-1.348004988851919,NO ACTION,1.297434910620451e-17,0.9102477176740749,-0.0026062922682919608,1.039539132195796,0.19565387668628134,31.04,0.19450596211703816,0.0011479145692431802,0.5901693180672402,1.297434910620451e-17,0.0,0.0,-0.0026062922682919608,0.0,0.0,1.039539132195796,0.0,0.0,31.943,-0.9030000000000022,-2.8269104333259594,0.18918908424487327,0.006464792441408074,3.417106291042598,1.297434910620451e-17,0.0,0.0,-0.0026062922682919608,0.0,0.0,1.039539132195796,0.0,0.0,28.953,2.0869999999999997,7.208234031980024,0.19311856804088245,0.002535308645398887,1.3128248307949804,1.297434910620451e-17,0.0,0.0,-0.0026062922682919608,0.0,0.0,1.039539132195796,0.0,0.0,29.503,1.536999999999999,5.209639695892062,0.18856643709704943,0.007087439589231914,3.758589981591064,1.297434910620451e-17,0.0,0.0,-0.0026062922682919608,0.0,0.0,1.039539132195796,0.0,0.0,42.502,-11.462000000000003,-26.968142669293655,0.20389144308231247,-0.008237566396031126,-4.040172489577364,1.297434910620451e-17,0.0,0.0,-0.0026062922682919608,0.0,0.0,1.039539132195796,0.0,0.0,46.453,-15.413000000000004,-33.179773096854944,78.26086956521739,0.19383563551573993,52.17391304347826,-6.296923239211499e-18,52.17391304347826,-0.0048852769310778945,82.6086956521739,1.060047090634347,91.30434782608695,1.4846813125362373,NETHER 0 01/15/52,100.0,0.0,100.0,0.0,100.0,0.0,100.0,0.0,100.0,0.0,0.877707288305196,0.03254042936887891,rising,73.91304347826086,100.0,1.0,1.0,1.0,1,1,0.33863727252344156,2.561979891843864e-17,0.004838215495177188,1.2651763667239515,Top Quartile,Top Decile,Top Decile,Top Decile,Very Tight,10.119156791227368,"['GREEN_BOND_LOAN_INDICATOR', 'Cpn', 'YAS_RISK']","[0.3865521313451358, 0.38220354546621643, 0.10914263002853528]",0.8778983068398875,1.0838713589853997,31.26245317106615
2026-06-01,BE0000291972,BGB 5 1/2 03/28/28,2028-03-28,-0.8195312388678371,NO ACTION,0.0,0.9637713101449038,-0.008763299085129173,-0.5616323714691522,0.11158744943969476,-12.685,0.11206377150373573,-0.0004763220640409682,-0.42504550323878704,0.0,0.0,0.0,-0.008763299085129173,0.0,0.0,-0.5616323714691522,0.0,0.0,-15.31,2.625,17.14565642250447,0.1143585596651648,-0.0027711102254700387,-2.4231767095231143,0.0,0.0,0.0,-0.008763299085129173,0.0,0.0,-0.5616323714691522,0.0,0.0,-10.454,-2.231,-21.341113428983054,0.11436516698631505,-0.0027777175466202897,-2.4288141021743637,0.0,0.0,0.0,-0.008763299085129173,0.0,0.0,-0.5616323714691522,0.0,0.0,-8.49,-4.195,-49.41107179103525,0.11311348491860365,-0.0015260354789088937,-1.3491188474081075,0.0,0.0,0.0,-0.008763299085129173,0.0,0.0,-0.5616323714691522,0.0,0.0,-2.001,-10.684000000000001,-533.9330308149274,0.10807649938942492,0.0035109500502698426,3.2485783174390557,0.0,0.0,0.0,-0.008763299085129173,0.0,0.0,-0.5616323714691522,0.0,0.0,14.752,-27.437,-185.98834043791462,40.0,0.09770738189480307,47.14285714285714,1.843107197045592e-17,47.14285714285714,-0.03642646746817344,28.57142857142857,-0.6297943061284679,2.857142857142857,-1.5443340844382982,BGB 5 1/2,100.0,0.0,100.0,0.0,100.0,0.0,100.0,0.0,100.0,0.0,0.979201259209357,-0.015429949064453163,falling,2.857142857142857,100.0,1.0,1.0,1.0,1,1,0.12745595979634197,0.0,0.010131178172646912,0.7241538588310179,Below Median,Top Decile,Bottom Decile,Top Decile,Very Tight,1.8216241683788328,"['Issue_Age', 'Cpn', 'YAS_RISK']","[0.319399166281302, 0.22787332474662073, 0.22021303190292288]",0.7674855229308456,-0.6389888766398238,-13.34772300588424
2026-06-01,BE0000304130,BGB 5 03/28/35,2035-03-28,1.5816603274795895,NO ACTION,0.47891647524145403,0.9944727952735787,1.0545791797730248,-1.6107138884819485,0.6907896296609971,40.906,0.6038585239108104,0.0869311057501867,14.395938927481708,0.35488836518775907,0.12402811005369496,34.948484854731014,1.0013724502398689,0.05320672953315597,5.313380549771743,-1.6107138884819485,0.0,0.0,41.326,-0.4200000000000017,-1.0163093449604867,0.8237245758955075,-0.1329349462345104,-16.138275888656516,0.6776548563427274,-0.19873838110127334,-29.327374593184192,1.1439912147328808,-0.08941203495985595,-7.815797274208414,-1.6107138884819485,0.0,0.0,42.408,-1.5020000000000024,-3.5417845681140916,0.7636408439640554,-0.0728512143030583,-9.539983871330096,0.5911869633326846,-0.11227048809123058,-18.99069045082823,1.1050038580887602,-0.05042467831573538,-4.563303330598385,-1.6107138884819485,0.0,0.0,38.157,2.7490000000000023,7.204444791989826,-1.0834736364648194,1.7742632661258164,163.75693787430086,-0.4434302456114358,0.9223467208528898,208.002658632548,-1.057615927852554,2.112195107625579,199.71286664933444,-1.6107138884819485,0.0,0.0,54.584,-13.678000000000004,-25.0586252335742,1.8358737941449423,-1.1450841644839453,-62.37270567827879,2.345772676425051,-1.8668562011835967,-79.58384936388184,1.531700963560538,-0.47712178378751324,-31.14979960340515,-1.6107138884819485,0.0,0.0,64.157,-23.250999999999998,-36.240784320301636,65.71428571428571,0.6591369575279105,71.42857142857143,0.46378525448334873,88.57142857142857,1.016175716684112,8.571428571428571,-1.728741770397028,45.714285714285715,-0.3234916589034104,BGB 5 03/28/35,100.0,0.0,100.0,0.0,100.0,0.0,100.0,0.0,100.0,0.0,0.9894389146148407,0.005033880658737999,rising,97.14285714285714,100.0,1.0,1.0,1.0,1,1,0.7890247129753094,0.6162357373621771,1.2191903372982809,2.0768116958176117,Above Median,Top Decile,Below Median,Top Decile,Very Tight,8.064091147001307,"['Cpn', 'GREEN_BOND_LOAN_INDICATOR', 'Issue_Age']","[0.2438178505672504, 0.22391816923886415, 0.2073364205867269]",0.6750724403928414,-1.7539802299213023,40.48822933340799
2026-06-01,BE0000320292,BGB 4 1/4 03/28/41,2041-03-28,-1.4187156712048503,WEAK SELL,-0.9923839201284236,0.9798312611377099,-1.3323048459725277,0.3737246415120946,-1.1709330047569668,71.461,-1.1673005160525411,-0.0036324887044256737,-0.3111871042078304,-0.9855632779942353,-0.006820642134188315,-0.6920552152535343,-1.3299864699580113,-0.0023183760145164545,-0.17431575805113805,0.3737246415120946,0.0,0.0,72.51,-1.0490000000000066,-1.4466970071098288,-0.895208844439297,-0.2757241603176698,-30.799981361932144,-0.5724771357489928,-0.41990678437943074,-73.34909131264118,-1.1582334468825741,-0.17407139908995362,-15.029042552308313,0.3737246415120946,0.0,0.0,72.823,-1.3619999999999948,-1.8702882328563313,-0.8242959513652799,-0.34663705339168693,-42.05249930104627,-0.4695937948884742,-0.5227901252399494,-111.32815633377213,-1.1136433482033719,-0.2186614977691559,-19.634786680892166,0.3737246415120946,0.0,0.0,67.607,3.853999999999999,5.700593133003891,-0.5146398181311547,-0.6562931866258122,-127.52475629588416,-0.008461092527144777,-0.9839228276012788,-11628.777980702549,-0.9055691009005079,-0.42673574507201983,-47.1234873114951,0.3737246415120946,0.0,0.0,88.162,-16.701000000000008,-18.943535761559012,-0.6028897295094857,-0.5680432752474811,-94.22009333077123,-0.13720097433771483,-0.8551829457907087,-623.3067130813796,-0.9669674256849558,-0.365337420287572,-37.78177080273479,0.3737246415120946,0.0,0.0,90.93,-19.46900000000001,-21.410975473285944,20.0,-1.1454594067130992,20.0,-0.9610298512071435,11.428571428571429,-1.3465995779847273,62.857142857142854,0.35002299208156046,65.71428571428571,0.37257373103554386,BGB 4 1/4,100.0,0.0,100.0,0.0,100.0,0.0,100.0,0.0,100.0,0.0,0.9943979590635292,-0.014566697925819327,falling,14.285714285714285,100.0,-1.0,-1.0,-1.0,1,1,1.3374478109132601,1.2769292107948202,1.5402667013537878,0.4818706239871481,Bottom Quartile,Top Decile,Above Median,Top Decile,Tight,11.369718358265857,"['GREEN_BOND_LOAN_INDICATOR', 'YAS_RISK', 'Issue_Age']","[0.5886683511503136, 0.13561719836018996, 0.12559511949942667]",0.8498806690099302,0.3551330908074026,71.60384239994988
2026-06-01,BE0000326356,BGB 4 03/28/32,2032-03-28,-2.5967489345588426,WEAK SELL,-0.985548130649695,0.9895154639935847,-0.8377759222760188,-0.004849703778119091,-1.0218370243652872,16.437,-0.970093384267785,-0.05174364009750221,-5.333882325480393,-0.9073329405680859,-0.07821519008160915,-8.620340530192165,-0.8115009941114975,-0.02627492816452137,-3.237818318325985,-0.004849703778119091,0.0,0.0,15.935,0.5020000000000007,3.150298083997307,0.11680533753026373,-1.138642361895551,-974.8204050337114,0.0,-0.985548130649695,-9855481306.49695,-0.008763299085129173,-0.8290126231908896,-9460.040894799386,-0.004849703778119091,0.0,0.0,17.873,-1.436,-8.034465390234171,0.11668575470075396,-1.1385227790660413,-975.7169454096098,0.0,-0.985548130649695,-9855481306.49695,-0.008763299085129173,-0.8290126231908896,-9460.040894799386,-0.004849703778119091,0.0,0.0,15.579,0.8580000000000005,5.507413822769491,0.8060861160787262,-1.8279231404440135,-226.76524025244044,0.8503818636697242,-1.8359299943194194,-215.89477047490163,0.7725294178069607,-1.6103053400829794,-208.44582511947513,-0.004849703778119091,0.0,0.0,35.453,-19.016000000000002,-53.637209811965924,0.6537026554013551,-1.6755396797666422,-256.31525897755176,0.6259193947671986,-1.6114675254168938,-257.456073919973,0.6732642847854089,-1.5110402070614277,-224.43492381295002,-0.004849703778119091,0.0,0.0,44.736,-28.298999999999996,-63.25777895581683,22.857142857142858,-1.0009383813124006,22.857142857142858,-0.9544100364233895,31.428571428571427,-0.8570656455414408,48.57142857142857,-0.046546111507685284,25.71428571428571,-0.8809134892557674,BGB 4 03/28/32,100.0,0.0,100.0,0.0,100.0,0.0,100.0,0.0,100.0,0.0,0.9928252780172353,-0.0033098140236506035,falling,68.57142857142857,100.0,-1.0,-1.0,1.0,1,0,1.1671493465427847,1.2681334019478743,0.9685458700976,0.006253079208959379,Bottom Quartile,Top Decile,Below Median,Top Decile,Very Tight,5.426790558964711,"['REL_SPRD_LOG', 'Issue_Age', 'GREEN_BOND_LOAN_INDICATOR']","[0.3982467171938167, 0.22363442549855314, 0.19465109566586616]",0.816532238358236,-0.0472256532249131,16.231532194034887
2026-06-01,BE0000331406,BGB 3 3/4 06/22/45,2045-06-22,-4.138586570062103,STRONG SELL,-2.425123959876173,0.9875479851348684,-1.7344658052906716,1.9838101797754464,-2.064624409916464,87.005,-2.0397753093294173,-0.024849100587046813,-1.2182273386470837,-2.3800391043631453,-0.045084855513027655,-1.8942905282920752,-1.7307950432676869,-0.003670762022984775,-0.2120853081972063,1.9838101797754464,0.0,0.0,88.093,-1.088000000000008,-1.2350584040462944,-2.0832749997635256,0.01865058984706147,0.8952533755578683,-2.458595403083815,0.03347144320764217,1.3614050945315543,-1.7358954704996237,0.0014296652089520467,0.08235894528284399,1.9838101797754464,0.0,0.0,87.227,-0.2220000000000084,-0.25450835174264574,-2.070456563622713,0.005832153706248899,0.2816844255778947,-2.4389248837870747,0.013800923910901819,0.5658609638229671,-1.7350067596940586,0.0005409544033869729,0.031178806494360927,1.9838101797754464,0.0,0.0,80.796,6.208999999999989,7.684786374611999,-2.025796792944111,-0.03882761697235315,-1.9166590112060886,-2.3577428560846188,-0.06738110379155415,-2.857864814726402,-1.7289789820563166,-0.005486823234355009,-0.3173447022528248,1.9838101797754464,0.0,0.0,101.757,-14.75200000000001,-14.497282740794521,-0.939272698695804,-1.1253517112206601,-119.8109665917186,-0.5787843976100926,-1.8463395622660803,-319.0029893669659,-1.294940352538569,-0.43952545275210264,-33.941752490475146,1.9838101797754464,0.0,0.0,104.534,-17.52900000000001,-16.76870683062271,2.857142857142857,-2.011728221782035,2.857142857142857,-2.348502904014279,2.857142857142857,-1.7446985090211553,100.0,2.036640657950139,74.28571428571429,0.7266774921617459,BGB 3 3/4,100.0,0.0,100.0,0.0,100.0,0.0,100.0,0.0,100.0,0.0,0.988600105906181,-0.001052120771312559,falling,42.857142857142854,100.0,-1.0,-1.0,-1.0,1,1,2.3582283411457725,3.120477429504851,2.005201686837587,2.557872141726342,Bottom Decile,Top Decile,Above Median,Top Decile,Tight,12.659589551945771,"['GREEN_BOND_LOAN_INDICATOR', 'REL_SPRD_LOG', 'YAS_RISK']","[0.8622704037381872, 0.12147630111955064, 0.007965619107336354]",0.9917123239650742,2.0663742327913144,87.00471864247224
2026-06-01,BE0000333428,BGB 3 06/22/34,2034-06-22,-0.202773805740783,MODERATE SELL,-1.0621822976382995,0.9914249004231104,-1.0762402151691706,-1.0987894777332645,-1.3313102121609204,34.18,-1.441552244912743,0.11024203275182254,7.647453110084829,-1.2385840453335952,0.1764017476952957,14.242210444714983,-1.1309538891117619,0.0547136739425913,4.837834149169368,-1.0987894777332645,0.0,0.0,34.339,-0.15899999999999892,-0.46303037349280957,-0.7144306639744666,-0.6168795481864537,-86.34561345955039,-0.13256376370216594,-0.9296185339361336,-701.2613687542789,-0.6877576743366746,-0.388482540832496,-56.485379906322365,-1.0987894777332645,0.0,0.0,35.607,-1.4269999999999996,-4.007638946272463,-0.8594738926426353,-0.4718363195182851,-54.89827184601231,-0.35067924955858015,-0.7115030480797193,-202.89282262524694,-0.7854772233485487,-0.2907629918206218,-37.01736721013253,-1.0987894777332645,0.0,0.0,31.313,2.867000000000001,9.155941618766668,0.31202141335188144,-1.6433316255128019,-526.6726905669994,0.021683449914986323,-1.0838657475532858,-4998.583029658389,0.6175266614364059,-1.6937668766055765,-274.2823840573182,-1.0987894777332645,0.0,0.0,50.454,-16.274,-32.255123472419406,-1.5199771544722132,0.18866694231129277,12.41248531367274,-1.3671011517606733,0.30491885412237374,22.30404469334752,-1.1673910321399144,0.09115081697074379,7.808079185159548,-1.0987894777332645,0.0,0.0,55.21,-21.03,-38.090925550065045,11.428571428571429,-1.300915498849392,17.142857142857142,-1.0286229701526173,20.0,-1.093121328947601,17.142857142857142,-1.19248407834336,40.0,-0.47671488956056657,BGB 3 06/22/34,100.0,0.0,100.0,0.0,100.0,0.0,100.0,0.0,100.0,0.0,0.9928754034031294,-0.0014505029800190306,falling,85.71428571428571,100.0,-1.0,-1.0,-1.0,1,1,1.520631771132504,1.3667408102178649,1.2442324825988744,1.4167499609433853,Bottom Quartile,Top Decile,Below Median,Top Decile,Very Tight,6.883771062361888,"['REL_SPRD_LOG', 'Cpn', 'GREEN_BOND_LOAN_INDICATOR']","[0.32404268225120314, 0.2030309352821436, 0.19309399616732845]",0.7201676137006753,-1.2098935385993577,33.918779053378344
2026-06-01,BE0000335449,BGB 1 06/22/31,2031-06-22,0.1188780884573237,NO ACTION,0.42190534970014865,0.9820341193530313,0.5536940418367158,0.29246435869212856,0.560438139620176,13.574,0.5911285572332472,-0.03069041761307123,-5.191834621817798,0.4661202214653627,-0.04421487176521405,-9.485722519748565,0.5728979231569615,-0.019203881320245753,-3.352059801372037,0.29246435869212856,0.0,0.0,12.659,0.9149999999999991,7.228059082685783,0.16723786424830053,0.3932002753718754,235.1143705570457,0.0,0.42190534970014865,4219053497.0014863,-0.008763299085129173,0.562457340921845,6418.32138360043,0.29246435869212856,0.0,0.0,14.725,-1.1509999999999998,-7.816638364810431,0.16796977718895373,0.39246836243122224,233.6541404256969,0.0,0.42190534970014865,4219053497.0014863,-0.008763299085129173,0.562457340921845,6418.32138360043,0.29246435869212856,0.0,0.0,11.983,1.5909999999999993,13.27714260762985,-1.0206610043872093,1.5810991440073852,154.9093304946751,-0.9999035041401503,1.4218088538402989,142.19460515277405,-0.8124476643174252,1.366141706154141,168.15134676850414,0.29246435869212856,0.0,0.0,27.573,-13.999,-50.77068144533759,0.16989958836305044,0.39053855125712555,229.86431693770234,0.0,0.42190534970014865,4219053497.0014863,-0.008763299085129173,0.562457340921845,6418.32138360043,0.29246435869212856,0.0,0.0,36.727,-23.153,-63.0408146423501,62.857142857142854,0.5327852547273452,68.57142857142857,0.4085753781594536,57.14285714285714,0.5203497709668541,57.14285714285714,0.26490016768462804,20.0,-0.9461347365604714,BGB 1 06/22/31,100.0,0.0,100.0,0.0,100.0,0.0,100.0,0.0,100.0,0.0,0.9811766412327352,0.000857478120296129,rising,17.142857142857142,100.0,1.0,1.0,1.0,1,1,0.6401363356760781,0.5428778664138423,0.6401211389098783,0.3770957741688442,Above Median,Top Decile,Bottom Quartile,Top Decile,Very Tight,4.363055336609989,"['REL_SPRD_LOG', 'Issue_Age', 'YAS_RISK']","[0.494964642430834, 0.21512397004927375, 0.1326338775880315]",0.8427224900681393,0.2687675308007206,13.318681688146324
2026-06-01,BE0000336454,BGB 1.9 06/22/38,2038-06-22,2.5251154936934768,WEAK BUY,1.0850988097794099,0.9947939012455046,0.8956158643776705,-0.9799282195754186,0.9698643834394769,61.089,0.9276705793875065,0.042193804051970374,4.5483606502852245,1.0182284101288361,0.06687039965057373,6.567327952024031,0.8755619118521021,0.020053952525568408,2.290409395962274,-0.9799282195754186,0.0,0.0,61.971,-0.8819999999999979,-1.4232463569373954,0.7508056606274008,0.21905872281207606,29.176487522932863,0.746873511702769,0.3382252980766408,45.285485192396905,0.7713509099995814,0.12426495437808904,16.110041636841046,-0.9799282195754186,0.0,0.0,61.131,-0.04200000000000159,-0.06870491239000032,0.5937997358640241,0.37606464757545277,63.33189769696682,0.5180416323684712,0.5670571774109386,109.46169787014992,0.6691105277593999,0.22650533661827055,33.85170668164215,-0.9799282195754186,0.0,0.0,56.192,4.8969999999999985,8.714763665875076,1.0001086935291459,-0.03024431008966899,-3.0241022783767413,1.1398834124999953,-0.054784602720585385,-4.806158387708776,0.9122308924817059,-0.016615028104035368,-1.8213621199232033,-0.9799282195754186,0.0,0.0,75.881,-14.792000000000002,-19.49368089251675,-0.9802833659052578,1.9501477493447346,198.93714381760688,-0.6369825765673693,1.7220813863467792,270.34983728941324,-0.7399984138637817,1.6356142782414522,221.02942729274443,-0.9799282195754186,0.0,0.0,77.551,-16.462000000000003,-21.227321372873686,88.57142857142857,0.9296484057477721,88.57142857142857,1.0508154420442497,74.28571428571429,0.8588180108536098,20.0,-1.0679729930425004,57.14285714285714,0.1362919367482968,BGB 1.9 06/22/38,100.0,0.0,100.0,0.0,100.0,0.0,100.0,0.0,100.0,0.0,0.9968268844327877,-0.002032983187283066,falling,100.0,100.0,1.0,1.0,1.0,1,1,1.1077858350940377,1.3962281519300634,1.0354141526057026,1.2634934124731525,Top Quartile,Top Decile,Above Median,Top Decile,Tight,8.532053605941314,"['Cpn', 'REL_SPRD_LOG', 'GREEN_BOND_LOAN_INDICATOR']","[0.32356966451066993, 0.20613777892517526, 0.20093060090590112]",0.7306380443417463,-1.0835646757446142,61.12492872930377
2026-06-01,BE0000338476,BGB 1.6 06/22/47,2047-06-22,-3.9109259470047135,MODERATE SELL,-1.1445290824150733,0.9883452023799879,-1.1638361889176558,0.40353316129125816,-1.2040083408246443,94.359,-1.236540958007485,0.03253261718284084,2.630937269734189,-1.1959558926933769,0.051426810278303536,4.300059070947912,-1.1816104050289495,0.017774216111293706,1.5042365812980953,0.40353316129125816,0.0,0.0,95.956,-1.5970000000000084,-1.6643044727099692,-1.2580087082584717,0.05400036743382741,4.292527281415267,-1.2310301471545015,0.0865010647394282,7.026721826163339,-1.190613431885322,0.02677724296766626,2.249029116055066,0.40353316129125816,0.0,0.0,93.528,0.8309999999999889,0.8885039773235164,-1.2420066946190396,0.03799835379439531,3.059432260154388,-1.203898410042275,0.059369327627201596,4.9314233359585975,-1.183967420643708,0.020131231726052246,1.7003197220642423,0.40353316129125816,0.0,0.0,87.581,6.777999999999992,7.739121498071591,-1.3049672222474842,0.10095888142283993,7.736507011671333,-1.305138493536949,0.16060941112187566,12.305928503880718,-1.2126380040232299,0.04880181510557402,4.024433882264815,0.40353316129125816,0.0,0.0,107.7,-13.341000000000008,-12.387186628376314,-0.7080396365186598,-0.4959687043059845,-70.04815432929485,-0.39311140999618543,-0.7514176724188879,-191.14623340786673,-0.866195348253968,-0.2976408406636878,-34.3618605003445,0.40353316129125816,0.0,0.0,111.539,-17.180000000000007,-15.402684261522642,17.142857142857142,-1.177519838331819,14.285714285714285,-1.1083680332438939,14.285714285714285,-1.179832539233879,65.71428571428571,0.38124839896718327,77.14285714285715,0.8942070250568881,BGB 1.6 06/22/47,100.0,0.0,100.0,0.0,100.0,0.0,100.0,0.0,100.0,0.0,0.9848952533368801,0.003449949043107803,rising,57.14285714285714,100.0,-1.0,-1.0,-1.0,1,1,1.3752266894991594,1.472698809701461,1.3455014691565008,0.5203049374645855,Bottom Quartile,Top Decile,Top Quartile,Top Decile,Tight,10.518143517420242,"['GREEN_BOND_LOAN_INDICATOR', 'REL_SPRD_LOG', 'YAS_RISK']","[0.43633729057986975, 0.29658749429656195, 0.11958170219817224]",0.852506487074604,0.386814367494581,94.40637824994003
2026-06-01,BE0000340498,BGB 2.15 06/22/66,2066-06-22,7.348488965389123,STRONG BUY,2.47350609941744,0.9897539921711648,1.659095725558224,0.6211817304808908,2.057089655168723,129.595,2.0103463875182217,0.04674326765050152,2.325134997043605,2.3889315493986065,0.08457455001883352,3.5402667642820393,1.6544976131294333,0.004598112428790602,0.2779159283464795,0.6211817304808908,0.0,0.0,131.037,-1.4420000000000073,-1.100452543853997,1.9132013267683143,0.14388832840040888,7.520814753530226,2.226587857132283,0.24691824228515724,11.089535065291349,1.6381530622270914,0.020942663331132483,1.2784314046220753,0.6211817304808908,0.0,0.0,125.959,3.6359999999999957,2.8866535934004958,1.8934027383001006,0.16368691686862258,8.645118795543151,2.185333241346172,0.28817285807126813,13.186677953751575,1.6337481477995095,0.025347577758714435,1.55149847531305,0.6211817304808908,0.0,0.0,117.064,12.531000000000006,10.704401010498161,1.8198413664959558,0.23724828867276737,13.03675648531418,2.065855964460352,0.407650134957088,19.732747103223176,1.6129600428693438,0.04613568268888013,2.8603115499858762,0.6211817304808908,0.0,0.0,137.79,-8.194999999999993,-5.947456273608569,-0.6345132375272008,2.691602892695924,424.19963699505547,-0.15314385311118606,2.626649952528626,1715.1519487409146,-1.0486515405964234,2.707747266154647,258.2122979377286,0.6211817304808908,0.0,0.0,141.145,-11.550000000000011,-8.183074143031423,100.0,1.983512572300664,100.0,2.3953564245332433,100.0,1.6145863408256291,71.42857142857143,0.6092424483654528,100.0,1.6969090404353528,BGB 2.15 06/22/66,100.0,0.0,100.0,0.0,100.0,0.0,100.0,0.0,100.0,0.0,0.9642217950489745,0.025532197122190237,rising,71.42857142857143,100.0,1.0,1.0,1.0,1,1,2.349622091939204,3.1827321335643446,1.918066956042903,0.8009352202871971,Top Decile,Top Decile,Top Decile,Top Decile,Moderate,12.83967853217156,"['GREEN_BOND_LOAN_INDICATOR', 'REL_SPRD_LOG', 'Cpn']","[0.6198438085252957, 0.18454176422647764, 0.06729347132876505]",0.8716790440805384,0.6181369756666645,129.60045554430332
2026-06-01,BE0000343526,BGB 2 1/4 06/22/57,2057-06-22,1.5755383062510615,NO ACTION,0.6184595672256508,0.9891309846430977,0.9766431060850251,-0.34107999358240704,0.741685198621247,121.925,0.7326335093587282,0.00905168926251887,1.2355002908468866,0.6053198404275687,0.013139726798082063,2.170708062654941,0.9708858056489758,0.005757300436049384,0.5929945976397846,-0.34107999358240704,0.0,0.0,123.278,-1.3530000000000086,-1.0975194275460802,0.6635112151004758,0.0781739835207712,11.781862998464462,0.5034696821237976,0.11498988510185315,22.839485057539154,0.9249819605615471,0.051661145523478,5.585097565968237,-0.34107999358240704,0.0,0.0,119.938,1.9869999999999948,1.6566892893280911,0.9989259188803121,-0.2572407202590651,-25.751731216688317,1.0077902121966842,-0.3893306449710334,-38.632111762545975,1.1347949898752985,-0.15815188379027334,-13.936603863045969,-0.34107999358240704,0.0,0.0,114.05,7.875,6.904866286110929,0.8731899524325891,-0.13150475381134208,-15.060268609248281,0.8155028448221515,-0.19704327759650075,-24.16218121510719,1.0638140442308486,-0.08717093814582344,-8.19418936976248,-0.34107999358240704,0.0,0.0,134.519,-12.594000000000008,-9.362246224744299,1.1343532757324146,-0.3926680771111676,-34.61603030114509,1.224533591422657,-0.6060740241970062,-49.49427467673181,1.2019119754955536,-0.22526886941052848,-18.74254289241064,-0.34107999358240704,0.0,0.0,143.215,-21.290000000000006,-14.8657612669856,77.14285714285715,0.7084708147865986,74.28571428571429,0.5989195248060711,82.85714285714286,0.9390268366014374,31.428571428571427,-0.3987584214174388,97.14285714285714,1.5221807949491224,BGB 2 1/4,100.0,0.0,100.0,0.0,100.0,0.0,100.0,0.0,100.0,0.0,0.9849183180169863,0.0042126666261114165,rising,65.71428571428571,100.0,1.0,1.0,1.0,1,1,0.8471579853440385,0.7957898864219385,1.129089081944627,0.43977948222011465,Top Quartile,Top Decile,Top Decile,Top Decile,Moderate,12.47482042612802,"['YAS_RISK', 'REL_SPRD_LOG', 'Cpn']","[0.39627567943097625, 0.24438019459373458, 0.14625800101325925]",0.7869138750379701,-0.404580024418676,121.56392422878083
2026-06-01,BE0000344532,BGB 1.45 06/22/37,2037-06-22,1.6994480352101746,NO ACTION,0.6501638914408927,0.984538709387343,0.7740556820165174,-0.17477374817130759,0.697303286689336,54.612,0.7256692492458522,-0.028365962556516133,-3.908938155378843,0.6895286298446791,-0.0393647384037864,-5.708934499465253,0.7915207813258758,-0.017465099309358356,-2.2065243895997453,-0.17477374817130759,0.0,0.0,55.437,-0.8249999999999957,-1.4881757668185114,0.628785856245027,0.06851743044430902,10.896782851287716,0.5490073111499707,0.101156580290922,18.425360900294688,0.727533603325218,0.04652207869129943,6.394491998612768,-0.17477374817130759,0.0,0.0,55.192,-0.5799999999999983,-1.0508769384963592,0.9940053348454573,-0.2967020481561212,-29.849140117274807,1.110902864796377,-0.4607389733554843,-41.4742804081712,0.9477793247042936,-0.17372364268777618,-18.329545319953386,-0.17477374817130759,0.0,0.0,52.104,2.5080000000000027,4.813450022107051,0.9842571663853327,-0.2869538796959966,-29.154359915345474,1.0875313539733136,-0.43736746253242087,-40.21653784167582,0.9413651510641313,-0.1673094690476139,-17.773067877133368,-0.17477374817130759,0.0,0.0,70.067,-15.454999999999991,-22.057459285818215,0.5174790086053853,0.17982427808395074,34.75006166792621,0.3793542846586039,0.2708096067822888,71.38698852111355,0.654813875669881,0.11924180634663639,18.21003020188719,-0.17477374817130759,0.0,0.0,73.999,-19.386999999999993,-26.19900268568507,71.42857142857143,0.6654507454004677,77.14285714285715,0.629622160515096,65.71428571428571,0.7384856475714612,40.0,-0.2245471482963975,54.285714285714285,-0.011258890632969927,BGB 1.45 06/22/37,100.0,0.0,100.0,0.0,100.0,0.0,100.0,0.0,100.0,0.0,0.9840301239003024,0.0005085854870405804,rising,28.57142857142857,100.0,1.0,1.0,1.0,1,1,0.796464657274599,0.8365847611451332,0.8948794231349078,0.22534862766108282,Above Median,Top Decile,Above Median,Top Decile,Tight,7.895716111649165,"['Issue_Age', 'YAS_RISK', 'GREEN_BOND_LOAN_INDICATOR']","[0.2770154377395265, 0.2655567311411099, 0.2589915427377393]",0.8015637116183757,-0.227825384647607,54.34275461561782
2026-06-01,BE0000345547,BGB 0.8 06/22/28,2028-06-22,-1.6363568363736665,NO ACTION,0.0,0.9642837718179257,-0.008763299085129173,-1.2858207616410438,0.11167948394845048,-11.559,0.11608981408849611,-0.004410330140045632,-3.7990669506774393,0.0,0.0,0.0,-0.008763299085129173,0.0,0.0,-1.2858207616410438,0.0,0.0,-14.472,2.9130000000000003,20.128524032525895,0.11568039837959104,-0.004000914431140562,-3.45859293477946,0.0,0.0,0.0,-0.008763299085129173,0.0,0.0,-1.2858207616410438,0.0,0.0,-9.973,-1.5859999999999985,-15.902937916471519,0.11584771342036564,-0.004168229471915155,-3.5980245004818063,0.0,0.0,0.0,-0.008763299085129173,0.0,0.0,-1.2858207616410438,0.0,0.0,-8.961,-2.597999999999999,-28.992299934167715,0.11427951921842161,-0.0026000352699711293,-2.275153991054427,0.0,0.0,0.0,-0.008763299085129173,0.0,0.0,-1.2858207616410438,0.0,0.0,-0.047,-11.511999999999999,-24493.611809869824,0.11222378896362911,-0.0005443050151786311,-0.48501745637307847,0.0,0.0,0.0,-0.008763299085129173,0.0,0.0,-1.2858207616410438,0.0,0.0,12.696,-24.255,-191.0444232899776,42.857142857142854,0.09779659235871152,47.14285714285714,1.843107197045592e-17,47.14285714285714,-0.03642646746817344,14.285714285714285,-1.3884055123369778,5.714285714285714,-1.5186829756485336,BGB 0.8 06/22/28,100.0,0.0,100.0,0.0,100.0,0.0,100.0,0.0,100.0,0.0,0.9865614514700453,-0.022277679652119575,falling,5.714285714285714,100.0,1.0,1.0,1.0,1,1,0.12756108225148138,0.0,0.010131178172646912,1.657903129535942,Below Median,Top Decile,Bottom Decile,Top Decile,Very Tight,1.9157818395463264,"['GREEN_BOND_LOAN_INDICATOR', 'YAS_RISK', 'REL_SPRD_LOG']","[0.2946709109241935, 0.20951373520200758, 0.19950747239448655]",0.7036921185206876,-1.4086752928943993,-12.00159192404322
2026-06-01,BE0000346552,BGB 1 1/4 04/22/33,2033-04-22,-4.366432078459518,STRONG SELL,-1.9027384071085955,0.9916457774527511,-1.7006947946792135,1.066691150773085,-1.7738016485549348,22.171,-1.8140437109077867,0.04024206235285188,2.218362318892396,-1.9753595633035095,0.07262115619491394,3.6763512413826174,-1.7093500651334088,0.00865527045419534,0.5063486163605093,1.066691150773085,0.0,0.0,21.819,0.3520000000000003,1.6132728348626106,-1.9204895326395577,0.14668788408462285,7.638046489074458,-2.155738193728366,0.25299978661977063,11.736109059170799,-1.7359341100998655,0.03523931542065206,2.029991519414619,1.066691150773085,0.0,0.0,23.073,-0.902000000000001,-3.9093312512853458,-1.8929949317575743,0.11919328320263944,6.296545256057208,-2.109648928618471,0.20691052150987543,9.807817676308424,-1.7280129920502674,0.0273181973710539,1.5809023044757866,1.066691150773085,0.0,0.0,19.829,2.3419999999999987,11.810983906495034,-1.8583210962933139,0.08451944773837905,4.548161641825461,-2.054660198383292,0.15192179127469663,7.3940104867381535,-1.7185462899909911,0.017851495311777654,1.038755564041029,1.066691150773085,0.0,0.0,37.924,-15.753,-41.53833982661683,-1.609517036011428,-0.1642846125435069,-10.20707503226657,-1.6227504313373884,-0.27998797577120715,-17.25391462783737,-1.6581525948128344,-0.04254219986637908,-2.565638394373302,1.066691150773085,0.0,0.0,46.708,-24.537,-52.53275668996045,5.714285714285714,-1.7298292492449032,5.714285714285714,-1.8426219643230966,5.714285714285714,-1.7112686026293569,85.71428571428571,1.075928249037977,34.285714285714285,-0.7502887487579779,BGB 1 1/4,100.0,0.0,100.0,0.0,100.0,0.0,100.0,0.0,100.0,0.0,0.9906939256485432,0.0009518518042078705,rising,88.57142857142857,100.0,-1.0,-1.0,-1.0,1,1,2.026048563168246,2.448308767662974,1.966159298548498,1.3753632309202737,Bottom Decile,Top Decile,Below Median,Top Decile,Very Tight,5.680941001551787,"['Issue_Age', 'YAS_RISK', 'AMT_OUTSTANDING']","[0.7972686505408996, 0.0668455191359017, 0.04680958338131288]",0.9109237530581142,1.091636073092076,21.973444797052355
2026-06-01,BE0000347568,BGB 0.9 06/22/29,2029-06-22,-0.5258589170747898,NO ACTION,0.0,0.9730379540651558,-0.008763299085129173,-1.3203050435234,0.1132516734508004,-2.377,0.11644814737595635,-0.003196473925155957,-2.7449759594186154,0.0,0.0,0.0,-0.008763299085129173,0.0,0.0,-1.3203050435234,0.0,0.0,-5.709,3.332,58.363986585454576,0.11494270613408065,-0.0016910326832802608,-1.4711960358650926,0.0,0.0,0.0,-0.008763299085129173,0.0,0.0,-1.3203050435234,0.0,0.0,-2.339,-0.03799999999999981,-1.6246259015620874,0.11651161864915376,-0.0032599451983533617,-2.797956938847614,0.0,0.0,0.0,-0.008763299085129173,0.0,0.0,-1.3203050435234,0.0,0.0,-2.998,0.6210000000000004,20.713809137045345,0.11581618762474166,-0.002564514173941268,-2.214296641175012,0.0,0.0,0.0,-0.008763299085129173,0.0,0.0,-1.3203050435234,0.0,0.0,10.389,-12.765999999999998,-122.87996907991146,0.11535742411471164,-0.002105750663911249,-1.8254139233170585,0.0,0.0,0.0,-0.008763299085129173,0.0,0.0,-1.3203050435234,0.0,0.0,21.942,-24.319,-110.83310540933684,45.714285714285715,0.09932053980791118,47.14285714285714,1.843107197045592e-17,47.14285714285714,-0.03642646746817344,11.428571428571429,-1.4245289341275416,8.571428571428571,-1.3095102572581072,BGB 0.9 06/22/29,100.0,0.0,100.0,0.0,100.0,0.0,100.0,0.0,100.0,0.0,0.982453872612717,-0.009415918547561186,falling,8.571428571428571,100.0,1.0,1.0,1.0,1,1,0.12935684802092873,0.0,0.010131178172646912,1.7023662464478142,Below Median,Top Decile,Bottom Decile,Top Decile,Very Tight,2.7823808394401794,"['GREEN_BOND_LOAN_INDICATOR', 'YAS_RISK', 'Issue_Age']","[0.27717723806356065, 0.2161911642458714, 0.2072860125283881]",0.7006544148378201,-1.445326092188273,-3.0833422864423827
2026-06-01,BE0000348574,BGB 1.7 06/22/50,2050-06-22,-3.065833593562715,WEAK SELL,-0.8729719997033285,0.98978580701214,-0.9187065649827686,0.9197521077823156,-0.9845852511250528,104.164,-1.0024492883259573,0.01786403720090446,1.7820389750121581,-0.9003583073674174,0.027386307664088894,3.0417120757171965,-0.9284051046434963,0.009698539660727756,1.044645220901433,0.9197521077823156,0.0,0.0,105.747,-1.5829999999999984,-1.4969691810172407,-1.2207960242600473,0.2362107731349945,19.348913864892044,-1.2452906610661167,0.37231866136278824,29.898133023355843,-1.036866462522631,0.11815989753986234,11.395864431066686,0.9197521077823156,0.0,0.0,102.044,2.1200000000000045,2.077535180698768,-1.0019716242785282,0.017386373153475354,1.735216103796636,-0.9036358203510126,0.030663820647684137,3.393382557193746,-0.9297961302522063,0.011089565269437718,1.19268781503327,0.9197521077823156,0.0,0.0,96.787,7.376999999999995,7.621891368921246,-0.9279138562643418,-0.056671394860711044,-6.107398210230715,-0.7902253853440903,-0.08274661435923825,-10.47126741898843,-0.8828490159582455,-0.035857549024523094,-4.061572020833716,0.9197521077823156,0.0,0.0,117.776,-13.611999999999995,-11.557532942912175,0.5421282457297891,-1.526713496854842,-281.6148172907253,0.15669693672717291,-1.0296689364305014,-657.1084873933577,0.5863831436413998,-1.5050897086241684,-256.67342236516566,0.9197521077823156,0.0,0.0,122.925,-18.760999999999996,-15.262151717285974,25.71428571428571,-0.9648296649504307,25.71428571428571,-0.8453907141848128,28.57142857142857,-0.9371788479872323,80.0,0.9220047587485324,80.0,1.117572142005062,BGB 1.7 06/22/50,100.0,0.0,100.0,0.0,100.0,0.0,100.0,0.0,100.0,0.0,0.991152966096614,-0.0013671590844739345,falling,77.14285714285715,100.0,-1.0,-1.0,-1.0,1,1,1.124600112410359,1.123278424828661,1.0621091221244847,1.1859039326316836,Below Median,Top Decile,Top Quartile,Top Decile,Moderate,10.97743027521858,"['GREEN_BOND_LOAN_INDICATOR', 'REL_SPRD_LOG', 'YAS_RISK']","[0.4562529688197934, 0.2908581370226022, 0.15086885811282122]",0.8979799639552168,0.9354654040475228,104.24184692078518
2026-06-01,BE0000349580,BGB 0.1 06/22/30,2030-06-22,-0.2715032934145087,NO ACTION,0.0,0.9847388459434124,-0.008763299085129173,-1.6134883157586324,0.11535307125811102,5.669,0.11523111028555283,0.00012196097255819105,0.10584030794455618,0.0,0.0,0.0,-0.008763299085129173,0.0,0.0,-1.6134883157586324,0.0,0.0,3.524,2.1449999999999996,60.86833126881858,0.11530883515622622,4.423610188479532e-05,0.03836314709843987,0.0,0.0,0.0,-0.008763299085129173,0.0,0.0,-1.6134883157586324,0.0,0.0,6.457,-0.7880000000000003,-12.203809799901181,0.11489777922538139,0.0004552920327296345,0.3962583055767435,0.0,0.0,0.0,-0.008763299085129173,0.0,0.0,-1.6134883157586324,0.0,0.0,3.322,2.3469999999999995,70.65021050376214,0.1158244226109702,-0.00047135135285918117,-0.40695330184983575,0.0,0.0,0.0,-0.008763299085129173,0.0,0.0,-1.6134883157586324,0.0,0.0,19.576,-13.907,-71.04107066252499,0.11173437339340639,0.0036186978647046314,3.2386609697066406,0.0,0.0,0.0,-0.008763299085129173,0.0,0.0,-1.6134883157586324,0.0,0.0,28.032,-22.363,-79.77668376149518,51.42857142857142,0.10135745700104737,47.14285714285714,1.843107197045592e-17,47.14285714285714,-0.03642646746817344,5.714285714285714,-1.731648074407789,14.285714285714285,-1.126216455017923,BGB 0.1 06/22/30,100.0,0.0,100.0,0.0,100.0,0.0,100.0,0.0,100.0,0.0,0.9844925328257966,0.000246313117615804,rising,31.428571428571427,100.0,1.0,1.0,1.0,1,1,0.13175707919199292,0.0,0.010131178172646912,2.0803889686396912,Above Median,Top Decile,Bottom Quartile,Top Decile,Very Tight,3.5206215091498905,"['Issue_Age', 'REL_SPRD_LOG', 'GREEN_BOND_LOAN_INDICATOR']","[0.25826051312028864, 0.2119662981918244, 0.20460123112617673]",0.6748280424382898,-1.7569289640031107,5.20984432601197
2026-06-01,BE0000350596,BGB 0.4 06/22/40,2040-06-22,1.033695645406553,NO ACTION,0.2994670602677082,0.9841739808119683,0.9037301804284786,1.1665293232787015,0.7566045705313184,70.151,0.6148766820242592,0.1417278885070592,23.04980662715826,0.08863877640942391,0.21082828385828428,237.85104963471096,0.8066288650204756,0.09710131540800304,12.037917115915073,1.1665293232787015,0.0,0.0,70.895,-0.7439999999999998,-1.0494393115100584,-0.5647714105045708,1.3213759810358892,233.96650982363133,-0.1336214021672375,0.4330884624349457,324.11606449189605,-0.8453686037235606,1.7490987841520393,206.90368151330523,1.1665293232787015,0.0,0.0,69.925,0.2259999999999991,0.3232034322026153,-0.7238241762738442,1.4804287468051625,204.52877575509368,-0.3723439823987941,0.6718110426665023,180.42752303815016,-0.9516661439891461,1.8553963244176246,194.96294122053916,1.1665293232787015,0.0,0.0,64.279,5.872,9.135176339218848,-0.9578064558076168,1.7144110263389352,178.993469718682,-0.720577881510886,1.0200449417785942,141.5592892587635,-1.1055290321525637,2.0092592125810422,181.74639796606658,1.1665293232787015,0.0,0.0,83.183,-13.03200000000001,-15.666662657554243,-0.7126072821600247,1.469211852691343,206.17412547630977,-0.35809227003574695,0.6575593303034551,183.62845751319006,-0.945097411948016,1.8488275923764945,195.6229643041167,1.1665293232787015,0.0,0.0,87.358,-17.207000000000008,-19.69710844803029,80.0,0.7229323912899596,60.0,0.29000548934052933,80.0,0.866850368224637,88.57142857142857,1.1805120251630843,62.857142857142854,0.3427309668129933,BGB 0.4 06/22/40,100.0,0.0,100.0,0.0,100.0,0.0,100.0,0.0,100.0,0.0,0.9924823615042582,-0.008308380692289896,falling,25.71428571428571,100.0,1.0,1.0,-1.0,1,0,0.8641989955643177,0.38533296355427005,1.04479504681704,1.5040919181386707,Top Quartile,Top Decile,Above Median,Top Decile,Tight,8.170203894771788,"['REL_SPRD_LOG', 'GREEN_BOND_LOAN_INDICATOR', 'Issue_Age']","[0.5795992324105026, 0.22007640687460492, 0.1200428100159417]",0.9197184493010492,1.1977467015474903,70.13524520676083
2026-06-01,BE0000352618,BGB 0 10/22/31,2031-10-22,-0.0465730909374801,NO ACTION,0.33615541559890133,0.9880236727014814,0.7936073197389406,-0.925034977621617,0.5346002541077459,15.859,0.5585674742386826,-0.02396722013093666,-4.290836972653993,0.3710090941329319,-0.0348536785340306,-9.394291985229177,0.8085222054323307,-0.014914885693390056,-1.844709447521465,-0.925034977621617,0.0,0.0,15.086,0.7729999999999997,5.123955982285589,0.11384914205413824,0.4207511120536077,369.5689466826504,0.0,0.33615541559890133,3361554155.9890127,-0.008763299085129173,0.8023706188240698,9156.023267348246,-0.925034977621617,0.0,0.0,16.645,-0.7859999999999996,-4.722138777577565,0.11530157796208115,0.41929867614566474,363.6538607634425,0.0,0.33615541559890133,3361554155.9890127,-0.008763299085129173,0.8023706188240698,9156.023267348246,-0.925034977621617,0.0,0.0,12.996,2.8629999999999995,22.029855323153384,-1.6363138520877794,2.170914106195525,132.67100869179507,-1.5936434276745668,1.929798843273468,121.09351424867138,-1.244515674222833,2.0381229939617738,163.7683654613423,-0.925034977621617,0.0,0.0,29.513,-13.654000000000002,-46.26435806381447,0.11511723309771194,0.419483021010034,364.3963403935719,0.0,0.33615541559890133,3361554155.9890127,-0.008763299085129173,0.8023706188240698,9156.023267348246,-0.925034977621617,0.0,0.0,40.44,-24.580999999999996,-60.78387733412861,60.0,0.5077401951715301,62.857142857142854,0.3255346872142802,68.57142857142857,0.757839803903555,22.857142857142858,-1.010470512946976,22.857142857142858,-0.894080754691366,BGB 0 10/22/31,100.0,0.0,100.0,0.0,100.0,0.0,100.0,0.0,100.0,0.0,0.9763647470712149,0.011658925630266492,rising,48.57142857142857,100.0,1.0,1.0,1.0,1,1,0.6106241233831131,0.4325409358603487,0.9174829110917488,1.1927155246519667,Above Median,Top Decile,Bottom Quartile,Top Decile,Very Tight,4.455449232136743,"['REL_SPRD_LOG', 'Issue_Age', 'GREEN_BOND_LOAN_INDICATOR']","[0.3882182266889264, 0.19538316435326492, 0.1518721723866703]",0.7354735634288616,-1.0252226983677215,15.5245995554133
2026-06-01,BE0000353624,BGB 0.65 06/22/2071,2071-06-22,-4.824695630163433,MODERATE SELL,-1.4381545405302238,0.9867103790392562,-1.563137817817896,1.5987696067238677,-1.4814335360032043,111.731,-1.542573455702043,0.061139919698838696,3.9635013215408326,-1.539036189772023,0.10088164924179921,6.55485876529368,-1.5827280951405613,0.019590277322665273,1.2377538036405482,1.5987696067238677,0.0,0.0,113.909,-2.1780000000000115,-1.9120526032260894,-1.3908316228948998,-0.09060191310830445,-6.514225803142265,-1.2911706670536753,-0.1469838734765485,-11.383767931591452,-1.527434827194341,-0.035702990623555086,-2.3374477099878055,1.5987696067238677,0.0,0.0,107.489,4.24199999999999,3.9464503340856694,-1.3078852350368555,-0.17354830096634877,-13.269382893103765,-1.1579467075500753,-0.2802078329801485,-24.19868105615412,-1.4870950845417519,-0.07604273327614419,-5.113508447122997,1.5987696067238677,0.0,0.0,99.875,11.855999999999995,11.870838546996659,-1.426684231210607,-0.05474930479259732,-3.837520820033733,-1.3509629027353747,-0.08719163779484917,-6.454036374566871,-1.542774748490392,-0.02036306932750409,-1.319899046535438,1.5987696067238677,0.0,0.0,117.732,-6.001000000000005,-5.097169842940142,-2.2114299144201452,0.729996378416941,33.01015195443518,-2.7152939156700366,1.2771393751398128,47.03503230592839,-1.7109342887433283,0.14779647092543224,8.638348710057887,1.5987696067238677,0.0,0.0,123.662,-11.931000000000012,-9.64807297232392,8.571428571428571,-1.4464323440470426,8.571428571428571,-1.392716484079852,8.571428571428571,-1.5751010205300406,97.14285714285714,1.6332979676695856,82.85714285714286,1.2899539716783743,BGB 0.65 06/22/2071,100.0,0.0,100.0,0.0,100.0,0.0,100.0,0.0,100.0,0.0,0.9826822139633794,0.004028165075876777,rising,37.142857142857146,100.0,-1.0,-1.0,-1.0,1,1,1.6921036743278182,1.8505152141145094,1.807130806203924,2.061411056243626,Bottom Decile,Top Decile,Top Quartile,Top Decile,Moderate,9.463828834660148,"['Cpn', 'REL_SPRD_LOG', 'YAS_RISK']","[0.8093101034631599, 0.12268389320161309, 0.025800289778092185]",0.9577942864428652,1.6571430122875803,112.96700122699856
2026-06-01,BE0000354630,BGB 0.35 06/22/32,2032-06-22,0.9300147092996164,WEAK BUY,0.8423007318228799,0.9888156540876868,1.215860871182895,-1.6198824440355328,0.9338325036538069,21.645,0.9205760650645549,0.013256438589251962,1.440015545518317,0.8245822908953966,0.017718440927483314,2.148777739740864,1.207939753133297,0.007921118049598164,0.6557543920113559,-1.6198824440355328,0.0,0.0,21.079,0.565999999999999,2.685136864801391,0.1152003635239671,0.8186321401298398,710.6158730982984,0.0,0.8423007318228799,8423007318.228799,-0.008763299085129173,1.2246241702680243,13974.449130707262,-1.6198824440355328,0.0,0.0,22.911,-1.2660000000000018,-5.525729996278769,0.11615989905567721,0.8176726045981296,703.9198043846667,0.0,0.8423007318228799,8423007318.228799,-0.008763299085129173,1.2246241702680243,13974.449130707262,-1.6198824440355328,0.0,0.0,18.22,3.4250000000000007,18.798024138969254,0.8863932621695182,0.047439241484288686,5.351940608504097,0.7746605709131028,0.06764016090977709,8.73158678476304,1.1857606225944215,0.0301002485884736,2.538475958896935,-1.6198824440355328,0.0,0.0,37.136,-15.491000000000003,-41.71423954068445,1.2486136398852195,-0.3147811362314126,-25.2104513081648,1.3377177237631779,-0.495416991940298,-37.03449385743165,1.3733558817690552,-0.1574950105861601,-11.467894922945773,-1.6198824440355328,0.0,0.0,48.193,-26.548,-55.08683832608743,85.71428571428571,0.8947221508610889,85.71428571428571,0.8156884957090565,94.28571428571428,1.175828381763479,2.857142857142857,-1.738346134512895,31.428571428571427,-0.7622714159190934,BGB 0.35 06/22/32,100.0,0.0,100.0,0.0,100.0,0.0,100.0,0.0,100.0,0.0,0.9838885468329939,0.0049271072546929195,rising,62.857142857142854,100.0,1.0,1.0,1.0,1,1,1.0666299717383572,1.0838128136934166,1.4056467774798118,2.088633387766505,Top Quartile,Top Decile,Below Median,Top Decile,Very Tight,4.944720474662745,"['GREEN_BOND_LOAN_INDICATOR', 'REL_SPRD_LOG', 'Cpn']","[0.26706960443777455, 0.21664025836251316, 0.19055492397614046]",0.6742647867764282,-1.7637248112512989,21.24194302238009
2026-06-01,BE0000355645,BGB 1.4 06/22/53,2053-06-22,-1.487520634542335,NO ACTION,-0.36580605386078024,0.9907458705115717,-0.44218369499900506,0.9560106893689513,-0.5688737835650269,112.672,-0.4684507401385223,-0.10042304342650465,-21.437268143301992,-0.21757304630091928,-0.14823300755986096,-68.1302225928398,-0.3788147506022184,-0.06336894439678664,-16.728214153019344,0.9560106893689513,0.0,0.0,114.675,-2.003,-1.7466753868108416,-0.6080670556220515,0.03919327205702461,6.445550873065285,-0.42569756678368104,0.05989151292290079,14.06902838757167,-0.468806379565704,0.026622684566698918,5.678822891335124,0.9560106893689513,0.0,0.0,111.279,1.3930000000000007,1.2518085172178217,-0.6995410999715547,0.13066731640652773,18.679004642320596,-0.5622483670195937,0.19644231315881344,34.93870701772922,-0.5281181659370866,0.08593447093808154,16.271826052114267,0.9560106893689513,0.0,0.0,104.12,8.551999999999992,8.213599691873446,-0.6660386831927921,0.0971648996277652,14.588476708760787,-0.5117375115687003,0.14593145770792004,28.516857091224423,-0.5052821621940983,0.06309846719509321,12.487768353492326,0.9560106893689513,0.0,0.0,124.789,-12.117000000000004,-9.70999046312496,0.7247195166918505,-1.2935933002568776,-178.49571490943296,0.5333532960362943,-0.8991593498970746,-168.5860647568363,0.4972995452835998,-0.9394832402826049,-188.91696771110858,0.9560106893689513,0.0,0.0,131.595,-18.923000000000002,-14.379725672375113,37.142857142857146,-0.5618741499541532,37.142857142857146,-0.3542485225546622,37.142857142857146,-0.46546909904346306,82.85714285714286,0.9599868179559694,85.71428571428571,1.3113906442993057,BGB 1.4 06/22/53,100.0,0.0,100.0,0.0,100.0,0.0,100.0,0.0,100.0,0.0,0.9849340906810671,0.005811779830504626,rising,82.85714285714286,100.0,-1.0,-1.0,-1.0,1,1,0.6497715867808382,0.47069327322430365,0.5112049418325023,1.2326547844442621,Below Median,Top Decile,Top Quartile,Top Decile,Moderate,10.664245976789031,"['GREEN_BOND_LOAN_INDICATOR', 'REL_SPRD_LOG', 'Issue_Age']","[0.5082092307006241, 0.27477412161359716, 0.11819061252513838]",0.9011739648393596,0.974001975606296,112.63360887493732
2026-06-01,BE0000356650,BGB 2 3/4 04/22/39,2039-04-22,-0.3018431066017228,NO ACTION,-0.4040515682969562,0.9932814592716658,-1.1299492595054716,0.3117033002510044,-0.7957981221092083,62.774,-0.8065664287953241,0.010768306686115836,1.3350799349151226,-0.421043121647134,0.016991553350177768,4.035584972899636,-1.1367498291480538,0.006800569642582133,0.598246809313725,0.3117033002510044,0.0,0.0,63.634,-0.8599999999999994,-1.3514787689990437,-0.9149915846201695,0.11919346251096119,13.026727590917453,-0.58269877209009,0.1786472037931338,30.658585410517208,-1.2071898203891163,0.07724056088364462,6.398377366942157,0.3117033002510044,0.0,0.0,63.166,-0.3919999999999959,-0.6205870245669145,-0.7695276926408077,-0.026270429468400636,-3.413838043549015,-0.36606184067020003,-0.037989727626756176,-10.377953222168093,-1.112252322594662,-0.017696936910809757,-1.591090114374168,0.3117033002510044,0.0,0.0,58.642,4.131999999999998,7.046144400421853,-0.7252033339507673,-0.070594788158441,-9.734481886673919,-0.3023180875362339,-0.1017334807607223,-33.651138185179,-1.0858228360291726,-0.044126423476299026,-4.063869501150051,0.3117033002510044,0.0,0.0,77.886,-15.111999999999995,-19.40271678871649,-1.5505011230773542,0.7547030009681459,48.674779067736026,-1.5816599354401637,1.1776083671432076,74.45395393227136,-1.531260147618293,0.40131088811282134,26.207884147982817,0.3117033002510044,0.0,0.0,80.067,-17.292999999999992,-21.598161537012974,28.57142857142857,-0.781835399134889,31.428571428571427,-0.39128568156383114,17.142857142857142,-1.1462878848796374,60.0,0.28505359303668265,60.0,0.174677476988753,BGB 2 3/4,100.0,0.0,100.0,0.0,100.0,0.0,100.0,0.0,100.0,0.0,0.9922922994133772,0.000989159858288624,rising,91.42857142857143,100.0,-1.0,-1.0,-1.0,1,1,0.9089661424009079,0.5199048873737028,1.306325068092964,0.4019019542920453,Below Median,Top Decile,Above Median,Top Decile,Tight,9.419418351568964,"['Issue_Age', 'REL_SPRD_LOG', 'GREEN_BOND_LOAN_INDICATOR']","[0.6403371999362933, 0.10684559609188446, 0.09723444308032846]",0.8444172391085063,0.2892151825194503,62.8328523110393
2026-06-01,BE0000357666,BGB 3 06/22/33,2033-06-22,-0.3872124510228829,MODERATE SELL,-1.221469863721158,0.9897643066178164,-0.9559937792162438,-0.7223864830970617,-1.3132410740906222,27.296,-1.235542959533873,-0.07769811455674924,-6.288580524727686,-1.0982442654101154,-0.12322559831104263,-11.220235886504094,-0.9168132245709135,-0.03918055464533032,-4.273559015939335,-0.7223864830970617,0.0,0.0,27.434,-0.13800000000000168,-0.5030254426977441,-0.634782961312368,-0.6784581127782542,-106.8803265745442,-0.19027048178439948,-1.0311993819367586,-541.9649532967193,-0.5445206762397915,-0.41147310297645234,-75.5661104113226,-0.7223864830970617,0.0,0.0,28.817,-1.5210000000000008,-5.278134432703569,-0.597817310620121,-0.7154237634705012,-119.67263891390533,-0.13809441295424144,-1.0833754507669167,-784.5178882610638,-0.5200618092866415,-0.43593196992960237,-83.82310597758583,-0.7223864830970617,0.0,0.0,25.621,1.6750000000000007,6.537605867632958,0.3643019008476057,-1.6775429749382278,-460.4815195822498,0.17416178054637937,-1.3956316442675374,-801.342039427345,0.5191115996201768,-1.4751053788364206,-284.1595817738933,-0.7223864830970617,0.0,0.0,43.81,-16.514000000000003,-37.694590267588545,0.6841174606614115,-1.9973585347520337,-291.9613400343318,0.6560026520354669,-1.877472515756625,-286.1989172316985,0.7324021929557029,-1.6883959721719468,-230.52852180922022,-0.7223864830970617,0.0,0.0,53.519,-26.223,-48.997552262000866,14.285714285714285,-1.2834008055949786,11.428571428571429,-1.1828778939042512,25.71428571428571,-0.9740894425731426,25.71428571428571,-0.7981895361266733,37.142857142857146,-0.633537476513267,BGB 3 06/22/33,100.0,0.0,100.0,0.0,100.0,0.0,100.0,0.0,100.0,0.0,0.9913964580138636,-0.0016321513960471101,falling,74.28571428571429,100.0,-1.0,-1.0,-1.0,1,1,1.4999930761268698,1.5717007475184317,1.1052165645718202,0.9314259395940775,Bottom Quartile,Top Decile,Below Median,Top Decile,Very Tight,6.183106539096173,"['REL_SPRD_LOG', 'Cpn', 'GREEN_BOND_LOAN_INDICATOR']","[0.288027654682193, 0.28174019866419797, 0.18355691777891853]",0.7533247711253095,-0.8098425629958081,27.181686613491696
2026-06-01,BE0000358672,BGB 3.3 06/22/54,2054-06-22,-1.5056701425173031,NO ACTION,-0.37163811164507077,0.9906040338255466,-0.9812254381742328,1.1775085707540263,-0.7333373373097826,114.522,-0.690920598667924,-0.042416738641858576,-6.139162460884888,-0.30699633757588335,-0.06464177406918742,-21.056202974274562,-0.9537913220024533,-0.027434116171779488,-2.876322655835262,1.1775085707540263,0.0,0.0,116.216,-1.6939999999999884,-1.4576306187222288,-0.6111624789900006,-0.12217485831978192,-19.990568878284158,-0.18904620855409,-0.18259190309098078,-96.58585317787644,-0.9017051408763137,-0.0795202972979191,-8.818880231596552,1.1775085707540263,0.0,0.0,113.785,0.737000000000009,0.6477127916115812,-0.49843479263258283,-0.23490254467719973,-47.128038298392305,-0.026022543786226336,-0.34561556785884445,-1328.1385474233423,-0.8241941027909758,-0.15703133538325698,-19.052712576591983,1.1775085707540263,0.0,0.0,107.342,7.180000000000007,6.688900895577795,0.7037568051018009,-1.4370941424115835,-204.2032292367503,0.20365091903590843,-0.5752890306809793,-282.4878007698862,0.8902835995442824,-1.871509037718515,-210.21492675536297,1.1775085707540263,0.0,0.0,128.989,-14.466999999999999,-11.215685057546326,1.104942529282926,-1.8382798665927087,-166.36882020903064,0.8001618645446026,-1.1717999761896734,-146.4453648027884,1.15272376438756,-2.133949202561793,-185.12233806364895,1.1775085707540263,0.0,0.0,135.415,-20.892999999999986,-15.428866815682973,31.428571428571427,-0.7212912004057788,34.285714285714285,-0.35989631824238644,22.857142857142858,-0.9990662490649556,91.42857142857143,1.1920131487430148,88.57142857142857,1.3535350059876405,BGB 3.3 06/22/54,100.0,0.0,100.0,0.0,100.0,0.0,100.0,0.0,100.0,0.0,0.9906260021651372,-2.1968339590561214e-05,falling,80.0,100.0,-1.0,-1.0,-1.0,1,1,0.8376230001728391,0.478197551349689,1.1343866784765975,1.5182482681466294,Below Median,Top Decile,Top Quartile,Top Decile,Moderate,14.181449512452817,"['REL_SPRD_LOG', 'GREEN_BOND_LOAN_INDICATOR', 'YAS_RISK']","[0.5768273469534587, 0.29354580310411427, 0.05031245583396838]",0.9206856058915414,1.2094157337456577,114.38836411795208
2026-06-01,BE0000359688,BGB 3.45 06/22/43,2043-06-22,-0.320309063080785,NO ACTION,-0.4137788370547886,0.9882806153724373,-0.757502152773382,0.08157942280983668,-0.688659388802254,82.736,-0.5457390450882335,-0.14292034371402051,-26.188403117111264,-0.201478537080723,-0.21230029997406558,-105.37116881680053,-0.664419355790541,-0.09308279698284094,-14.009645379930932,0.08157942280983668,0.0,0.0,84.476,-1.7399999999999949,-2.0597566170202417,0.34471826778379344,-1.0333776565860475,-299.7745472707948,0.07155302790067457,-0.48533186495546315,-678.2826826013599,0.5858421892380125,-1.3433443420113944,-229.30139613681675,0.08157942280983668,0.0,0.0,83.95,-1.2139999999999986,-1.4460988682017735,-0.5770894558521343,-0.11156993295011963,-19.333212534970585,-0.2508200022278033,-0.16295883482698525,-64.97042774999167,-0.6886077455419973,-0.06889440723138462,-10.004884010805021,0.08157942280983668,0.0,0.0,77.58,5.156000000000006,6.646042793678013,-0.4509778117299847,-0.23768157707226928,-52.70360661207351,-0.06136296317449155,-0.35241587388029705,-574.3135569363113,-0.5986547561787539,-0.1588473965946281,-26.53405695047911,0.08157942280983668,0.0,0.0,98.029,-15.292999999999992,-15.600485569005034,-0.41754450277421573,-0.27111488602803824,-64.93077450035649,-0.011191204702660312,-0.40258763235212824,-3597.3542019207925,-0.5748914020299588,-0.18261075074342314,-31.764390095621554,0.08157942280983668,0.0,0.0,99.513,-16.777,-16.8591038339856,34.285714285714285,-0.677984178216816,28.57142857142857,-0.4007056202159828,34.285714285714285,-0.7776026815494942,51.42857142857142,0.04399124708884583,71.42857142857143,0.6294265299739079,BGB 3.45 06/22/43,100.0,0.0,100.0,0.0,100.0,0.0,100.0,0.0,100.0,0.0,0.9892358196400991,-0.0009552042676618244,falling,54.285714285714285,100.0,-1.0,-1.0,1.0,1,0,0.7865915370705655,0.5324212465832722,0.8757420237925853,0.10518634044262022,Below Median,Top Decile,Above Median,Top Decile,Tight,11.589083251826793,"['GREEN_BOND_LOAN_INDICATOR', 'Cpn', 'YAS_RISK']","[0.48101083962430263, 0.1922002567964303, 0.15093464182243416]",0.8241457382431672,0.0446334895151506,82.85948688380343
2026-06-01,BE0000360694,BGB 2.85 10/22/34,2034-10-22,1.130353318044527,NO ACTION,0.08915219900155733,0.9867646526332726,0.6212553828597533,-0.22114880807727683,0.34970536904010846,37.693,0.4889560079837442,-0.13925063894363576,-28.479174776874366,0.2943581590666541,-0.20520596006509675,-69.7130168718471,0.7160383222532398,-0.09478293939348648,-13.237132025491169,-0.22114880807727683,0.0,0.0,38.36,-0.6670000000000016,-1.7387904062203405,0.5713464673848808,-0.22164109834477236,-38.79276535653977,0.41615865602198404,-0.32700645702042674,-78.57735131320136,0.7679699449784114,-0.14671456211865808,-19.104205987170733,-0.22114880807727683,0.0,0.0,39.056,-1.3629999999999995,-3.4898607119290594,0.7042094143422719,-0.35450404530216345,-50.34071301065992,0.6200291533297388,-0.5308769543281815,-85.62128779188646,0.8573047007377838,-0.2360493178780304,-27.533887883911174,-0.22114880807727683,0.0,0.0,35.664,2.0289999999999964,5.689210406659587,0.8774057684060336,-0.527700399365925,-60.143255532757976,0.8756986958425895,-0.7865464968410322,-89.81930561199403,0.9692822622389349,-0.34802687937918153,-35.905627219950894,-0.22114880807727683,0.0,0.0,54.508,-16.815000000000005,-30.84868275650388,0.5407754002099325,-0.19107003116982407,-35.332603436175,0.37021181253221863,-0.28105961353066133,-75.91859482180675,0.7473363984492138,-0.1260810155894605,-16.870717680018995,-0.22114880807727683,0.0,0.0,61.69,-23.997,-38.899335380304855,57.14285714285714,0.3285187412388227,57.14285714285714,0.0863354623180198,60.0,0.5872287084108582,34.285714285714285,-0.27312655195807295,42.857142857142854,-0.39668616382482624,BGB 2.85 10/22/34,100.0,0.0,100.0,0.0,100.0,0.0,100.0,0.0,100.0,0.0,0.9953512262664194,-0.008586573633146743,falling,40.0,100.0,1.0,1.0,1.0,1,1,0.39943590144543156,0.11471472360913433,0.7182282509504646,0.2851433978531564,Above Median,Top Decile,Below Median,Top Decile,Very Tight,7.053336282621814,"['GREEN_BOND_LOAN_INDICATOR', 'REL_SPRD_LOG', 'Issue_Age']","[0.29214104909317484, 0.2597081666974163, 0.24562933927007635]",0.7974785550606676,-0.2771140147154605,37.350580893263086
2026-06-01,BE0000361700,BGB 3 1/2 06/22/55,2055-06-22,0.7329890544803987,NO ACTION,0.34771967007722854,0.9876646247005187,0.8970068899863803,0.6860074971709498,0.6949181895146572,118.413,0.7048128685758109,-0.00989467906115371,-1.4038731927185437,0.3619936008025463,-0.01427393072531774,-3.9431443813807054,0.9029573884236397,-0.005950498437259366,-0.6590010168417243,0.6860074971709498,0.0,0.0,119.919,-1.5060000000000002,-1.2558476970908827,0.8862568436241662,-0.191338654109509,-21.589526030413044,0.6321456923809783,-0.28442602230374975,-44.99374451688249,1.0215809611664053,-0.12457407118002495,-12.1942435006195,0.6860074971709498,0.0,0.0,118.027,0.3859999999999957,0.3270438119814037,0.9043623089313498,-0.2094441194166926,-23.159315136458215,0.6606283952063275,-0.312908725129099,-47.36531500357925,1.035723054854956,-0.13871616486857574,-13.393171357828335,0.6860074971709498,0.0,0.0,110.78,7.632999999999996,6.890232893402214,1.0480542434517917,-0.35313605393713443,-33.69444403990275,0.8730545648667016,-0.5253348947894732,-60.172056812104955,1.1276853034307808,-0.23067841344440043,-20.4559206985327,0.6860074971709498,0.0,0.0,132.792,-14.379000000000005,-10.828212542108849,1.2077112581552345,-0.5127930686405773,-42.45990595284111,1.1255878876567742,-0.7778682175795457,-69.10772754388137,1.2085579867371679,-0.3115510967507875,-25.778746042134905,0.6860074971709498,0.0,0.0,139.618,-21.205,-15.187869757825789,68.57142857142857,0.6631388340500787,65.71428571428571,0.336733572580329,77.14285714285715,0.8601949864029286,74.28571428571429,0.6771495754742766,91.42857142857143,1.4421748499494296,BGB 3 1/2,100.0,0.0,100.0,0.0,100.0,0.0,100.0,0.0,100.0,0.0,0.9921648570177738,-0.0045002323172550485,falling,45.714285714285715,100.0,1.0,1.0,1.0,1,1,0.7937403827156531,0.44742099794612883,1.0370223058990746,0.8845198416249718,Above Median,Top Decile,Top Decile,Top Decile,Moderate,14.662339797052226,"['GREEN_BOND_LOAN_INDICATOR', 'REL_SPRD_LOG', 'Issue_Age']","[0.4574280971296503, 0.3165473731699023, 0.1034140441596616]",0.8773895144592142,0.6870355008595134,118.23674260723966
2026-06-01,BE0000362716,BGB 2.7 10/22/29,2029-10-22,-0.1461865128520453,NO ACTION,0.0,0.9831368677037386,-0.008763299085129173,1.1814982538912613,0.32725413592102354,0.638,0.32938313085692705,-0.0021289949359035165,-0.6463581986511812,0.0,0.0,0.0,-0.008763299085129173,0.0,0.0,1.1814982538912613,0.0,0.0,-1.983,2.621,132.17347386700214,0.3273819386500378,-0.00012780272901424805,-0.03903780570103015,0.0,0.0,0.0,-0.008763299085129173,0.0,0.0,1.1814982538912613,0.0,0.0,1.278,-0.64,-50.07824686949729,0.32914032512339325,-0.0018861892023697147,-0.5730653466286928,0.0,0.0,0.0,-0.008763299085129173,0.0,0.0,1.1814982538912613,0.0,0.0,1.362,-0.7240000000000001,-53.15712148930161,0.3279459954172543,-0.0006918594962307401,-0.21096750221136834,0.0,0.0,0.0,-0.008763299085129173,0.0,0.0,1.1814982538912613,0.0,0.0,13.757,-13.119,-95.36236091054565,0.3272547646590748,-6.287380512892682e-07,-0.0001921249436144272,0.0,0.0,0.0,-0.008763299085129173,0.0,0.0,1.1814982538912613,0.0,0.0,24.843,-24.205,-97.43187211792784,54.285714285714285,0.30675641590076586,47.14285714285714,1.843107197045592e-17,47.14285714285714,-0.03642646746817344,94.28571428571428,1.1961924733196063,11.428571428571429,-1.2408263380741456,BGB 2.7 10/22/29,100.0,0.0,100.0,0.0,100.0,0.0,100.0,0.0,100.0,0.0,0.9838484920847768,-0.0007116243810381118,falling,22.857142857142858,100.0,1.0,1.0,1.0,1,1,0.37379194703861585,0.0,0.010131178172646912,1.5233924595894839,Above Median,Top Decile,Bottom Quartile,Top Decile,Very Tight,3.1828618583091384,"['Cpn', 'Issue_Age', 'GREEN_BOND_LOAN_INDICATOR']","[0.5097377213935451, 0.2635675373938771, 0.14773179635861705]",0.9210370551460394,1.2136560736317483,0.1523733811559128
2026-06-01,BE0000363722,BGB 3.1 06/22/35,2035-06-22,3.013593741646005,MODERATE BUY,1.7155834871164457,0.993744299635779,1.515472331458922,-0.08189596420424985,1.4949041402530814,43.83,1.4758327754709661,0.01907136478211524,1.2922442819990076,1.6875817864892977,0.02800170062714802,1.6592796085736636,1.5103719042269854,0.0051004272319365995,0.3376934637020856,-0.08189596420424985,0.0,0.0,44.393,-0.5630000000000024,-1.268217962005678,1.295574224177002,0.1993299160760793,15.385449233073182,1.3847589268502205,0.3308245602662252,23.89040803150333,1.4525670622650386,0.0629052691938834,4.330627507326943,-0.08189596420424985,0.0,0.0,45.544,-1.7139999999999986,-3.7633936404875707,1.2945427657355326,0.20036137451754876,15.47738539606832,1.387206474468869,0.3283770126475767,23.671819323516573,1.453146656268668,0.062325675190254115,4.289014773043625,-0.08189596420424985,0.0,0.0,41.453,2.3769999999999953,5.734205001873386,1.3209136169755915,0.17399052327748987,13.171983370015228,1.4265465176907726,0.28903696942567314,20.26130685646495,1.461840566323105,0.05363176513581691,3.6687834504302943,-0.08189596420424985,0.0,0.0,60.057,-16.227000000000004,-27.01933163044786,,,,,,,,,,,,,,,,97.14285714285714,1.438577511894687,97.14285714285714,1.6613801472554994,97.14285714285714,1.4724136153584504,45.714285714285715,-0.12725460856305637,48.57142857142857,-0.2568807866997939,BGB 3.1 06/22/35,100.0,0.0,100.0,0.0,100.0,0.0,100.0,0.0,100.0,0.0,0.9811618232867011,0.012582476349077942,rising,94.28571428571428,100.0,1.0,1.0,1.0,1,1,1.7074898920640038,2.2074910967649846,1.7520251285022348,0.10559448050699086,Top Decile,Top Decile,Below Median,Top Decile,Very Tight,7.547180039374979,"['Cpn', 'REL_SPRD_LOG', 'GREEN_BOND_LOAN_INDICATOR']","[0.3327204645912909, 0.316886307170945, 0.16013849884512535]",0.8097452706073612,-0.1291124396992581,43.51748435787246
2026-06-01,BE0000364738,BGB 3.45 06/22/42,2042-06-22,1.831331746763368,WEAK BUY,0.7196359660942124,0.9849792835213825,1.043373695702861,0.2595263710575069,0.8620343052368081,80.487,0.6838705739212735,0.17816373131553465,26.05225835185867,0.4532960825430621,0.26633988355115035,58.75627165831981,0.925175158562757,0.11819853714010398,12.775800859822391,0.2595263710575069,0.0,0.0,81.378,-0.8910000000000053,-1.094890510814368,0.6633936018480935,0.19864070338871465,29.943113687112227,0.4234135922832499,0.29622237381096256,69.96052375587108,0.912424090482916,0.13094960521994503,14.351835418489904,0.2595263710575069,0.0,0.0,80.289,0.1979999999999933,0.24660912450688438,0.6575406454171601,0.20449365981964807,31.09977430823836,0.4199465812713502,0.2996893848228622,71.36369030061175,0.9110717044744481,0.1323019912284129,14.521578172880862,0.2595263710575069,0.0,0.0,74.793,5.693999999999988,7.613011911861654,1.187801133629506,-0.3257668283926979,-27.426040978312926,1.223048114360066,-0.5034121482658536,-41.16045298947279,1.2225841616249933,-0.1792104659221323,-14.658333559474713,0.2595263710575069,0.0,0.0,96.002,-15.515,-16.161121641615686,,,,,,,,,,,,,,,,82.85714285714286,0.8251270535963036,80.0,0.6968992860437839,85.71428571428571,1.0050834136479316,54.285714285714285,0.2303965400806969,68.57142857142857,0.5781926546025213,BGB 3.45 06/22/42,100.0,0.0,100.0,0.0,100.0,0.0,100.0,0.0,100.0,0.0,0.9858351120681206,-0.0008558285467380466,falling,34.285714285714285,100.0,1.0,1.0,1.0,1,1,0.9846215708219771,0.9259764972061755,1.2062357691016719,0.334626407979453,Top Quartile,Top Decile,Above Median,Top Decile,Tight,11.186300843472452,"['REL_SPRD_LOG', 'Cpn', 'Issue_Age']","[0.403459623141286, 0.30312827353915583, 0.13323310201591032]",0.8398209986963521,0.2337601735920363,80.49663483220078
2026-06-01,BE0000365743,BGB 2.6 10/22/30,2030-10-22,1.3900779193444155,NO ACTION,0.0,0.978962471129112,-0.008763299085129173,-0.1130485895292709,0.11431567500701573,9.873,0.11623271477902294,-0.0019170397720072174,-1.6493115649244372,0.0,0.0,0.0,-0.008763299085129173,0.0,0.0,-0.1130485895292709,0.0,0.0,8.51,1.3629999999999995,16.01645121502179,0.11623466427292564,-0.001918989265909915,-1.6509611077018367,0.0,0.0,0.0,-0.008763299085129173,0.0,0.0,-0.1130485895292709,0.0,0.0,11.0,-1.1270000000000007,-10.245454536140501,0.1163733073974387,-0.0020576323904229754,-1.7681307334358611,0.0,0.0,0.0,-0.008763299085129173,0.0,0.0,-0.1130485895292709,0.0,0.0,8.953,0.9199999999999999,10.275885166674986,0.9224729743026133,-0.8081572992955977,-87.60769291325772,0.9685044972318899,-0.9685044972318899,-99.99999896748028,0.954483295346271,-0.9632465944314001,-100.91811863403414,-0.1130485895292709,0.0,0.0,24.449,-14.576000000000002,-59.617980261107625,,,,,,,,,,,,,,,,48.57142857142857,0.10035189287006764,47.14285714285714,1.843107197045592e-17,47.14285714285714,-0.03642646746817344,42.857142857142854,-0.1598880103064433,17.142857142857142,-1.0304462406731885,BGB 2.6 10/22/30,100.0,0.0,100.0,0.0,100.0,0.0,100.0,0.0,100.0,0.0,0.9896476854363849,-0.010685214307272872,falling,11.428571428571429,100.0,1.0,1.0,1.0,1,1,0.13057215798861033,0.0,0.010131178172646912,0.14576184796627548,Below Median,Top Decile,Bottom Quartile,Top Decile,Very Tight,4.030374762699296,"['Cpn', 'Issue_Age', 'GREEN_BOND_LOAN_INDICATOR']","[0.45219300758154485, 0.23400831273606468, 0.1207997306187826]",0.8070010509363921,-0.1622222670159397,9.402404014489717
2026-06-01,BE0000366758,BGB 3.4 06/22/36,2036-06-22,3.276630393062049,MODERATE BUY,1.4809725577741173,0.9880888828221842,1.174516498924016,0.7549999583917582,1.4010222854530756,50.28,1.5532518208975319,-0.15222953544445628,-9.80069892185428,1.7384321421592361,-0.25745958438511884,-14.809872451181874,1.220613542012654,-0.046097043088638046,-3.7765468860008333,0.7549999583917582,0.0,0.0,51.47,-1.1899999999999977,-2.3120264227099185,1.6798502122444414,-0.2788279267913658,-16.598380206708242,1.9565452700534711,-0.4755727122793538,-24.30675727915465,1.249825079795563,-0.07530858087154702,-6.025529611016644,0.7549999583917582,0.0,0.0,51.902,-1.6219999999999999,-3.125120418649547,1.6163418284244322,-0.21531954297135658,-13.321411217149738,1.848853425536148,-0.36788086776203066,-19.89778425326338,1.236223940510399,-0.06170744158638297,-4.991607027262808,0.7549999583917582,0.0,0.0,48.074,2.206000000000003,4.588758995592477,,,,,,,,,,,,,,,,,,,,,,,,,,,,,,,94.28571428571428,1.3475763870717843,94.28571428571428,1.4341816790575768,91.42857142857143,1.1349016084920551,77.14285714285715,0.749421452428267,51.42857142857142,-0.10994503919181628,BGB 3.4 06/22/36,100.0,0.0,100.0,0.0,100.0,0.0,100.0,0.0,100.0,0.0,0.9884113261794145,-0.0003224433572303065,falling,51.42857142857142,100.0,1.0,1.0,1.0,1,1,1.6002573854418123,1.9056104004210028,1.3578488879268078,0.9734768881937198,Top Decile,Top Decile,Above Median,Top Decile,Tight,8.273951003977231,"['REL_SPRD_LOG', 'Cpn', 'GREEN_BOND_LOAN_INDICATOR']","[0.5272558941887924, 0.18430214649657886, 0.17190898625490683]",0.883467026940278,0.7603624982904201,50.08167876185045
2026-06-01,BE0000367764,BGB 4.35 06/22/56,2056-06-22,1.995521241571225,NO ACTION,0.7534144514341572,0.9885512873997028,0.6827696264449268,-0.20497909162591166,0.7263292503164891,121.118,0.7603273717236808,-0.03399812140719172,-4.471510854984223,0.8036747830808981,-0.05026033164674093,-6.253814612508533,0.7049487569838021,-0.022179130538875325,-3.1462046006224083,-0.20497909162591166,0.0,0.0,122.705,-1.5870000000000033,-1.2933458293229034,0.9013237882729337,-0.1749945379564446,-19.415279868539955,1.0200320189750056,-0.2666175675408484,-26.138156446789523,0.7843917750812373,-0.10162214863631047,-12.95553453887661,-0.20497909162591166,0.0,0.0,120.605,0.512999999999991,0.4253554993221305,,,,,,,,,,,,,,,,,,,,,,,,,,,,,,,,,,,,,,,,,,,,,,74.28571428571429,0.6935860580736832,82.85714285714286,0.729610550385964,62.857142857142854,0.6481216271474064,37.142857142857146,-0.25618824106039595,94.28571428571428,1.503796740958589,BGB 4.35 06/22/56,100.0,0.0,100.0,0.0,100.0,0.0,100.0,0.0,100.0,0.0,0.9937236470623882,-0.005172359662685477,falling,60.0,100.0,1.0,1.0,1.0,1,1,0.8296183145334455,0.9694402552862119,0.789344363257364,0.2642945950431805,Above Median,Top Decile,Top Decile,Top Decile,Moderate,16.465889755745877,"['GREEN_BOND_LOAN_INDICATOR', 'REL_SPRD_LOG', 'Cpn']","[0.3925224930920634, 0.28694244685642634, 0.11943799759990961]",0.7989029375483994,-0.2599284159455743,120.92625964180996
2026-06-01,BE0000368770,BGB 3.1 08/22/31,2031-08-22,1.789829567852518,WEAK BUY,1.2879250406363614,0.982415375471071,0.8665395651956084,0.42991899718956195,1.1454270377444578,16.474,0.9270255718067227,0.21840146593773502,23.55937853538867,1.220980897377904,0.06694414325845743,5.482816549705282,0.8468333690722173,0.019706196123391084,2.3270452736500546,0.42991899718956195,0.0,0.0,15.433,1.0410000000000004,6.745286070922515,,,,,,,,,,,,,,,,,,,,,,,,,,,,,,,,,,,,,,,,,,,,,,,,,,,,,,,,,,,,,91.42857142857143,1.0998239849657354,91.42857142857143,1.2472334396636962,71.42857142857143,0.8300353969407628,68.57142857142857,0.40888843168419625,28.57142857142857,-0.8800706020220009,BGB 3.1 08/22/31,100.0,0.0,100.0,0.0,100.0,0.0,100.0,0.0,100.0,0.0,,,stable,20.0,100.0,1.0,1.0,,1,0,1.3083147182362915,1.657210553643242,1.0017992816817443,0.5543261332768148,Top Decile,Top Decile,Below Median,Top Decile,Very Tight,4.7738972420035,"['REL_SPRD_LOG', 'GREEN_BOND_LOAN_INDICATOR', 'Issue_Age']","[0.6058395546642336, 0.1501351311008555, 0.09885611680946518]",0.8548308025745542,0.4148579259775143,16.030525096991116
